usuario_id,idade,sexo,estado_civil,dependentes,cidade,estado,profissao,escolaridade,renda_mensal_x,outras_rendas,nivel_endividamento,score_credito,saldo_medio_conta,limite_cartao,frequencia_poupanca,percentual_renda_investida,tempo_emprego_anos,possui_financiamento,possui_imovel,possui_veiculo,perfil_financeiro,gasto_total,receita_total,numero_transacoes,ticket_medio,maior_despesa,menor_despesa,saldo,renda_mensal_y,razao_gasto_renda,gasto_alimentação,gasto_compras,gasto_educação,gasto_impostos,gasto_investimentos,gasto_lazer,gasto_moradia,gasto_outros,gasto_pets,gasto_saúde,gasto_serviços,gasto_transporte,perc_total,perc_alimentação,perc_compras,perc_educação,perc_impostos,perc_investimentos,perc_lazer,perc_moradia,perc_outros,perc_pets,perc_saúde,perc_serviços,perc_transporte,qtd_recorrentes,qtd_parceladas,perc_boleto,perc_cartão de crédito,perc_cartão de débito,perc_dinheiro,perc_débito automático,perc_pix,perc_transferência bancária
1,40,Masculino,Divorciado,2,Belo Horizonte,MG,Analista de TI,Médio,9214.53,1013.56,27.98,562,3401.85,6849.44,Sempre,7.9,0.9,0,0,0,Em observação,32554.54,38871.09,44,856.6984210526316,3992.34,18.26,6316.549999999996,9214.53,3.5329571882667916,4739.57,2515.58,0.0,2787.53,910.31,4245.62,10235.24,0.0,0.0,4543.25,919.0799999999999,1658.36,1.0,0.14558860300283769,0.0772727859155743,0.0,0.08562645947385526,0.027962612895159937,0.13041560409085798,0.3144028451945566,0.0,0.0,0.13955810771708033,0.028232006964312807,0.0509409747457651,7,3,0.09090909090909091,0.29545454545454547,0.22727272727272727,0.022727272727272728,0.022727272727272728,0.20454545454545456,0.13636363636363635
2,41,Masculino,Solteiro,2,Duque de Caxias,RJ,Recepcionista,Fundamental,1812.22,0.0,59.68,397,299.94,1343.19,Nunca,1.35,0.5,0,0,1,Em risco,29777.21,8286.16,33,1063.4717857142857,4580.12,14.56,-21491.05,1812.22,16.431343876571276,2430.11,5415.849999999999,4708.76,3310.95,0.0,5915.469999999999,6461.76,757.38,0.0,348.56,396.68,31.689999999999998,1.0,0.08160972770786787,0.18187902761877286,0.15813301514816197,0.11119073949507022,0.0,0.1986576311212501,0.21700354062721122,0.025434887956259165,0.0,0.011705596326855337,0.013321597288664722,0.0010642367098865205,7,1,0.15151515151515152,0.3939393939393939,0.06060606060606061,0.030303030303030304,0.030303030303030304,0.21212121212121213,0.12121212121212122
3,40,Feminino,Casado,0,Guarulhos,SP,Analista de TI,Superior,7668.81,691.22,35.69,550,3406.79,11308.24,Às vezes,9.13,0.6,1,0,1,Em observação,48027.840000000004,45707.38,54,1067.2853333333335,5962.67,67.11,-2320.4600000000064,7668.81,6.262750022493711,5400.1900000000005,6727.96,0.0,0.0,0.0,3502.31,23961.17,0.0,0.0,5465.49,2389.2,581.52,1.0,0.11243874386189344,0.14008458427445414,0.0,0.0,0.0,0.07292249661862786,0.49890167869302465,0.0,0.0,0.11379837194427231,0.049746147234603924,0.012107977373123587,12,0,0.07407407407407407,0.24074074074074073,0.16666666666666666,0.12962962962962962,0.07407407407407407,0.16666666666666666,0.14814814814814814
4,38,Masculino,Divorciado,4,Cuiabá,MT,Analista de TI,Superior,7828.2,0.0,49.59,558,2848.93,9317.56,Frequentemente,10.23,16.1,0,0,1,Em observação,12861.67,34215.9,25,676.93,4601.14,43.9,21354.230000000003,7828.2,1.642992003270228,3121.62,353.87,0.0,4601.14,0.0,954.07,899.66,68.85,0.0,2241.96,403.66999999999996,216.82999999999998,1.0,0.24270720676241886,0.027513534401053672,0.0,0.35774048004652587,0.0,0.0741793250798691,0.06994892576158461,0.005353115108691173,0.0,0.17431328902078813,0.03138550437073879,0.016858619448329802,3,2,0.04,0.28,0.2,0.0,0.08,0.16,0.24
5,27,Feminino,Solteiro,0,Maceió,AL,Empresário,Superior,21743.69,0.0,17.56,700,45557.9,35583.72,Sempre,12.76,0.9,0,1,0,Saudável,38460.590000000004,133331.62,49,986.1689743589744,4878.35,35.16,94871.03,21743.69,1.7688161485010137,6038.12,3869.51,0.0,0.0,6093.71,35.91,19247.55,1139.41,0.0,136.64,585.21,1314.53,1.0,0.1569949914964903,0.10060974103621395,0.0,0.0,0.15844036713945364,0.000933683024623387,0.5004486410634885,0.02962539056213126,0.0,0.0035527276102628683,0.015215835222496586,0.03417862284483935,14,0,0.04081632653061224,0.1836734693877551,0.14285714285714285,0.0,0.10204081632653061,0.3469387755102041,0.1836734693877551
6,37,Masculino,Solteiro,4,São Paulo,SP,Jornalista,Pós-graduação,6253.23,2081.2,16.72,935,10805.05,10388.74,Às vezes,29.73,3.7,0,0,1,Saudável,35611.37,59252.56,56,828.1713953488372,4988.2,18.97,23641.189999999995,6253.23,5.694876088037703,3456.31,2794.6400000000003,3393.19,0.0,10694.31,5540.0599999999995,5011.05,0.0,0.0,2539.63,935.75,1246.43,1.0,0.09705636149353422,0.07847605975282614,0.09528389387996024,0.0,0.3003060539372677,0.1555699766675643,0.14071488965462434,0.0,0.0,0.07131514457320794,0.026276720047557843,0.035000899993457145,13,0,0.017857142857142856,0.10714285714285714,0.19642857142857142,0.03571428571428571,0.10714285714285714,0.30357142857142855,0.23214285714285715
7,55,Masculino,Solteiro,2,Juiz de Fora,MG,Engenheiro de Produção,Superior,12094.59,1416.82,8.0,1000,22691.74,16726.5,Sempre,25.63,4.5,0,0,0,Saudável,55551.88,72523.47,48,1388.797,4831.76,15.98,16971.590000000004,12094.59,4.593118080067203,2335.75,3846.74,3812.57,1100.04,17027.85,4632.32,15045.52,0.0,0.0,4860.57,1159.1399999999999,1731.38,1.0,0.0420462817820027,0.06924590130883058,0.06863080061376861,0.01980203010231157,0.3065215794676976,0.08338727690223985,0.2708372785943518,0.0,0.0,0.08749604873858455,0.020865900487976284,0.03116690200223647,14,0,0.10416666666666667,0.1875,0.1875,0.020833333333333332,0.16666666666666666,0.20833333333333334,0.125
8,41,Masculino,Casado,0,Anápolis,GO,Médico,Pós-graduação,14309.89,0.0,79.01,324,1872.52,7113.63,Nunca,0.22,5.5,1,0,1,Em risco,40994.2,64585.64,48,1024.855,4509.68,80.73,23591.440000000002,14309.89,2.864745990360513,3573.18,18158.77,2626.11,0.0,0.0,1952.39,8888.99,497.52,909.4,2162.85,762.8699999999999,1462.12,1.0,0.08716306209171054,0.44295949183055167,0.06406052563533379,0.0,0.0,0.04762600563006475,0.2168353084094823,0.012136350995994557,0.022183625976357632,0.05275990262037069,0.018609217889359958,0.03566650892077416,8,4,0.1875,0.2916666666666667,0.10416666666666667,0.020833333333333332,0.125,0.14583333333333334,0.125
9,68,Masculino,Solteiro,2,Salvador,BA,Gerente Comercial,Superior,11927.26,0.0,35.22,625,6423.84,14602.51,Frequentemente,4.92,24.8,0,0,1,Em observação,30625.55,79938.42,48,785.2705128205127,4114.51,13.55,49312.869999999995,11927.26,2.5676936697950743,6212.21,1286.17,4398.4400000000005,124.78,3201.31,1682.24,10754.58,178.59,0.0,934.06,793.03,1060.1399999999999,1.0,0.20284403055618594,0.04199663352984682,0.1436199513151601,0.004074375807128362,0.10453069414263581,0.05492929922891181,0.3511636525711375,0.0058314054767996,0.0,0.030499370623547985,0.025894392100713294,0.03461619464793285,11,1,0.125,0.3125,0.125,0.0,0.0,0.2916666666666667,0.14583333333333334
10,50,Masculino,Solteiro,3,Belo Horizonte,MG,Cabeleireiro,Médio,4618.06,0.0,53.79,567,2350.27,3125.67,Frequentemente,3.5,16.7,0,1,1,Em observação,35475.45,32731.22,50,844.6535714285714,4982.82,11.49,-2744.229999999996,4618.06,7.6818945617856835,7273.55,1166.96,6352.46,4365.280000000001,2180.76,795.13,8970.73,739.9,396.37,1355.19,780.38,1098.74,1.0,0.20503052110684997,0.03289486109408056,0.17906636843225388,0.12305072944811132,0.06147237032934044,0.02241352822867645,0.2528714928210918,0.020856676941377772,0.01117307884748467,0.03820078392240268,0.021997747738224604,0.030971841090105978,12,0,0.1,0.16,0.16,0.1,0.02,0.32,0.14
11,40,Masculino,Solteiro,1,Palmas,TO,Motoboy,Médio,3367.48,0.0,12.33,802,7658.53,7686.38,Sempre,21.31,14.6,0,0,1,Saudável,37014.54,23241.75,36,1233.818,4580.27,50.29,-13772.79,3367.48,10.991762386116621,3613.9300000000003,3612.3599999999997,6973.58,0.0,10361.22,226.88,8036.280000000001,1210.1399999999999,132.36,916.69,974.93,956.17,1.0,0.09763541570420706,0.09759299994002356,0.18840109859530876,0.0,0.2799229708109299,0.006129483170667527,0.21711143782956646,0.032693638770061706,0.0035758920683601637,0.024765673165194003,0.026339108901528966,0.025832281044151837,7,0,0.027777777777777776,0.2222222222222222,0.16666666666666666,0.0,0.1111111111111111,0.3055555555555556,0.16666666666666666
12,40,Feminino,Solteiro,2,Guarulhos,SP,Recepcionista,Médio,1570.72,0.0,79.9,300,165.29,285.9,Às vezes,1.57,14.8,0,0,0,Em risco,25398.71,18841.760000000002,28,1209.462380952381,5418.51,15.48,-6556.949999999997,1570.72,16.170106702658654,2239.79,2182.3399999999997,0.0,0.0,1688.01,2465.8,14150.6,0.0,471.32,1161.09,838.76,201.0,1.0,0.08818518735794062,0.0859232614569795,0.0,0.0,0.06646046196834407,0.09708367078485483,0.5571385318388218,0.0,0.01855684796590063,0.045714526446421884,0.033023724433248774,0.007913787747487962,6,3,0.14285714285714285,0.2857142857142857,0.07142857142857142,0.0,0.10714285714285714,0.14285714285714285,0.25
13,36,Masculino,Casado,1,Niterói,RJ,Veterinário,Superior,4267.14,0.0,55.0,332,634.53,2712.1,Nunca,0.66,8.1,1,0,0,Em risco,22860.510000000002,27659.37,34,846.6855555555557,3762.16,19.99,4798.859999999997,4267.14,5.357337701598729,186.99,5675.97,3100.57,0.0,0.0,2761.5,8851.39,289.25,0.0,1167.89,806.96,19.99,1.0,0.008179607541564033,0.24828711170485696,0.13562995751188403,0.0,0.0,0.12079782996967259,0.387191274385392,0.012652823580926233,0.0,0.051087661648843354,0.035299299971872894,0.0008744336849877801,9,5,0.058823529411764705,0.5,0.029411764705882353,0.029411764705882353,0.08823529411764706,0.14705882352941177,0.14705882352941177
14,35,Masculino,Casado,1,Feira de Santana,BA,Aposentado,Médio,5144.59,680.45,3.97,825,13206.26,8539.55,Frequentemente,21.46,11.7,1,0,0,Saudável,47649.67,45700.31,49,1323.6019444444444,5472.35,48.08,-1949.3600000000006,5144.59,9.262092800398088,1479.0100000000002,3103.63,1095.07,0.0,12643.08,3187.93,23000.63,796.17,48.08,0.0,1422.25,873.8199999999999,1.0,0.031039249589766314,0.06513434405736704,0.022981691163863255,0.0,0.2653340516314174,0.06690350636216368,0.48270281829863676,0.01670882505587132,0.0010090311223561463,0.0,0.029848055610878315,0.018338427107679862,13,0,0.061224489795918366,0.14285714285714285,0.16326530612244897,0.0,0.12244897959183673,0.2857142857142857,0.22448979591836735
15,44,Feminino,Viúvo,2,Goiânia,GO,Designer Gráfico,Superior,8168.45,2478.59,11.8,887,7259.62,10333.52,Sempre,27.97,21.5,0,1,1,Saudável,39289.96,45986.82,53,892.9536363636363,4453.5,12.77,6696.860000000001,8168.45,4.809965170870851,2824.72,378.43,3517.2700000000004,3084.7999999999997,16178.08,3616.34,1484.29,0.0,486.08,5701.639999999999,1325.05,693.26,1.0,0.07189419383476084,0.009631722709822052,0.08952083433019531,0.07851369662885888,0.4117611725743676,0.09204234364198895,0.03777784451803972,0.0,0.012371608421082638,0.14511697135858626,0.033724900712548446,0.01764471126974932,8,0,0.11320754716981132,0.24528301886792453,0.18867924528301888,0.0,0.09433962264150944,0.22641509433962265,0.1320754716981132
16,42,Feminino,Solteiro,1,Rio de Janeiro,RJ,Eletricista,Médio,4183.92,0.0,6.7,700,9851.58,7617.76,Frequentemente,23.39,1.8,1,0,0,Saudável,22082.7,16981.6,32,817.8777777777779,4520.11,29.24,-5101.100000000002,4183.92,5.27799288705329,1079.13,3884.1800000000003,371.41,1273.89,6429.329999999999,581.73,3138.12,604.22,0.0,3105.45,297.12,1318.12,1.0,0.048867665638712664,0.17589244068886506,0.016819048395350207,0.05768723933214689,0.29114782159790237,0.026343246070453342,0.14210762270917957,0.027361690373006925,0.0,0.14062818405358038,0.01345487644173946,0.05969016469906306,6,0,0.09375,0.125,0.21875,0.0625,0.03125,0.34375,0.125
17,18,Masculino,Viúvo,0,Pelotas,RS,Engenheiro Civil,Superior,12133.27,2355.7,17.32,806,33617.14,18017.8,Frequentemente,17.58,0.0,0,0,1,Saudável,22658.239999999998,31466.28,24,1132.9119999999998,5827.26,18.69,8808.04,12133.27,1.8674471103008503,2712.25,0.0,0.0,0.0,814.97,50.82000000000001,18316.0,384.72,0.0,104.83,0.0,274.65,1.0,0.11970258943324813,0.0,0.0,0.0,0.03596793043060715,0.0022428926518564553,0.8083593430028105,0.016979253463640605,0.0,0.0046265729377039,0.0,0.01212141808013332,7,0,0.08333333333333333,0.041666666666666664,0.2916666666666667,0.0,0.041666666666666664,0.375,0.16666666666666666
18,40,Feminino,Solteiro,0,Teresina,PI,Vendedor,Médio,2728.23,0.0,25.0,529,1124.43,3433.24,Frequentemente,5.16,3.9,1,1,0,Em observação,25196.04,23276.18,40,812.7754838709677,4478.67,74.02,-1919.8600000000006,2728.23,9.235306407450985,4473.42,4692.4400000000005,0.0,4478.67,0.0,2005.6,4141.07,421.57,295.16,2949.73,551.63,1186.75,1.0,0.17754456652712092,0.18623720235402072,0.0,0.17775293260369487,0.0,0.07959981012889326,0.1643540016605784,0.016731597505004754,0.011714539268869235,0.11707117467665554,0.021893519775329773,0.047100655499832514,8,2,0.075,0.3,0.225,0.025,0.025,0.175,0.175
19,59,Masculino,Casado,2,Santos,SP,Vendedor,Superior,3236.93,0.0,43.22,596,1778.74,3229.0,Às vezes,8.85,25.6,0,1,1,Em observação,33736.17,34308.61,50,865.03,4359.79,16.57,572.4400000000023,3236.93,10.422273574034657,2581.01,3593.0099999999998,4836.06,8355.43,3096.67,1979.5,4912.379999999999,0.0,477.47,868.05,1339.29,1697.3,1.0,0.0765057207145921,0.10650319819943994,0.1433494080685508,0.24766978587077315,0.09179079901482594,0.05867589593009521,0.14561166842590606,0.0,0.014153058868271059,0.025730543805061453,0.03969893440778844,0.050310986694695935,11,1,0.08,0.18,0.24,0.04,0.02,0.28,0.16
20,30,Masculino,Solteiro,4,Rio de Janeiro,RJ,Engenheiro de Produção,Superior,12805.87,1339.95,8.61,885,21719.15,29590.87,Sempre,26.78,12.0,0,0,1,Saudável,47721.869999999995,46824.659999999996,37,1590.7289999999998,5398.12,18.19,-897.2099999999991,12805.87,3.7265621156547732,631.21,3122.37,779.83,0.0,24063.92,1489.6499999999999,14801.14,760.56,0.0,585.82,0.0,1487.37,1.0,0.013226849660333932,0.06542849221960498,0.016341145055715548,0.0,0.5042535005438806,0.031215247851771107,0.3101542332687299,0.015937346964819275,0.0,0.012275713420282988,0.0,0.03116747101486174,9,1,0.02702702702702703,0.13513513513513514,0.08108108108108109,0.0,0.24324324324324326,0.35135135135135137,0.16216216216216217
21,45,Feminino,Solteiro,0,Blumenau,SC,Autônomo,Pós-graduação,6020.59,799.99,30.79,645,2011.01,5301.3,Raramente,8.62,1.1,0,0,0,Em observação,39210.39,37330.71,37,1307.013,4851.42,14.25,-1879.6800000000003,6020.59,6.512715531202091,2040.56,2607.82,9088.16,1624.13,8008.66,864.15,13653.56,0.0,0.0,0.0,236.95,1086.4,1.0,0.052041308438911214,0.06650839229092086,0.23177938296456627,0.041420909100878624,0.20424841476965672,0.022038801450329874,0.3482128078807683,0.0,0.0,0.0,0.006043041142921557,0.02770694196104655,9,1,0.16216216216216217,0.13513513513513514,0.13513513513513514,0.0,0.10810810810810811,0.2972972972972973,0.16216216216216217
22,58,Feminino,Viúvo,3,Uberlândia,MG,Vendedor,Superior,4259.59,0.0,8.79,888,11105.6,6906.18,Frequentemente,10.54,25.7,0,1,0,Saudável,38907.15,45111.61,52,1023.8723684210527,4807.48,59.13,6204.459999999999,4259.59,9.134012897954968,3220.01,1929.3899999999999,0.0,5260.48,1065.41,6371.89,15106.31,1273.43,527.15,2619.9700000000003,656.39,876.72,1.0,0.08276139475649077,0.049589599855039496,0.0,0.13520599684119755,0.02738339868121926,0.16377169749005002,0.3882656529712405,0.03272997379659009,0.013548923526909578,0.06733903665521633,0.01687067801162511,0.022533647414421258,12,1,0.09615384615384616,0.15384615384615385,0.09615384615384616,0.057692307692307696,0.038461538461538464,0.34615384615384615,0.21153846153846154
23,41,Masculino,Solteiro,3,Vitória,ES,Motoboy,Fundamental,3237.29,661.85,9.96,933,3107.0,6416.84,Sempre,10.0,15.8,0,0,0,Saudável,17812.06,16482.32,27,809.639090909091,2954.68,33.17,-1329.7400000000016,3237.29,5.502151490907519,4128.29,6124.98,5828.86,0.0,0.0,77.24000000000001,0.0,0.0,313.28000000000003,768.88,570.53,0.0,1.0,0.23176937423296348,0.34386702043446965,0.3272423290736725,0.0,0.0,0.0043363878181411925,0.0,0.0,0.017588083579327715,0.04316625926479026,0.03203054559663508,0.0,7,0,0.037037037037037035,0.2222222222222222,0.14814814814814814,0.07407407407407407,0.037037037037037035,0.2962962962962963,0.18518518518518517
24,19,Feminino,Solteiro,0,Uberlândia,MG,Funcionário Público,Superior,8556.82,0.0,37.55,574,2026.19,10087.29,Às vezes,9.7,0.3,1,1,0,Em observação,34802.84,59049.49,39,1200.0979310344826,5109.62,34.76,24246.65,8556.82,4.067263305760784,3189.46,3621.96,3347.82,3144.55,2353.3,1049.31,14460.279999999999,676.47,0.0,1487.09,549.35,923.25,1.0,0.0916436704590775,0.1040708172091703,0.09619387383328488,0.09035325852717768,0.06761804496414661,0.03015012567939858,0.4154913794391492,0.019437206848636493,0.0,0.04272898418634801,0.015784631369164127,0.026528007484446673,10,0,0.1282051282051282,0.1794871794871795,0.1282051282051282,0.07692307692307693,0.07692307692307693,0.15384615384615385,0.2564102564102564
25,34,Masculino,Divorciado,1,Belo Horizonte,MG,Advogado,Pós-graduação,16630.31,0.0,58.0,574,4130.34,9359.46,Às vezes,5.41,0.7,0,1,1,Em observação,35433.29,84660.91,42,1042.155588235294,4969.32,22.68,49227.62,16630.31,2.1306451894161924,3530.4100000000003,6905.36,0.0,562.22,4969.32,1301.75,14853.84,0.0,34.94,1340.51,536.94,1398.0,1.0,0.09963539936596348,0.19488339919888895,0.0,0.015866999649199947,0.14024438599971947,0.03673805057334501,0.4192057807784713,0.0,0.000986078346097695,0.03783193714159763,0.015153546283734873,0.03945442266298162,12,0,0.07142857142857142,0.19047619047619047,0.19047619047619047,0.047619047619047616,0.09523809523809523,0.21428571428571427,0.19047619047619047
26,35,Masculino,Solteiro,0,Vitória,ES,Eletricista,Médio,4219.92,0.0,80.38,407,704.64,1976.26,Nunca,1.16,4.4,1,1,0,Em risco,27862.85,44466.7,52,663.4011904761904,5318.19,23.47,16603.85,4219.92,6.602696259644732,2705.03,10943.0,0.0,0.0,0.0,2192.69,6610.76,631.35,48.08,1921.9499999999998,1417.54,1392.45,1.0,0.09708375130325865,0.39274517861597075,0.0,0.0,0.0,0.07869582616279383,0.23726072530268802,0.022659203922068275,0.0017255951921644772,0.06897894508278944,0.05087562830076608,0.04997514611750055,10,8,0.09615384615384616,0.4423076923076923,0.07692307692307693,0.0,0.057692307692307696,0.1346153846153846,0.19230769230769232
27,26,Masculino,União Estável,0,Florianópolis,SC,Funcionário Público,Superior,13695.12,0.0,16.51,926,13554.46,35405.34,Sempre,19.02,6.1,0,1,1,Saudável,59820.72,90800.72,59,1246.265,4838.98,12.23,30980.0,13695.12,4.368031824474703,2411.95,1383.8600000000001,4261.68,1491.1100000000001,23569.31,2338.17,20281.44,12.23,443.71,806.43,1369.29,1451.54,1.0,0.040319641756234294,0.023133456100160616,0.07124086771272563,0.02492631315704659,0.3939991026520577,0.03908628983402406,0.3390370426835384,0.00020444421264070376,0.007417329647653856,0.01348078057235018,0.02288989500627876,0.024264836665289218,14,0,0.0847457627118644,0.0847457627118644,0.1694915254237288,0.01694915254237288,0.06779661016949153,0.3898305084745763,0.1864406779661017
28,40,Feminino,União Estável,2,São Paulo,SP,Recepcionista,Superior,2735.34,0.0,49.46,628,866.08,3327.15,Raramente,2.57,22.0,0,1,0,Em observação,24622.59,41894.44,46,683.9608333333333,3842.88,22.8,17271.850000000002,2735.34,9.001656101252495,4524.81,3872.67,3678.7200000000003,0.0,3842.88,797.63,2463.29,523.17,121.29,2569.26,474.07,1754.8,1.0,0.1837666143163656,0.15728117959970905,0.149404266569845,0.0,0.15607131499976243,0.032394236349628534,0.10004187211824589,0.021247561690301467,0.004925964327879399,0.10434564357364519,0.019253457901869785,0.0712678885527477,11,2,0.043478260869565216,0.2391304347826087,0.1956521739130435,0.043478260869565216,0.021739130434782608,0.2608695652173913,0.1956521739130435
29,50,Masculino,Casado,2,Juazeiro do Norte,CE,Médico,Pós-graduação,26920.7,1952.78,37.73,661,14653.35,36033.72,Às vezes,2.32,27.0,1,1,1,Em observação,28251.04,89198.12,39,856.0921212121212,5188.04,30.53,60947.079999999994,26920.7,1.049416991385811,4368.9,7777.62,2449.38,0.0,4098.54,569.0,6998.719999999999,0.0,390.71,1133.91,0.0,464.26,1.0,0.15464563428461392,0.2753038472211996,0.08670052500722097,0.0,0.14507572110619643,0.020140851451840358,0.24773318079617596,0.0,0.01382993334050711,0.04013692947233093,0.0,0.016433377319914594,8,2,0.07692307692307693,0.3076923076923077,0.1794871794871795,0.02564102564102564,0.02564102564102564,0.23076923076923078,0.15384615384615385
30,22,Masculino,Casado,0,São Paulo,SP,Analista Financeiro,Superior,9722.62,0.0,0.49,713,7399.22,23401.35,Sempre,16.39,2.3,0,1,0,Saudável,29057.59,67476.52,41,937.3416129032258,3842.37,10.99,38418.93000000001,9722.62,2.9886584068903237,2233.5899999999997,1413.01,1545.77,3842.37,14425.949999999999,2364.4700000000003,0.0,609.53,243.77,1001.1999999999999,674.49,703.44,1.0,0.07686769618540285,0.04862791442786549,0.053196772340720615,0.13223292089949648,0.4964606493518561,0.08137185499554506,0.0,0.020976619189685033,0.008389202270387875,0.03445571363626508,0.02321217967491454,0.02420847702786088,7,1,0.04878048780487805,0.17073170731707318,0.14634146341463414,0.024390243902439025,0.0975609756097561,0.2682926829268293,0.24390243902439024
31,18,Feminino,Solteiro,0,Londrina,PR,Funcionário Público,Superior,8952.47,0.0,58.0,651,3888.49,12008.59,Frequentemente,12.0,0.0,0,1,1,Em observação,40736.79,52669.99,59,831.3630612244898,4295.95,15.15,11933.199999999997,8952.47,4.550340855652128,3354.92,5043.01,478.4,0.0,8340.919999999998,2811.7699999999995,10241.23,727.28,0.0,5465.889999999999,1080.07,3193.3,1.0,0.08235602265176024,0.12379497746386006,0.011743684271637505,0.0,0.2047515280413601,0.06902286606283901,0.251400024400548,0.017853149450410794,0.0,0.1341757659354112,0.026513380165692976,0.07838860155648003,15,3,0.0847457627118644,0.23728813559322035,0.2033898305084746,0.0,0.03389830508474576,0.3050847457627119,0.13559322033898305
32,34,Masculino,Solteiro,3,Natal,RN,Eletricista,Médio,4895.27,393.71,14.74,700,6005.13,8882.86,Sempre,19.41,5.3,0,0,0,Saudável,25601.58,14825.150000000001,23,1347.4515789473685,3979.83,24.68,-10776.43,4895.27,5.229860661413977,3401.68,2215.23,1165.42,0.0,12470.99,2392.3199999999997,3562.13,0.0,0.0,0.0,393.81,0.0,1.0,0.1328699244343513,0.08652708153168671,0.04552140922552436,0.0,0.4871179825620137,0.09344423273876064,0.1391371157561369,0.0,0.0,0.0,0.015382253751526272,0.0,4,0,0.0,0.2608695652173913,0.21739130434782608,0.043478260869565216,0.13043478260869565,0.21739130434782608,0.13043478260869565
33,30,Feminino,Solteiro,2,Curitiba,PR,Técnico em Informática,Fundamental,4399.16,0.0,0.89,996,3673.87,10270.39,Frequentemente,21.33,6.3,0,0,0,Saudável,44158.33,62384.299999999996,52,1162.0613157894738,5617.27,54.5,18225.969999999994,4399.16,10.037900417352404,2968.0099999999998,3039.95,6950.92,4036.8,4568.73,2202.31,17682.13,311.82,97.3,1006.57,780.98,512.81,1.0,0.06721291316949712,0.06884205086560112,0.15740903245208773,0.091416500578713,0.10346247242592732,0.049873036412382436,0.40042569544636314,0.007061408345831919,0.0022034347766321776,0.02279456673293578,0.01768590433560327,0.011612984458424944,15,0,0.1346153846153846,0.17307692307692307,0.11538461538461539,0.057692307692307696,0.07692307692307693,0.17307692307692307,0.2692307692307692
34,39,Masculino,Casado,2,Blumenau,SC,Analista de TI,Superior,7978.93,0.0,69.85,361,819.8,3492.54,Raramente,0.27,3.3,0,0,1,Em risco,34283.85,32323.67,34,1269.7722222222221,5593.61,16.62,-1960.1800000000003,7978.93,4.296797941578633,3377.11,8931.48,0.0,0.0,0.0,0.0,18997.699999999997,0.0,0.0,1775.3400000000001,462.59,739.63,1.0,0.09850439784329941,0.2605156655393137,0.0,0.0,0.0,0.0,0.5541297141365394,0.0,0.0,0.05178356573138665,0.013492942012055238,0.021573714737405512,9,1,0.14705882352941177,0.20588235294117646,0.14705882352941177,0.08823529411764706,0.029411764705882353,0.20588235294117646,0.17647058823529413
35,34,Masculino,Solteiro,1,Olinda,PE,Vendedor,Médio,2480.95,0.0,89.97,334,332.99,1870.53,Nunca,1.05,0.2,1,0,0,Em risco,37139.59,32171.670000000002,47,1061.1311428571428,5926.93,15.96,-4967.919999999995,2480.95,14.969906688969951,4719.37,3410.55,0.0,0.0,0.0,1399.1499999999999,20704.85,940.24,332.08,3882.92,1606.99,143.44,1.0,0.12707113891133426,0.09183057755887991,0.0,0.0,0.0,0.03767273682881259,0.5574873066719369,0.025316380713949725,0.008941401884081112,0.10454935016783977,0.04326892138550803,0.0038621858776577774,13,0,0.0851063829787234,0.2978723404255319,0.0851063829787234,0.02127659574468085,0.0425531914893617,0.23404255319148937,0.23404255319148937
36,31,Masculino,Casado,4,Niterói,RJ,Professor,Fundamental,2561.57,0.0,58.56,355,146.14,1670.96,Raramente,2.11,0.6,0,0,0,Em risco,48965.36,26447.95,56,1064.464347826087,5502.43,15.33,-22517.41,2561.57,19.115370651592578,1776.47,13467.11,1002.83,2532.13,0.0,8799.82,17826.79,0.0,1534.09,0.0,954.11,1072.01,1.0,0.03628013763199127,0.2750334113748985,0.02048039675395014,0.051712680147761605,0.0,0.17971521091645196,0.3640694156031938,0.0,0.0313301076516133,0.0,0.019485407643280883,0.02189323227685858,12,7,0.07142857142857142,0.35714285714285715,0.19642857142857142,0.017857142857142856,0.07142857142857142,0.125,0.16071428571428573
37,33,Feminino,Viúvo,0,Maceió,AL,Jornalista,Superior,6581.05,0.0,10.57,771,4953.77,14729.18,Às vezes,12.66,3.7,0,0,0,Saudável,42635.21,58822.6,58,947.449111111111,4798.36,15.5,16187.39,6581.05,6.4784813973454085,4597.37,4485.150000000001,111.88,1263.34,10569.52,0.0,13508.51,827.63,162.42,3654.1000000000004,1959.57,1495.72,1.0,0.10783035899201622,0.10519826218752061,0.002624122175075483,0.029631377446012346,0.24790589749645892,0.0,0.31683929784795245,0.01941188984409834,0.003809527383587415,0.08570615695337258,0.045961307567149313,0.03508180210675636,12,0,0.05172413793103448,0.1724137931034483,0.1724137931034483,0.08620689655172414,0.08620689655172414,0.2413793103448276,0.1896551724137931
38,43,Feminino,Solteiro,2,Teresina,PI,Engenheiro Civil,Superior,18958.1,0.0,26.82,892,41848.7,40388.55,Às vezes,31.68,24.9,0,1,1,Saudável,45320.51,108477.95000000001,51,1133.01275,5263.36,22.96,63157.44000000001,18958.1,2.390561817903693,4054.08,4128.43,0.0,2167.11,15663.51,1961.38,9278.17,0.0,331.49,5701.85,803.89,1230.6,1.0,0.08945353880616083,0.09109407639057901,0.0,0.04781742306077315,0.34561636662959,0.04327797723370721,0.204723424339223,0.0,0.007314348404287595,0.12581169099818162,0.017737885120886768,0.027153269016610797,15,1,0.0784313725490196,0.058823529411764705,0.17647058823529413,0.0392156862745098,0.0392156862745098,0.39215686274509803,0.21568627450980393
39,40,Feminino,Casado,2,Vitória,ES,Engenheiro de Produção,Médio,10373.54,0.0,27.28,655,6327.32,7864.25,Raramente,7.83,22.0,1,0,1,Em observação,22637.58,25334.14,27,984.2426086956523,5297.19,23.98,2696.5599999999977,10373.54,2.182242513163298,1419.78,3196.2799999999997,0.0,0.0,3708.11,2390.45,10439.97,0.0,23.98,260.81,779.5699999999999,418.63,1.0,0.06271783468020875,0.14119353747176153,0.0,0.0,0.16380328639368696,0.10559653461191522,0.4611787125655657,0.0,0.001059300508269877,0.01152110782159577,0.034436984872057874,0.01849270107493822,6,1,0.07407407407407407,0.2962962962962963,0.2222222222222222,0.037037037037037035,0.037037037037037035,0.2222222222222222,0.1111111111111111
40,38,Masculino,Solteiro,2,Manaus,AM,Recepcionista,Médio,2159.1,0.0,51.04,620,1057.55,1165.43,Raramente,7.75,7.6,1,1,0,Em observação,35655.04,30926.57,50,963.6497297297298,5626.52,30.46,-4728.470000000001,2159.1,16.51384373118429,4545.9400000000005,8049.54,0.0,3649.45,0.0,3776.65,11657.04,488.26,0.0,1964.48,67.32,1456.3600000000001,1.0,0.12749782358959633,0.22576163145518838,0.0,0.10235439365654897,0.0,0.10592191174094882,0.3269394733535568,0.013693996697241119,0.0,0.0550968390443539,0.0018880921182531274,0.040845838344312616,11,3,0.06,0.2,0.14,0.08,0.06,0.24,0.22
41,18,Feminino,Casado,0,João Pessoa,PB,Aposentado,Médio,5508.29,1794.7,15.56,852,13622.74,8907.02,Sempre,19.99,0.0,1,0,0,Saudável,26396.02,29987.14,41,754.172,3370.28,21.94,3591.119999999999,5508.29,4.792053432190389,6958.21,4172.31,0.0,542.64,5331.3,3473.1,3370.28,701.61,412.13,0.0,429.58000000000004,1004.86,1.0,0.26360830155455256,0.15806587508268294,0.0,0.020557644675219977,0.20197363087313921,0.13157665435925567,0.12768137014595382,0.026580143521636974,0.015613338677573361,0.0,0.01627442318955661,0.03806861792042891,6,1,0.07317073170731707,0.24390243902439024,0.14634146341463414,0.024390243902439025,0.04878048780487805,0.3170731707317073,0.14634146341463414
42,41,Masculino,Solteiro,0,Juazeiro do Norte,CE,Analista de TI,Superior,8063.41,343.16,42.9,527,5133.05,9716.97,Frequentemente,9.94,20.7,1,0,1,Em observação,27508.79,26692.510000000002,32,1058.0303846153847,5100.6,15.16,-816.2799999999988,8063.41,3.4115578892800937,4188.110000000001,1276.61,4789.0,0.0,0.0,2185.01,13112.24,0.0,237.19,290.47,535.11,895.05,1.0,0.1522462456545708,0.046407348342111736,0.17408980911192384,0.0,0.0,0.07942952052780221,0.47665637056373616,0.0,0.008622334897318276,0.010559170359728655,0.01945232778322856,0.032536872759579755,8,0,0.09375,0.21875,0.15625,0.0625,0.03125,0.3125,0.125
43,54,Feminino,Casado,1,Caxias do Sul,RS,Analista de TI,Superior,8774.55,0.0,15.9,775,5763.0,12901.51,Sempre,18.88,33.8,0,1,1,Saudável,24689.45,35660.5,30,1073.454347826087,5542.51,74.45,10971.05,8774.55,2.81375683083463,2401.38,3485.27,2284.0,3891.67,3698.39,1108.47,5542.51,0.0,658.0699999999999,0.0,310.53999999999996,1309.15,1.0,0.09726340602970095,0.141164343474642,0.0925091486444615,0.15762481545761448,0.1497963705145315,0.04489650437737576,0.2244890023876595,0.0,0.02665389467971137,0.0,0.012577841952736896,0.05302467248156602,3,0,0.03333333333333333,0.16666666666666666,0.16666666666666666,0.13333333333333333,0.0,0.26666666666666666,0.23333333333333334
44,18,Feminino,Casado,0,Caxias do Sul,RS,Professor,Superior,3841.91,213.28,78.52,388,-136.23,3251.82,Nunca,1.99,0.0,0,0,1,Em risco,39222.76,28082.36,35,1352.5089655172414,5747.9,29.69,-11140.400000000001,3841.91,10.209182411873261,1842.97,7901.63,2836.09,2751.79,0.0,2720.31,19262.17,1034.16,387.14,170.48,0.0,316.02,1.0,0.046987259438142547,0.20145522650624278,0.07230725221784494,0.07015798990178151,0.0,0.06935539467390872,0.4910967509680603,0.02636632404246922,0.009870289597162463,0.0043464559862691965,0.0,0.008057056668118205,12,3,0.11428571428571428,0.3142857142857143,0.08571428571428572,0.02857142857142857,0.02857142857142857,0.2857142857142857,0.14285714285714285
45,30,Masculino,Solteiro,1,Pelotas,RS,Motorista,Médio,4794.0,1410.35,9.88,700,9456.5,10806.07,Frequentemente,25.47,11.5,1,0,1,Saudável,41377.0,37089.2,50,1009.1951219512196,4771.17,29.43,-4287.800000000003,4794.0,8.630997079682937,2428.62,3836.45,1686.5,1579.43,11453.18,2539.72,13445.789999999999,0.0,0.0,3166.82,1085.38,155.11,1.0,0.058694927133431614,0.09271938516567174,0.04075935906421442,0.03817168958600189,0.27680063803562366,0.06137999371631582,0.32495806849215747,0.0,0.0,0.07653575657974238,0.026231481257703557,0.0037487009691374437,15,1,0.04,0.16,0.18,0.02,0.12,0.3,0.18
46,23,Masculino,Divorciado,0,Uberlândia,MG,Analista Financeiro,Pós-graduação,6406.26,474.7,25.0,566,1556.06,8560.81,Raramente,5.95,1.3,0,1,1,Em observação,29800.579999999998,43493.25,43,903.0478787878787,5935.76,18.07,13692.670000000002,6406.26,4.65179059232688,1361.81,5585.72,4540.469999999999,1332.59,0.0,1114.56,12016.300000000001,0.0,483.42,818.94,1051.44,1495.33,1.0,0.04569743273453067,0.18743662036108025,0.15236179966967084,0.044716914905683046,0.0,0.03740061435045895,0.4032236956461922,0.0,0.016221831924076648,0.027480673194951243,0.03528253476945751,0.050177882443898744,9,2,0.046511627906976744,0.16279069767441862,0.18604651162790697,0.023255813953488372,0.046511627906976744,0.3488372093023256,0.18604651162790697
47,37,Feminino,Casado,1,Joinville,SC,Gerente Comercial,Superior,16887.15,1341.26,16.06,722,22194.56,45168.3,Frequentemente,19.76,7.9,0,1,1,Saudável,47549.54,95353.32,48,1251.3036842105264,5982.53,39.63,47803.780000000006,16887.15,2.815723197816091,2396.63,4603.53,1850.4299999999998,2365.95,7156.799999999999,2362.44,20409.77,0.0,0.0,4664.700000000001,1242.22,497.07000000000005,1.0,0.05040280095243824,0.09681544763629679,0.03891583388609016,0.04975757914797913,0.15051249707147532,0.0496837613991639,0.4292317023466473,0.0,0.0,0.09810189541265806,0.02612475325733961,0.010453728889911449,15,0,0.0625,0.10416666666666667,0.16666666666666666,0.041666666666666664,0.08333333333333333,0.3541666666666667,0.1875
48,29,Masculino,Casado,0,Vitória,ES,Designer Gráfico,Superior,6824.88,0.0,49.36,710,3157.49,10132.42,Às vezes,4.18,0.8,0,0,1,Em observação,47744.21,43954.31,47,1290.384054054054,5589.93,42.33,-3789.9000000000015,6824.88,6.995611644453821,2206.83,2197.24,4377.75,0.0,8262.689999999999,4335.1900000000005,23312.56,457.64,0.0,0.0,278.59,2315.72,1.0,0.046221939791233325,0.046021077739059876,0.0916917464965909,0.0,0.17306161312544494,0.09080032950592334,0.4882803590215442,0.009585246043446944,0.0,0.0,0.005835053088112673,0.04850263518864381,13,1,0.0851063829787234,0.2127659574468085,0.0851063829787234,0.02127659574468085,0.10638297872340426,0.3191489361702128,0.1702127659574468
49,39,Masculino,Solteiro,0,Santos,SP,Recepcionista,Médio,2777.14,0.0,55.5,541,730.65,2456.86,Às vezes,9.9,4.1,0,1,1,Em observação,57196.5,47977.12,58,1330.1511627906978,5342.24,18.98,-9219.379999999997,2777.14,20.595468719618026,4843.38,2582.11,2207.18,6841.459999999999,4243.42,4690.41,26674.9,0.0,773.8,1995.1200000000001,900.53,1444.19,1.0,0.08467965697201751,0.04514454555785757,0.03858942417805285,0.11961326304931244,0.07419020394604565,0.08200519262542288,0.46637294240032173,0.0,0.013528799839150996,0.03488185465893892,0.01574449485545444,0.025249621917425018,19,1,0.13793103448275862,0.1896551724137931,0.06896551724137931,0.0,0.1206896551724138,0.25862068965517243,0.22413793103448276
50,52,Feminino,Solteiro,0,Santos,SP,Autônomo,Fundamental,10830.3,1501.44,17.03,884,15598.53,17451.67,Às vezes,27.87,27.1,0,1,1,Saudável,19011.68,24712.91,24,950.5840000000001,3900.7,33.94,5701.23,10830.3,1.7554158241230622,2714.63,3402.73,0.0,2267.11,423.9,2525.22,6417.69,591.26,0.0,217.39,451.75,0.0,1.0,0.14278748642939498,0.17898102640061267,0.0,0.1192482726408187,0.02229681963929542,0.13282466357523373,0.337565643856829,0.031099829157654663,0.0,0.011434549708389788,0.023761708591770955,0.0,6,0,0.041666666666666664,0.16666666666666666,0.125,0.08333333333333333,0.16666666666666666,0.2916666666666667,0.125
51,30,Masculino,Casado,1,Maringá,PR,Técnico em Informática,Médio,3696.15,0.0,86.13,429,-66.44,1429.62,Às vezes,1.66,2.5,1,0,0,Em risco,49003.71,65425.520000000004,55,1166.7549999999999,5073.6,24.53,16421.810000000005,3696.15,13.258041475589463,3609.48,7316.84,5118.24,7618.21,0.0,4721.74,17357.48,513.2,861.3100000000001,892.62,751.72,242.87,1.0,0.07365728023449654,0.14931196025770294,0.10444596949904406,0.1554619027824628,0.0,0.09635474538560447,0.3542074671489159,0.01047267645653768,0.01757642431562835,0.01821535553124447,0.01534006302788095,0.00495615536048189,13,3,0.10909090909090909,0.41818181818181815,0.03636363636363636,0.03636363636363636,0.01818181818181818,0.18181818181818182,0.2
52,35,Masculino,Casado,0,Feira de Santana,BA,Aposentado,Médio,3684.65,0.0,71.68,390,511.28,1740.55,Raramente,1.03,8.8,0,0,0,Em risco,34814.81,23987.69,37,1123.0583870967741,4439.38,32.97,-10827.119999999999,3684.65,9.448607059015103,3347.66,2745.62,4812.98,2236.53,0.0,5189.33,11791.25,540.89,208.26,2511.73,347.43,1083.13,1.0,0.09615620478756023,0.07886356409815248,0.1382451893317815,0.06424076420350995,0.0,0.14905524401827844,0.33868488726493123,0.01553620427628357,0.005981936997501925,0.07214544614777448,0.009979373720551686,0.03111118515367455,10,2,0.10810810810810811,0.4594594594594595,0.02702702702702703,0.02702702702702703,0.16216216216216217,0.08108108108108109,0.13513513513513514
53,42,Masculino,Solteiro,1,Vila Velha,ES,Gerente Comercial,Fundamental,10464.57,641.44,67.18,510,806.72,3749.29,Raramente,1.66,13.5,0,0,1,Em risco,20523.42,41058.68,34,732.9792857142857,2884.21,28.25,20535.260000000002,10464.57,1.9612291761629956,785.63,10845.32,865.34,0.0,0.0,2303.59,3569.53,0.0,0.0,632.81,777.71,743.49,1.0,0.03827968243109579,0.5284362937561089,0.042163538045803285,0.0,0.0,0.11224201424518918,0.17392471625099523,0.0,0.0,0.030833555031276463,0.037893781835581015,0.036226418403950224,5,4,0.14705882352941177,0.35294117647058826,0.08823529411764706,0.029411764705882353,0.08823529411764706,0.11764705882352941,0.17647058823529413
54,34,Feminino,Casado,4,Maceió,AL,Farmacêutico,Superior,3322.33,126.6,74.76,368,294.93,2203.2,Raramente,1.27,4.2,1,0,1,Em risco,12615.82,11998.32,21,742.1070588235294,4366.39,59.64,-617.5,3322.33,3.797280824000024,3682.51,528.07,919.6199999999999,0.0,0.0,2132.74,4366.39,0.0,442.06,0.0,544.43,0.0,1.0,0.2918962065089705,0.04185776271379903,0.07289419157851015,0.0,0.0,0.16905282415253228,0.3461043356674398,0.0,0.03504013215153672,0.0,0.04315454722721154,0.0,4,2,0.0,0.38095238095238093,0.047619047619047616,0.0,0.14285714285714285,0.23809523809523808,0.19047619047619047
55,28,Masculino,Solteiro,0,Pelotas,RS,Engenheiro Civil,Superior,10217.77,0.0,45.83,633,6620.95,9248.52,Às vezes,4.88,9.7,0,0,1,Em observação,45129.97,82869.35,54,1100.7309756097561,5037.5,23.58,37739.380000000005,10217.77,4.416812083262786,4072.5,6506.49,4055.1800000000003,4374.88,5722.07,2449.81,11823.16,0.0,0.0,4225.14,400.16,1500.58,1.0,0.09023936865014534,0.14417226512669962,0.08985558820446812,0.09693957252796756,0.12679091078500604,0.05428343958571211,0.26198023176173174,0.0,0.0,0.09362160001435853,0.008866835054399549,0.03325018828951138,14,0,0.09259259259259259,0.18518518518518517,0.07407407407407407,0.05555555555555555,0.09259259259259259,0.2777777777777778,0.2222222222222222
56,58,Feminino,Casado,1,Manaus,AM,Motoboy,Fundamental,2492.75,0.0,65.99,409,175.1,1494.72,Nunca,0.13,11.4,1,0,0,Em risco,16846.09,7299.530000000001,21,990.9464705882353,2872.35,154.63,-9546.56,2492.75,6.758034299468458,3005.61,2133.58,2872.35,1341.02,0.0,3793.71,845.17,0.0,0.0,2517.6000000000004,0.0,337.05,1.0,0.17841588166749672,0.12665134758273283,0.17050544072838267,0.0796042286370309,0.0,0.2251982507513613,0.05017009881818273,0.0,0.0,0.1494471417403089,0.0,0.020007610074503936,5,1,0.09523809523809523,0.3333333333333333,0.0,0.047619047619047616,0.047619047619047616,0.3333333333333333,0.14285714285714285
57,30,Masculino,Casado,0,Anápolis,GO,Motorista,Pós-graduação,3091.27,464.53,17.79,892,7217.97,6907.56,Frequentemente,25.73,4.3,1,0,1,Saudável,19500.78,21343.72,21,1147.1047058823528,3852.28,136.34,1842.9400000000023,3091.27,6.308339290971024,2034.9299999999998,1243.27,1448.51,0.0,6578.46,398.25,6113.15,0.0,136.34,600.13,393.15,554.59,1.0,0.10435121056696194,0.06375488570200782,0.07427959291884735,0.0,0.33734342933974953,0.020422260032675617,0.31348233250157176,0.0,0.006991515211186425,0.030774666449239468,0.02016073203225717,0.028439375245503003,4,0,0.047619047619047616,0.047619047619047616,0.23809523809523808,0.09523809523809523,0.09523809523809523,0.3333333333333333,0.14285714285714285
58,43,Masculino,União Estável,3,Teresina,PI,Recepcionista,Médio,3187.16,562.13,2.44,939,2742.04,6437.46,Sempre,23.49,14.9,0,0,1,Saudável,32209.2,25369.54,51,805.23,5495.57,35.3,-6839.66,3187.16,10.10592502415944,2227.94,1098.97,3472.4799999999996,0.0,1088.79,3854.4,14605.58,0.0,53.08,2262.73,841.0600000000001,2704.17,1.0,0.0691709201097823,0.034119754604274556,0.10781019087714068,0.0,0.03380369583845609,0.11966767259044,0.45345988102778084,0.0,0.0016479763545819207,0.07025104628491238,0.02611241508637284,0.08395644722625834,12,0,0.058823529411764705,0.19607843137254902,0.27450980392156865,0.0196078431372549,0.0784313725490196,0.21568627450980393,0.1568627450980392
59,21,Feminino,Solteiro,0,Porto Alegre,RS,Desenvolvedor de Software,Superior,11402.17,0.0,3.78,700,30438.03,19595.7,Frequentemente,21.02,3.0,0,1,0,Saudável,38146.57,71902.84,36,1412.835925925926,5167.78,33.22,33756.27,11402.17,3.3455535218296166,1871.79,1642.8,0.0,7784.03,5621.8,1395.43,15607.03,0.0,78.43,2984.3999999999996,0.0,1160.86,1.0,0.049068369711877106,0.043065470892926935,0.0,0.2040558299212747,0.14737366950685213,0.03658074631611702,0.4091332457937896,0.0,0.002056017094066387,0.07823508116194981,0.0,0.030431569601146312,8,1,0.05555555555555555,0.1388888888888889,0.19444444444444445,0.027777777777777776,0.05555555555555555,0.3055555555555556,0.2222222222222222
60,23,Feminino,Solteiro,0,Fortaleza,CE,Desenvolvedor de Software,Superior,12815.12,0.0,0.0,979,29271.38,19451.0,Frequentemente,17.26,4.5,1,0,0,Saudável,28717.75,95489.72,49,755.7302631578947,2843.46,10.64,66771.97,12815.12,2.240927123585265,1584.25,2106.35,4894.46,0.0,6539.18,5994.08,2869.8900000000003,0.0,0.0,2479.3,677.0,1573.24,1.0,0.05516622994489471,0.07334662360386869,0.17043326862306413,0.0,0.2277051649241323,0.20872387286608457,0.09993436115294549,0.0,0.0,0.08633336525319707,0.023574270268388018,0.05478284336342506,14,1,0.0,0.16326530612244897,0.16326530612244897,0.02040816326530612,0.02040816326530612,0.4489795918367347,0.1836734693877551
61,26,Feminino,União Estável,0,João Pessoa,PB,Engenheiro Civil,Superior,11017.67,0.0,31.97,571,5808.41,6301.04,Às vezes,10.7,0.6,1,0,1,Em observação,33252.32,34102.28,36,1072.6554838709678,5776.96,30.77,849.9599999999991,11017.67,3.018090031739923,3247.93,1197.29,2085.02,0.0,5870.5599999999995,1890.6,13390.06,1459.41,553.7,2439.91,827.5,290.34,1.0,0.09767529002487646,0.03600620949154826,0.06270299335505011,0.0,0.1765458770997031,0.056856183267814095,0.40268047462552986,0.04388896774721283,0.016651469732036742,0.07337563213634417,0.024885481674662098,0.008731420845222227,6,1,0.08333333333333333,0.2777777777777778,0.16666666666666666,0.027777777777777776,0.08333333333333333,0.2222222222222222,0.1388888888888889
62,18,Feminino,Viúvo,0,Londrina,PR,Professor,Superior,6519.95,0.0,18.19,836,17349.65,8505.38,Frequentemente,23.1,0.0,0,0,1,Saudável,52102.92,49380.49,52,1240.5457142857142,4958.71,16.41,-2722.4300000000003,6519.95,7.991306681799707,1725.82,3550.88,7558.79,4958.71,14768.74,1704.01,12387.96,352.01,126.07,2498.83,589.53,1881.5700000000002,1.0,0.03312328752400057,0.06815126676201641,0.1450742108119852,0.09517144144704366,0.2834532114514887,0.03270469294235333,0.23775941924176225,0.006756051292326802,0.0024196340627358312,0.047959500158532384,0.011314720940784125,0.03611256336497072,11,0,0.057692307692307696,0.1346153846153846,0.23076923076923078,0.038461538461538464,0.11538461538461539,0.2692307692307692,0.15384615384615385
63,24,Masculino,Casado,4,Pelotas,RS,Autônomo,Médio,4320.93,0.0,81.8,355,-52.66,1329.64,Nunca,0.55,2.2,0,1,0,Em risco,36101.85,19513.77,28,1569.645652173913,5055.23,20.17,-16588.079999999998,4320.93,8.355111052481757,333.58000000000004,5181.71,0.0,9950.1,0.0,261.33,17585.899999999998,459.56,323.62,1783.49,181.13,41.43000000000001,1.0,0.009239969696843792,0.1435303176984005,0.0,0.27561191462487383,0.0,0.007238687214090137,0.4871190811551208,0.01272954156088954,0.00896408355804481,0.04940162346250954,0.005017194409704766,0.0011475866195222685,7,0,0.14285714285714285,0.35714285714285715,0.10714285714285714,0.0,0.14285714285714285,0.07142857142857142,0.17857142857142858
64,34,Masculino,Casado,0,Pelotas,RS,Cozinheiro,Médio,2793.71,0.0,41.37,514,1732.47,4008.9,Às vezes,5.83,7.0,1,0,0,Em observação,46791.75,24624.56,53,1039.8166666666666,4819.62,16.16,-22167.19,2793.71,16.748964638419878,4869.79,8946.1,510.71,10111.56,0.0,3369.58,15015.77,0.0,1092.76,941.4399999999999,1068.19,865.8500000000001,1.0,0.1040736882035829,0.19118968621605306,0.010914530873497998,0.2160970683934668,0.0,0.07201226711973799,0.32090635635555415,0.0,0.02335368948586022,0.02011978607339969,0.022828596921465858,0.018504330357381377,11,2,0.1320754716981132,0.16981132075471697,0.1509433962264151,0.09433962264150944,0.05660377358490566,0.2641509433962264,0.1320754716981132
65,38,Masculino,Casado,0,Belém,PA,Recepcionista,Médio,3353.15,0.0,6.9,771,3226.92,6238.3,Sempre,15.2,4.3,0,0,0,Saudável,39440.15,24881.739999999998,42,1160.004411764706,4364.25,15.57,-14558.410000000003,3353.15,11.762119201347986,4532.26,5629.43,2228.25,3867.69,9103.92,2380.92,8606.35,0.0,0.0,1904.43,353.40999999999997,833.49,1.0,0.11491487735213989,0.14273348351869858,0.056496996081404356,0.0980647893073429,0.23082873670612306,0.06036792456418143,0.21821291247624566,0.0,0.0,0.048286581060163314,0.008960665717549247,0.02113303321615156,8,0,0.023809523809523808,0.16666666666666666,0.19047619047619047,0.0,0.023809523809523808,0.4523809523809524,0.14285714285714285
66,33,Feminino,União Estável,2,Salvador,BA,Engenheiro de Produção,Superior,8531.21,0.0,44.6,586,5119.33,9320.96,Às vezes,3.79,10.5,1,0,1,Em observação,28423.07,58198.61,51,710.57675,5081.18,17.49,29775.54,8531.21,3.3316575257202676,3857.9300000000003,2069.54,4169.58,1132.44,0.0,2258.19,11091.98,0.0,0.0,2383.49,1412.53,47.39,1.0,0.13573234699840658,0.07281197984594909,0.14669703167180745,0.03984228304683485,0.0,0.07944919391184696,0.3902456701545611,0.0,0.0,0.08385758470144146,0.0496966020911886,0.0016673075779639567,16,2,0.058823529411764705,0.29411764705882354,0.1568627450980392,0.058823529411764705,0.058823529411764705,0.17647058823529413,0.19607843137254902
67,39,Feminino,Divorciado,1,Salvador,BA,Autônomo,Médio,9070.6,0.0,1.93,789,23703.28,20554.5,Às vezes,27.69,17.5,0,1,0,Saudável,11505.14,22609.83,22,639.1744444444444,4629.82,34.19,11104.690000000002,9070.6,1.2683990033735364,423.18,273.95,0.0,0.0,0.0,3610.55,4828.45,0.0,173.48,0.0,1112.72,1082.81,1.0,0.03678182099479016,0.023811096605517185,0.0,0.0,0.0,0.3138206053989782,0.4196776397331975,0.0,0.01507847796723899,0.0,0.09671503345461246,0.0941153258456655,4,1,0.045454545454545456,0.2727272727272727,0.2727272727272727,0.09090909090909091,0.045454545454545456,0.13636363636363635,0.13636363636363635
68,34,Outro,Solteiro,0,Florianópolis,SC,Contador,Fundamental,3918.48,284.4,80.8,347,235.43,2275.5,Nunca,1.14,7.6,0,0,0,Em risco,23769.15,29356.4,35,880.338888888889,4705.42,20.48,5587.25,3918.48,6.065910761315613,3526.92,3033.98,0.0,0.0,0.0,0.0,12487.3,834.89,0.0,1366.84,1374.26,1144.96,1.0,0.14838225178435072,0.12764360526144183,0.0,0.0,0.0,0.0,0.5253574486256344,0.03512494136306935,0.0,0.05750479087388484,0.05781696021944411,0.04817000187217464,7,1,0.11428571428571428,0.22857142857142856,0.14285714285714285,0.0,0.08571428571428572,0.2,0.22857142857142856
69,25,Masculino,Casado,0,Palmas,TO,Cozinheiro,Fundamental,2733.72,0.0,15.0,936,5966.56,8147.9,Às vezes,32.0,1.5,0,0,0,Saudável,12543.03,21316.81,25,660.1594736842105,3676.68,28.18,8773.78,2733.72,4.588264343092929,4387.15,1186.78,0.0,0.0,3676.68,69.22,1673.7900000000002,629.45,0.0,384.93,0.0,535.03,1.0,0.34976795877870015,0.09461669150117634,0.0,0.0,0.29312534531130036,0.005518602761852598,0.1334438329494548,0.050183249183012396,0.0,0.030688757022824628,0.0,0.04265556249167864,7,0,0.08,0.08,0.24,0.04,0.04,0.32,0.2
70,59,Feminino,Casado,2,Natal,RN,Motorista,Médio,2257.79,0.0,79.21,394,354.61,868.45,Nunca,0.0,10.1,0,0,1,Em risco,22252.989999999998,10639.689999999999,24,1112.6495,3836.88,60.08,-11613.3,2257.79,9.856093790830856,3034.91,8496.27,0.0,3836.88,0.0,1435.8999999999999,4308.389999999999,0.0,0.0,522.34,0.0,618.3,1.0,0.13638212213280104,0.38180352393094147,0.0,0.17242087467796466,0.0,0.06452616030475006,0.19360948798341257,0.0,0.0,0.0234728007337441,0.0,0.02778503023638621,6,3,0.125,0.2916666666666667,0.041666666666666664,0.08333333333333333,0.08333333333333333,0.20833333333333334,0.16666666666666666
71,30,Masculino,Casado,1,Rio de Janeiro,RJ,Motoboy,Fundamental,1940.47,0.0,55.0,394,377.96,1152.44,Nunca,1.78,2.7,0,1,1,Em risco,15438.15,7482.58,25,771.9075,1896.91,23.72,-7955.57,1940.47,7.955881822445077,1177.54,3029.4700000000003,1676.08,0.0,0.0,3698.8199999999997,1031.11,0.0,0.0,2673.48,1284.4,867.25,1.0,0.0762746831712349,0.19623270923005673,0.10856741254619239,0.0,0.0,0.23958958813070216,0.06678973840777554,0.0,0.0,0.17317359916829414,0.08319649698960045,0.05617577235614371,4,3,0.08,0.44,0.12,0.04,0.04,0.08,0.2
72,33,Masculino,Solteiro,1,Vila Velha,ES,Farmacêutico,Superior,8406.59,1713.23,15.67,739,5657.77,15198.21,Sempre,15.93,13.9,0,0,0,Saudável,21141.98,34991.56,31,845.6792,4342.15,33.05,13849.579999999998,8406.59,2.514929358990982,2672.27,3525.92,0.0,3055.93,5918.07,476.03000000000003,0.0,0.0,355.9,3541.29,833.02,763.55,1.0,0.12639639239087352,0.16677340532911297,0.0,0.14454322632033517,0.27992032912716786,0.022515866536625236,0.0,0.0,0.016833806483593304,0.16750039494881747,0.0394012292131579,0.03611534965031657,6,0,0.0967741935483871,0.06451612903225806,0.16129032258064516,0.0,0.06451612903225806,0.41935483870967744,0.1935483870967742
73,23,Masculino,Casado,0,João Pessoa,PB,Analista de TI,Superior,8599.4,0.0,17.84,700,21516.04,19720.97,Frequentemente,10.0,0.7,0,1,1,Saudável,26228.71,43114.4,32,1049.1484,5337.11,40.93,16885.690000000002,8599.4,3.0500627950787265,3601.24,1857.8,249.0,0.0,3290.54,40.93,13875.89,0.0,86.99,1082.31,846.45,1297.56,1.0,0.13730145325484935,0.07083078046918816,0.009493413896451636,0.0,0.1254556552724095,0.0015605037380793795,0.5290344054282502,0.0,0.0033165946781217987,0.041264324474974176,0.03227188832390156,0.04947098046377424,7,0,0.09375,0.125,0.125,0.03125,0.03125,0.375,0.21875
74,41,Feminino,Viúvo,0,Duque de Caxias,RJ,Motoboy,Fundamental,2638.46,0.0,77.29,440,-120.05,2174.0,Raramente,1.29,8.8,1,0,1,Em risco,21321.39,10142.67,27,927.0169565217391,5524.09,14.62,-11178.72,2638.46,8.080998006412832,2518.7599999999998,2989.03,0.0,0.0,0.0,3474.41,9916.89,0.0,0.0,1225.12,160.05,1037.13,1.0,0.11813301102789264,0.14018926533401435,0.0,0.0,0.0,0.1629541976390845,0.4651146102575864,0.0,0.0,0.0574596684362511,0.007506546242998229,0.048642701062172784,6,1,0.1111111111111111,0.25925925925925924,0.18518518518518517,0.0,0.18518518518518517,0.1111111111111111,0.14814814814814814
75,42,Feminino,Solteiro,0,Duque de Caxias,RJ,Analista Financeiro,Superior,8740.72,0.0,56.54,637,2303.01,7254.02,Às vezes,1.15,22.6,1,0,0,Em observação,36400.97,53882.75,45,957.9202631578947,4496.68,30.08,17481.78,8740.72,4.164527636167272,7759.9,1638.02,2731.01,4278.59,6957.55,1637.34,9213.92,493.49,84.43,192.46,480.52,933.74,1.0,0.21317838508149645,0.04499935029203892,0.07502574794023346,0.11754054905679712,0.19113639004674876,0.04498066947117068,0.2531229250209541,0.013557056309213738,0.0023194436851545442,0.005287221741618424,0.013200747122947547,0.025651514231626246,11,0,0.1111111111111111,0.2,0.1111111111111111,0.08888888888888889,0.1111111111111111,0.24444444444444444,0.13333333333333333
76,48,Feminino,Solteiro,0,Cuiabá,MT,Engenheiro de Produção,Médio,12943.83,0.0,41.93,594,8381.01,18655.5,Às vezes,4.6,25.8,1,1,1,Em observação,35058.94,32318.370000000003,29,1402.3576,5879.52,28.31,-2740.5699999999997,12943.83,2.708544534345708,1736.62,5174.9800000000005,0.0,2641.5299999999997,498.76,880.08,22946.01,0.0,0.0,104.22,0.0,1076.74,1.0,0.04953429852699482,0.1476079995573169,0.0,0.075345404053859,0.014226328576962108,0.025102869624694872,0.6544981108955376,0.0,0.0,0.0029727082450296555,0.0,0.030712280519604982,11,2,0.13793103448275862,0.3448275862068966,0.10344827586206896,0.0,0.034482758620689655,0.2413793103448276,0.13793103448275862
77,49,Masculino,Casado,1,Salvador,BA,Funcionário Público,Superior,5954.74,0.0,81.01,364,854.33,3402.22,Às vezes,0.0,11.9,1,0,0,Em risco,37381.86,51451.29,56,795.3587234042553,2660.28,19.06,14069.43,5954.74,6.277664515999019,4381.01,10623.83,3038.11,0.0,0.0,6229.33,8586.42,153.76,455.03,1844.3500000000001,795.42,1274.6,1.0,0.11719614807823903,0.2841974690397963,0.08127230694245818,0.0,0.0,0.1666404507426864,0.2296948305943043,0.004113224970614089,0.01217248151911114,0.049338101421384596,0.021278234951390862,0.03409675174001507,13,7,0.07142857142857142,0.4642857142857143,0.07142857142857142,0.07142857142857142,0.017857142857142856,0.16071428571428573,0.14285714285714285
78,38,Feminino,Casado,1,Santos,SP,Professor,Superior,6486.23,0.0,0.79,841,14502.6,14350.99,Frequentemente,23.31,5.3,1,1,1,Saudável,37799.18,46501.14,54,879.0506976744186,5111.91,64.17,8701.96,6486.23,5.82760401650882,2361.59,2268.33,0.0,0.0,7688.35,6231.2,14681.68,551.09,0.0,0.0,431.21,3585.73,1.0,0.062477281253191214,0.060010031963656355,0.0,0.0,0.20339991502461166,0.16485013696064305,0.38841265868730485,0.014579416802163434,0.0,0.0,0.01140791943105644,0.094862639877373,11,0,0.09259259259259259,0.12962962962962962,0.2037037037037037,0.018518518518518517,0.037037037037037035,0.37037037037037035,0.14814814814814814
79,35,Feminino,Casado,0,Guarulhos,SP,Analista de TI,Superior,7181.47,625.9,25.0,571,3888.21,8109.7,Às vezes,3.74,16.8,1,0,1,Em observação,31080.08,38712.549999999996,45,817.8968421052632,4774.36,17.99,7632.469999999994,7181.47,4.327815892846451,4862.39,7018.78,1869.54,0.0,986.4100000000001,4578.21,8770.72,0.0,424.82,61.72,1785.22,722.27,1.0,0.15644715200218276,0.22582889104532547,0.06015235482019351,0.0,0.03173769179487312,0.14730367489401572,0.2821974718211793,0.0,0.013668561985683433,0.0019858378742911857,0.057439363090442494,0.02323900067181294,8,1,0.08888888888888889,0.2222222222222222,0.17777777777777778,0.0,0.08888888888888889,0.26666666666666666,0.15555555555555556
80,27,Feminino,Casado,3,Salvador,BA,Engenheiro Civil,Pós-graduação,15378.86,0.0,13.88,794,22577.2,31429.11,Frequentemente,16.08,7.1,0,1,1,Saudável,45680.27,128112.39,60,1015.1171111111111,5107.05,17.83,82432.12,15378.86,2.970328749985369,1939.62,2057.45,3418.2799999999997,3254.43,18778.31,2635.44,9043.93,0.0,0.0,1472.48,982.55,2097.78,1.0,0.04246078230273157,0.04504023290580375,0.07483055594899067,0.07124366821824828,0.41108141436116735,0.05769317913401125,0.19798328687636918,0.0,0.0,0.03223448547917952,0.021509286175410085,0.045923108598088416,18,0,0.06666666666666667,0.15,0.06666666666666667,0.05,0.13333333333333333,0.31666666666666665,0.21666666666666667
81,32,Feminino,Solteiro,1,Belo Horizonte,MG,Professor,Médio,4019.46,0.0,76.76,385,257.48,1641.29,Nunca,0.09,3.8,1,1,0,Em risco,13575.82,15569.880000000001,24,678.7909999999999,4910.34,24.55,1994.0600000000013,4019.46,3.3775233489075647,897.52,4405.01,0.0,105.49,0.0,1154.53,4910.34,0.0,0.0,791.7,748.26,562.97,1.0,0.06611166029013349,0.32447469103155463,0.0,0.007770433019883881,0.0,0.0850431134178267,0.361697488623155,0.0,0.0,0.058316919346308366,0.055117112631133884,0.04146858164000407,3,4,0.125,0.5,0.0,0.0,0.0,0.20833333333333334,0.16666666666666666
82,40,Masculino,Solteiro,1,Goiânia,GO,Cozinheiro,Médio,2188.68,0.0,43.98,632,956.27,3197.81,Às vezes,6.7,20.8,1,1,0,Em observação,41178.28,39634.590000000004,55,915.0728888888889,5537.33,16.02,-1543.689999999995,2188.68,18.814207650273225,5504.54,4652.87,0.0,0.0,0.0,2051.1299999999997,19335.34,1490.25,62.13,5265.5599999999995,967.8199999999999,1848.6399999999999,1.0,0.13367581161719236,0.11299330617985986,0.0,0.0,0.0,0.04981096830659269,0.46955190940466673,0.03619019541369868,0.0015088051273632606,0.12787226664154014,0.023503167203681164,0.04489357010540508,10,1,0.01818181818181818,0.2727272727272727,0.18181818181818182,0.03636363636363636,0.07272727272727272,0.2545454545454545,0.16363636363636364
83,18,Feminino,Casado,0,Guarulhos,SP,Enfermeiro,Superior,4981.2,0.0,7.48,700,10979.47,12475.83,Sempre,24.4,0.0,0,0,1,Saudável,28048.86,48737.78,45,824.9664705882353,5873.58,31.17,20688.92,4981.2,5.6309443507588535,2763.18,1222.1,3470.8500000000004,0.0,3573.5,1452.28,10634.539999999999,0.0,0.0,3038.7200000000003,394.87,1498.82,1.0,0.09851309464983603,0.04357039822652328,0.123742997041591,0.0,0.12740268231935273,0.05177679235448428,0.37914339477611564,0.0,0.0,0.10833666680214456,0.014077934005160993,0.05343603982479145,13,0,0.022222222222222223,0.13333333333333333,0.17777777777777778,0.022222222222222223,0.06666666666666667,0.35555555555555557,0.2222222222222222
84,50,Feminino,Divorciado,2,Guarulhos,SP,Motoboy,Fundamental,3804.15,0.0,7.31,817,4951.13,8994.52,Frequentemente,24.86,23.3,0,0,0,Saudável,36236.3,31966.15,45,1035.3228571428572,5675.46,36.39,-4270.1500000000015,3804.15,9.525465609926002,4516.69,4289.97,3875.6400000000003,0.0,3393.67,2607.66,14374.91,68.07,0.0,2268.68,515.01,326.0,1.0,0.12464545221228435,0.11838874278002996,0.10695462836989428,0.0,0.09365387746541451,0.07196264519280389,0.39669916630561064,0.0018785030480485034,0.0,0.06260793734459644,0.014212543775164682,0.00899650350615267,11,1,0.022222222222222223,0.2,0.15555555555555556,0.044444444444444446,0.08888888888888889,0.3111111111111111,0.17777777777777778
85,34,Feminino,Viúvo,0,Duque de Caxias,RJ,Designer Gráfico,Pós-graduação,5930.69,0.0,3.5,834,11868.41,11156.86,Às vezes,19.03,5.3,0,0,0,Saudável,53967.43,61195.12,60,1124.3214583333333,5963.46,32.16,7227.690000000002,5930.69,9.099688231892074,5465.91,2622.38,8709.130000000001,6756.280000000001,13618.970000000001,2526.59,9659.49,0.0,658.73,1495.79,1471.09,983.0699999999999,1.0,0.10128164339120836,0.048591900707519335,0.16137751973736753,0.12519180550194814,0.25235535581368246,0.046816941255123694,0.17898740036351554,0.0,0.012206065769668855,0.027716531989757525,0.027258848531419782,0.01821598693878882,13,2,0.08333333333333333,0.23333333333333334,0.11666666666666667,0.06666666666666667,0.05,0.25,0.2
86,23,Outro,Casado,0,Juiz de Fora,MG,Cabeleireiro,Médio,3920.14,0.0,7.85,787,6711.28,12262.33,Frequentemente,19.91,0.2,1,0,1,Saudável,36321.3,22600.07,32,1452.852,5764.15,27.08,-13721.230000000003,3920.14,9.265306851285924,1268.46,709.31,3628.05,0.0,12014.46,601.4399999999999,15726.51,0.0,0.0,681.66,945.5,745.91,1.0,0.03492330946304235,0.019528761360413857,0.09988766921888809,0.0,0.33078276383279226,0.01655887867449678,0.4329831256039844,0.0,0.0,0.01876750006194712,0.02603155724051727,0.020536434543917754,11,0,0.03125,0.09375,0.25,0.03125,0.0625,0.3125,0.21875
87,18,Masculino,Solteiro,1,Londrina,PR,Motoboy,Fundamental,2517.46,341.1,36.81,660,1614.21,2057.38,Frequentemente,7.11,0.0,1,0,0,Em observação,45254.9,34139.04,52,1103.7780487804878,5472.18,22.46,-11115.86,2517.46,17.97641273346945,5014.22,6884.6900000000005,5524.41,3462.09,291.58,2505.4199999999996,19100.99,0.0,906.3,233.49,478.72,852.99,1.0,0.11079949353550665,0.15213137140950483,0.12207318986452295,0.07650199204947973,0.0064430592046386135,0.05536240274533807,0.42207562054053815,0.0,0.020026560659729662,0.005159441298069381,0.010578302018124005,0.01884856667454795,13,2,0.09615384615384616,0.34615384615384615,0.09615384615384616,0.019230769230769232,0.057692307692307696,0.19230769230769232,0.19230769230769232
88,40,Masculino,Divorciado,2,Juazeiro do Norte,CE,Gerente Comercial,Médio,11112.87,0.0,29.38,526,2300.84,6261.13,Raramente,3.38,22.0,1,0,1,Em observação,48031.84,61113.04,48,1200.7959999999998,5791.35,40.68,13081.200000000004,11112.87,4.322181398684587,2132.69,3288.2799999999997,3229.76,3521.89,3547.62,1188.01,25927.05,692.05,447.61,1093.98,681.46,2281.44,1.0,0.04440158861288679,0.06846042125390157,0.06724206276503254,0.07332407003354442,0.07385975636161346,0.024733801578286405,0.539788815085993,0.014408150926552054,0.009319026712280855,0.02277614182592214,0.014187672177455623,0.04749849266653121,13,1,0.041666666666666664,0.20833333333333334,0.0625,0.041666666666666664,0.14583333333333334,0.3333333333333333,0.16666666666666666
89,25,Feminino,Casado,1,Duque de Caxias,RJ,Autônomo,Pós-graduação,3328.54,0.0,77.87,460,350.05,968.33,Nunca,2.37,2.2,1,0,0,Em risco,16902.27,13195.34,22,939.015,4026.52,21.96,-3706.9300000000003,3328.54,5.077983139754968,1716.77,2038.8000000000002,2014.35,0.0,0.0,2172.69,8093.4,448.32,0.0,0.0,0.0,417.94,1.0,0.1015703807831729,0.12062285125015754,0.1191762999881081,0.0,0.0,0.12854427245571157,0.4788350913812168,0.026524247926461946,0.0,0.0,0.0,0.024726856215171098,9,3,0.13636363636363635,0.3181818181818182,0.13636363636363635,0.0,0.13636363636363635,0.13636363636363635,0.13636363636363635
90,41,Masculino,Viúvo,0,Florianópolis,SC,Designer Gráfico,Superior,6658.68,0.0,44.21,606,1675.8,9753.63,Frequentemente,4.97,11.1,1,0,0,Em observação,30756.07,56164.090000000004,42,992.1312903225806,4759.08,23.72,25408.020000000004,6658.68,4.618943994905897,1756.71,3982.35,3179.35,0.0,2303.27,1580.0300000000002,14878.3,905.37,357.57,1498.46,314.66,0.0,1.0,0.057117505585076375,0.12948175758476294,0.10337309025502933,0.0,0.07488830660094088,0.05137294849439477,0.48375166267991976,0.02943711599043701,0.011625997729879012,0.048720789099517596,0.010230825980042315,0.0,9,1,0.047619047619047616,0.21428571428571427,0.23809523809523808,0.047619047619047616,0.0,0.21428571428571427,0.23809523809523808
91,41,Feminino,Solteiro,0,Caxias do Sul,RS,Vendedor,Médio,4989.06,828.0,19.32,700,9329.61,14623.7,Sempre,32.0,19.9,0,0,0,Saudável,48936.15,39182.12,56,1063.829347826087,5952.91,30.89,-9754.029999999999,4989.06,9.808691416820002,6804.55,807.88,3530.25,2882.44,6127.84,30.89,16368.060000000001,0.0,0.0,8925.45,1845.45,1613.34,1.0,0.13904955743351285,0.016508858992789584,0.07213992110127175,0.05890205911172007,0.12522112998264065,0.0006312306955083307,0.3344778859799964,0.0,0.0,0.1823897057696611,0.03771138514165908,0.032968265791240216,15,0,0.05357142857142857,0.19642857142857142,0.08928571428571429,0.0,0.10714285714285714,0.42857142857142855,0.125
92,51,Masculino,Solteiro,3,Juazeiro do Norte,CE,Motorista,Superior,3064.73,0.0,38.16,710,1867.98,1596.81,Às vezes,6.58,24.6,0,0,1,Em observação,32389.41,17613.84,31,1245.7465384615384,4988.83,44.84,-14775.57,3064.73,10.568438328988197,1692.53,4010.06,6110.94,0.0,12813.34,352.91,4436.17,0.0,264.71,1789.75,399.78,519.22,1.0,0.052255660106189025,0.12380775074322131,0.1886709267010421,0.0,0.3956027602849203,0.010895845277823833,0.13696359396481753,0.0,0.00817273300131123,0.05525725846812276,0.012342923196192828,0.016030548256359103,6,1,0.06451612903225806,0.1935483870967742,0.1935483870967742,0.03225806451612903,0.16129032258064516,0.1935483870967742,0.16129032258064516
93,26,Masculino,Solteiro,0,Natal,RN,Autônomo,Médio,5995.75,0.0,58.44,452,141.83,959.44,Raramente,1.21,2.5,0,0,0,Em risco,20729.85,15022.6,28,863.74375,5397.9,51.09,-5707.249999999998,5995.75,3.4574240086728096,1333.3700000000001,1027.48,340.9,4484.5,0.0,4103.38,7120.74,0.0,239.41,1329.78,471.65999999999997,278.63,1.0,0.06432125654551288,0.04956524046242496,0.016444885032935598,0.21633055714344293,0.0,0.197945474762239,0.34350176195196785,0.0,0.011549046423394285,0.06414807632472015,0.02275269719751952,0.013441004155842904,9,1,0.17857142857142858,0.35714285714285715,0.17857142857142858,0.07142857142857142,0.0,0.10714285714285714,0.10714285714285714
94,52,Masculino,Casado,0,Juazeiro do Norte,CE,Analista de TI,Superior,8444.33,0.0,46.37,580,2735.19,4835.31,Raramente,3.77,28.3,1,0,1,Em observação,27989.899999999998,23873.17,37,874.6843749999999,4454.46,24.49,-4116.73,8444.33,3.3146383431249133,3587.7999999999997,1111.53,2998.5,0.0,0.0,1045.63,16773.82,178.45,109.82,0.0,711.0899999999999,1473.26,1.0,0.1281819513467358,0.0397118246224531,0.10712792828841833,0.0,0.0,0.03735740392069997,0.5992811692789185,0.006375514024701767,0.003923558140615007,0.0,0.02540523545993376,0.052635414917523826,9,2,0.05405405405405406,0.2972972972972973,0.16216216216216217,0.02702702702702703,0.08108108108108109,0.2702702702702703,0.10810810810810811
95,38,Feminino,Solteiro,1,Londrina,PR,Cozinheiro,Superior,2572.6,153.06,82.3,311,20.83,891.93,Raramente,0.19,6.4,0,0,0,Em risco,32213.55,9275.72,29,1342.23125,5711.23,18.76,-22937.83,2572.6,12.52178729689808,740.75,8868.8,0.0,0.0,0.0,1058.3,18602.7,371.19,125.11,1273.0,443.25,730.45,1.0,0.022994981925307828,0.2753127177849073,0.0,0.0,0.0,0.0328526349936595,0.577480594346168,0.011522790875268326,0.0038837694075940093,0.03951753221858504,0.013759737750108263,0.022675240698401763,9,3,0.10344827586206896,0.27586206896551724,0.034482758620689655,0.06896551724137931,0.1724137931034483,0.20689655172413793,0.13793103448275862
96,45,Masculino,Casado,1,Cuiabá,MT,Empresário,Superior,20708.58,0.0,28.85,480,8743.69,24586.52,Nunca,6.55,6.8,0,1,1,Em observação,46895.1,173418.7,60,1019.4586956521739,5822.39,15.01,126523.6,20708.58,2.264525138855489,5396.47,3590.04,1058.49,0.0,9841.54,2266.69,19830.72,0.0,135.41,2579.1499999999996,827.66,1368.9299999999998,1.0,0.11507534902367199,0.0765546933474926,0.022571441365942285,0.0,0.20986286413719132,0.048335327145053536,0.4228740316152434,0.0,0.0028875085030205714,0.05499828340274356,0.017649178698840605,0.029191322760800165,15,2,0.05,0.25,0.1,0.016666666666666666,0.08333333333333333,0.31666666666666665,0.18333333333333332
97,40,Masculino,Solteiro,2,Vitória,ES,Eletricista,Fundamental,3735.67,0.0,52.33,480,648.53,4454.84,Nunca,5.92,7.3,0,1,0,Em observação,25831.01,19394.1,41,738.0288571428571,4023.56,13.22,-6436.91,3735.67,6.914692678957188,3806.39,1562.15,62.88,3275.83,4023.56,2849.17,4693.26,1117.01,0.0,1869.6999999999998,383.55,2187.5099999999998,1.0,0.1473573816896823,0.06047576149751791,0.0024342834445885008,0.12681772799437577,0.15576471845274342,0.11030037153018796,0.18169092110606594,0.04324298585305027,0.0,0.07238199358058395,0.014848432175125945,0.08468542267607809,10,0,0.0975609756097561,0.34146341463414637,0.14634146341463414,0.0,0.0975609756097561,0.17073170731707318,0.14634146341463414
98,34,Masculino,Solteiro,0,São Luís,MA,Engenheiro de Produção,Superior,12635.2,0.0,41.4,550,3766.92,10075.72,Frequentemente,5.09,13.4,1,0,1,Em observação,40082.54,110329.54,49,1083.311891891892,4658.73,39.92,70247.0,12635.2,3.1722916930479927,2407.68,5082.58,1381.32,4979.33,3684.57,2895.7400000000002,13224.71,0.0,339.78,4431.53,227.18,1428.1200000000001,1.0,0.0600680495796923,0.12680284233484204,0.03446188789433005,0.12422690777580463,0.09192456366288164,0.07224442363183571,0.3299369251549428,0.0,0.008477007694622146,0.11056010921463559,0.005667804485444286,0.035629478570968806,12,1,0.061224489795918366,0.22448979591836735,0.16326530612244897,0.04081632653061224,0.10204081632653061,0.16326530612244897,0.24489795918367346
99,35,Masculino,Solteiro,2,São Paulo,SP,Funcionário Público,Médio,12436.45,2068.11,17.29,958,7581.25,19076.35,Sempre,25.56,17.0,0,0,0,Saudável,50931.14,62745.46,54,1107.198695652174,5342.01,16.11,11814.32,12436.45,4.095311765013327,5705.3,6460.16,5342.43,0.0,14964.64,1256.55,11997.5,0.0,365.70000000000005,3060.3100000000004,861.31,917.24,1.0,0.11201987624859762,0.1268410642290748,0.10489515844334135,0.0,0.29382102972758906,0.024671546719747486,0.23556315448662646,0.0,0.007180283025276875,0.06008720794390231,0.01691126489609304,0.018009414279751054,13,1,0.05555555555555555,0.16666666666666666,0.18518518518518517,0.018518518518518517,0.1111111111111111,0.3333333333333333,0.12962962962962962
100,25,Feminino,Divorciado,1,Rio de Janeiro,RJ,Recepcionista,Superior,2500.65,0.0,19.41,866,4253.31,5164.99,Frequentemente,19.25,2.9,1,0,1,Saudável,22321.74,31020.300000000003,35,858.5284615384616,3819.99,36.41,8698.560000000001,2500.65,8.92637514246296,3142.48,5909.02,599.88,4352.12,3588.91,856.94,591.37,998.6,111.5,1307.89,447.71,415.32,1.0,0.1407811398215372,0.26472040262094265,0.026874249050477247,0.1949722557470878,0.1607809247845374,0.03839037637746878,0.02649300636957513,0.044736655834177796,0.004995130307941943,0.058592654515284205,0.020057128162947867,0.018606076408021952,6,0,0.08571428571428572,0.17142857142857143,0.2,0.0,0.05714285714285714,0.2571428571428571,0.22857142857142856
101,32,Masculino,Viúvo,0,Belo Horizonte,MG,Analista Financeiro,Superior,12077.75,0.0,22.17,923,12979.11,30866.22,Frequentemente,19.55,2.0,0,0,1,Saudável,26807.3,50094.659999999996,33,1031.05,4777.77,12.59,23287.359999999997,12077.75,2.2195607625592513,3143.27,1613.7400000000002,902.07,7518.030000000001,4081.9,15.47,7508.32,356.37,449.11,180.39,81.04,957.5899999999999,1.0,0.11725425537073857,0.06019778194745462,0.033650162455749,0.28044711701663355,0.15226822544605387,0.0005770816158285244,0.28008490224677607,0.013293766996303247,0.016753272429524794,0.006729137212624919,0.0030230571523428324,0.03572124010997004,9,0,0.06060606060606061,0.15151515151515152,0.06060606060606061,0.0,0.09090909090909091,0.45454545454545453,0.18181818181818182
102,50,Feminino,Casado,0,Fortaleza,CE,Autônomo,Médio,8073.03,0.0,27.68,537,1065.24,5026.78,Às vezes,1.76,27.6,1,1,1,Em observação,20709.27,39106.6,34,767.01,2172.06,30.65,18397.329999999998,8073.03,2.5652413034511206,1638.03,7139.54,0.0,1276.14,0.0,1675.7,4096.68,0.0,0.0,4129.139999999999,538.86,215.18,1.0,0.07909646259863336,0.3447509255516974,0.0,0.06162167956668681,0.0,0.08091545476977219,0.19781865802126294,0.0,0.0,0.19938607203440775,0.02602023151950793,0.010390515938031615,9,1,0.058823529411764705,0.14705882352941177,0.3235294117647059,0.029411764705882353,0.058823529411764705,0.17647058823529413,0.20588235294117646
103,35,Masculino,Casado,1,Maringá,PR,Empresário,Superior,26099.04,1382.65,5.04,878,45461.16,66685.25,Frequentemente,19.75,13.9,0,1,0,Saudável,36847.99,64338.19,31,1417.2303846153845,3759.56,80.12,27490.200000000004,26099.04,1.4118523133417933,1381.59,1540.09,1570.87,0.0,15933.7,3688.45,11914.92,0.0,274.45,0.0,80.12,463.8,1.0,0.03749431108725333,0.04179576687900751,0.04263109059680053,0.0,0.4324170734957321,0.10009908274508325,0.3233533226642756,0.0,0.007448167457709362,0.0,0.0021743384103176324,0.012586846663820742,8,0,0.0967741935483871,0.0967741935483871,0.1935483870967742,0.0,0.12903225806451613,0.3548387096774194,0.12903225806451613
104,46,Feminino,Solteiro,0,Londrina,PR,Eletricista,Médio,3784.94,0.0,45.33,596,1103.13,3440.18,Nunca,10.65,18.7,1,0,0,Em observação,17613.87,10358.78,21,1036.11,4406.29,41.4,-7255.089999999998,3784.94,4.653672185028031,2671.27,5626.81,0.0,0.0,0.0,933.34,8143.93,0.0,0.0,0.0,128.36,110.16,1.0,0.15165718834077918,0.31945336260571927,0.0,0.0,0.0,0.0529889229340287,0.4623589250970968,0.0,0.0,0.0,0.007287438819521208,0.00625416220285491,5,1,0.047619047619047616,0.19047619047619047,0.19047619047619047,0.047619047619047616,0.047619047619047616,0.3333333333333333,0.14285714285714285
105,46,Feminino,Casado,0,São Paulo,SP,Enfermeiro,Superior,2751.1,0.0,83.12,359,195.38,1852.07,Nunca,0.16,21.4,1,0,0,Em risco,10753.789999999999,13708.24,20,672.1118749999999,3006.25,21.48,2954.4500000000007,2751.1,3.9089055286976118,1397.69,3196.57,0.0,0.0,0.0,235.13,5400.48,0.0,182.61,0.0,341.31,0.0,1.0,0.12997185178434767,0.2972505507360661,0.0,0.0,0.0,0.021864849508870826,0.5021931802648183,0.0,0.01698098995795901,0.0,0.031738577747938174,0.0,7,1,0.0,0.25,0.1,0.0,0.15,0.3,0.2
106,44,Feminino,Solteiro,0,Campo Grande,MS,Eletricista,Médio,4509.69,0.0,12.36,860,10457.56,10627.52,Às vezes,14.03,17.2,0,0,0,Saudável,48447.42,29423.68,48,1211.1855,5753.38,37.72,-19023.739999999998,4509.69,10.74296015912402,1967.3999999999999,3080.1,10072.19,4965.58,8718.6,43.74,12386.0,742.54,0.0,3111.7,1581.87,1777.7,1.0,0.04060897360478638,0.06357614089666694,0.20789940929775003,0.10249420918595872,0.1799600474080973,0.0009028344543424604,0.25565860885884123,0.01532671915243371,0.0,0.06422839441192121,0.032651274309344024,0.036693388419858065,12,0,0.10416666666666667,0.08333333333333333,0.25,0.020833333333333332,0.0625,0.3333333333333333,0.14583333333333334
107,28,Masculino,Solteiro,1,Vila Velha,ES,Recepcionista,Médio,2959.65,0.0,28.68,570,535.75,1505.35,Às vezes,6.46,1.5,1,0,0,Em observação,48958.74,35960.66,56,1112.6986363636363,5992.11,18.2,-12998.079999999994,2959.65,16.54207085297248,4253.24,6377.29,2181.14,0.0,0.0,1579.41,28147.08,515.84,954.44,2938.23,509.18,1502.89,1.0,0.0868739677532551,0.13025845844888984,0.04455057462671629,0.0,0.0,0.0322600213976095,0.5749143053926633,0.010536218865109684,0.01949478274971946,0.06001441213560643,0.010400185952497962,0.030697072677932483,15,0,0.07142857142857142,0.19642857142857142,0.16071428571428573,0.03571428571428571,0.10714285714285714,0.25,0.17857142857142858
108,38,Masculino,Solteiro,0,Curitiba,PR,Recepcionista,Médio,2347.31,0.0,55.48,510,136.62,424.23,Nunca,0.0,1.4,1,0,0,Em risco,18131.51,14337.580000000002,26,863.405238095238,4007.58,18.32,-3793.9299999999967,2347.31,7.724378117930737,1311.68,7799.469999999999,0.0,4783.41,0.0,1304.77,576.76,0.0,136.75,2043.4899999999998,175.18,0.0,1.0,0.07234256826927267,0.4301610842119603,0.0,0.26381751988665036,0.0,0.07196146377218444,0.03180981617085395,0.0,0.007542118665240788,0.11270379576769943,0.009661633256138072,0.0,5,2,0.07692307692307693,0.15384615384615385,0.2692307692307692,0.0,0.11538461538461539,0.19230769230769232,0.19230769230769232
109,43,Feminino,União Estável,0,Palmas,TO,Contador,Superior,10791.63,0.0,14.6,834,12636.91,22381.75,Frequentemente,21.99,16.2,1,0,1,Saudável,54054.99,44542.75,46,1351.37475,5558.77,19.4,-9512.239999999998,10791.63,5.008973621223115,2758.38,3889.28,4671.01,0.0,13038.24,3341.98,20580.0,548.27,25.0,2074.59,685.37,2442.87,1.0,0.05102914643032956,0.07195043417823221,0.0864121887729514,0.0,0.24120326356549138,0.06182555949043743,0.3807234077741944,0.010142819377082486,0.0004624919919511594,0.03837925046327823,0.012679125460942645,0.045192312495109146,9,0,0.043478260869565216,0.13043478260869565,0.17391304347826086,0.0,0.08695652173913043,0.4782608695652174,0.08695652173913043
110,43,Masculino,Solteiro,1,Pelotas,RS,Recepcionista,Médio,3274.67,0.0,12.13,894,6767.17,4995.18,Frequentemente,12.24,13.0,0,1,1,Saudável,19071.96,8512.26,30,733.536923076923,2115.35,51.37,-10559.699999999999,3274.67,5.824086091117578,2088.5,4338.32,999.0,0.0,2115.35,2973.82,1943.78,0.0,67.95,3111.25,1001.29,432.7,1.0,0.10950631188404339,0.2274711146625727,0.052380562878697315,0.0,0.11091413782327564,0.15592629179171938,0.10191820872107533,0.0,0.00356282206967716,0.16313215841476178,0.052500634439250085,0.022687757314927254,4,1,0.03333333333333333,0.26666666666666666,0.2,0.06666666666666667,0.03333333333333333,0.3,0.1
111,45,Feminino,Casado,0,Juiz de Fora,MG,Analista de TI,Superior,9642.27,0.0,10.55,872,7809.07,19838.05,Raramente,24.28,18.5,0,1,1,Saudável,45518.57,69971.77,56,1011.5237777777778,5053.85,26.79,24453.200000000004,9642.27,4.720731736406468,4349.61,2795.69,3080.8900000000003,681.37,6815.110000000001,3490.65,19540.640000000003,683.83,161.76,2040.35,958.5899999999999,920.0799999999999,1.0,0.09555682439057289,0.061418669347477306,0.06768424403490708,0.014969055486584925,0.1497215312343951,0.07668628430111052,0.429289408696275,0.015023099363622365,0.003553714451047122,0.04482456281029918,0.021059317109478615,0.020213288774229943,13,1,0.07142857142857142,0.17857142857142858,0.14285714285714285,0.017857142857142856,0.125,0.26785714285714285,0.19642857142857142
112,46,Outro,Solteiro,2,Palmas,TO,Veterinário,Pós-graduação,8304.7,1393.01,10.73,852,22356.61,19551.3,Frequentemente,20.9,7.3,0,0,1,Saudável,20375.65,40046.880000000005,25,1072.4026315789474,3108.15,32.79,19671.230000000003,8304.7,2.4535082543619877,5214.84,0.0,4573.1,0.0,3529.06,1606.79,2844.23,761.16,0.0,1668.19,178.28,0.0,1.0,0.2559349026902209,0.0,0.22443946573483545,0.0,0.17319987337827258,0.07885834316942035,0.1395896572624677,0.03735635427581451,0.0,0.08187174396890405,0.00874965952006439,0.0,7,0,0.08,0.2,0.04,0.0,0.0,0.44,0.24
113,23,Feminino,União Estável,0,São Luís,MA,Engenheiro de Produção,Pós-graduação,8409.26,0.0,83.77,377,1577.7,4685.1,Nunca,1.35,2.1,1,0,1,Em risco,27451.68,50956.01,37,980.4171428571428,4118.91,33.8,23504.33,8409.26,3.264458466024359,2834.4,3405.58,0.0,0.0,0.0,4413.71,13430.650000000001,0.0,0.0,2894.6800000000003,96.52,376.14,1.0,0.10325051144410834,0.1240572525980195,0.0,0.0,0.0,0.16078105238003648,0.4892469240498214,0.0,0.0,0.10544636976680481,0.0035159961066135114,0.013701893654596002,13,3,0.0,0.2972972972972973,0.10810810810810811,0.0,0.24324324324324326,0.16216216216216217,0.1891891891891892
114,35,Masculino,Casado,1,Pelotas,RS,Advogado,Pós-graduação,6739.78,346.28,86.06,369,1103.69,1987.92,Nunca,0.0,9.4,1,0,0,Em risco,46473.8,50602.08,48,1256.0486486486486,5636.06,61.21,4128.279999999999,6739.78,6.895447625886899,2715.79,10268.56,2541.38,0.0,0.0,2888.34,24325.09,735.52,0.0,816.51,523.0600000000001,1659.55,1.0,0.058437011821714596,0.22095374167810677,0.05468414461481523,0.0,0.0,0.06214985647827378,0.5234151285240286,0.015826551734525688,0.0,0.01756925407433866,0.011254943645667021,0.03570936742852962,16,5,0.08333333333333333,0.375,0.10416666666666667,0.020833333333333332,0.020833333333333332,0.1875,0.20833333333333334
115,32,Masculino,Divorciado,2,Duque de Caxias,RJ,Jornalista,Superior,4617.68,618.14,48.62,483,1541.73,2499.68,Raramente,6.96,0.0,0,0,0,Em observação,45440.94,20550.69,47,1136.0235,5757.44,54.8,-24890.250000000004,4617.68,9.840642920254327,6143.42,6069.15,9509.130000000001,8783.490000000002,0.0,207.1,11103.619999999999,54.8,162.53,1295.29,814.67,1297.74,1.0,0.13519570677895307,0.13356127756159972,0.20926349674984718,0.19329463695073212,0.0,0.004557564170107396,0.24435277967401198,0.0012059609682370125,0.0035767305869993005,0.02850491209028686,0.017928106240759984,0.028558828228465342,14,0,0.1702127659574468,0.2127659574468085,0.1702127659574468,0.0,0.02127659574468085,0.2978723404255319,0.1276595744680851
116,29,Feminino,Solteiro,0,João Pessoa,PB,Aposentado,Médio,3442.17,0.0,62.72,466,558.0,1534.66,Nunca,1.46,6.1,1,0,0,Em risco,25967.940000000002,14032.0,24,1366.7336842105265,5201.59,50.23,-11935.940000000002,3442.17,7.5440608685799955,2349.48,5136.89,2892.27,4119.32,0.0,1233.68,9294.17,0.0,0.0,722.18,0.0,219.95,1.0,0.09047617947361246,0.19781661541115697,0.11137849209448265,0.15863098882699203,0.0,0.047507811555325526,0.3579094067530963,0.0,0.0,0.027810446265664503,0.0,0.008470059619669484,5,1,0.2916666666666667,0.16666666666666666,0.0,0.041666666666666664,0.041666666666666664,0.3333333333333333,0.125
117,55,Masculino,Solteiro,1,Belo Horizonte,MG,Aposentado,Médio,3386.1,0.0,55.0,426,324.87,2764.94,Nunca,0.34,9.5,1,0,0,Em risco,51165.56,51798.89,60,1112.2947826086956,5991.74,26.48,633.3300000000017,3386.1,15.110469271433212,3399.47,7590.18,5922.26,584.4,0.0,5274.2,24317.12,534.72,295.14,605.0799999999999,1095.23,1547.76,1.0,0.066440590115695,0.14834548864509645,0.11574699856700485,0.011421745408434892,0.0,0.1030810568671583,0.47526343892258777,0.010450779782337964,0.005768333230399511,0.0118259235313754,0.02140560955455193,0.030250035375357958,16,3,0.16666666666666666,0.2833333333333333,0.08333333333333333,0.016666666666666666,0.1,0.15,0.2
118,38,Masculino,Solteiro,3,João Pessoa,PB,Técnico em Informática,Médio,5820.51,0.0,5.31,927,9404.64,17705.93,Sempre,25.97,18.1,0,1,0,Saudável,36574.38,70468.18000000001,50,988.4967567567567,4123.68,31.0,33893.80000000001,5820.51,6.283707097831632,4693.95,0.0,110.87,4123.68,6403.53,3608.25,12767.619999999999,0.0,610.14,2581.06,1060.93,614.35,1.0,0.12833983788652056,0.0,0.003031356922523362,0.1127477759021479,0.1750823937411926,0.09865512416068298,0.3490864370086383,0.0,0.01668216932180395,0.07057016414222196,0.02900746369453153,0.016797277219736877,10,0,0.06,0.14,0.2,0.04,0.04,0.3,0.22
119,31,Feminino,União Estável,3,Vila Velha,ES,Eletricista,Pós-graduação,3577.63,0.0,61.8,425,668.2,1779.45,Nunca,2.14,7.3,1,0,1,Em risco,29087.27,35451.06,32,1163.4908,5850.68,55.7,6363.789999999997,3577.63,8.13031811562403,1329.26,6376.11,2631.46,0.0,3467.47,0.0,11454.98,0.0,0.0,1223.82,1905.64,698.53,1.0,0.045699029162929346,0.21920620257590345,0.09046775445065831,0.0,0.11920919357505877,0.0,0.39381420119523075,0.0,0.0,0.04207407570390758,0.0655145704632989,0.02401497287301283,7,0,0.125,0.21875,0.0625,0.03125,0.1875,0.1875,0.1875
120,19,Masculino,Divorciado,0,Teresina,PI,Aposentado,Pós-graduação,5507.7,0.0,36.79,590,2727.14,7980.13,Raramente,4.02,1.0,0,0,1,Em observação,32258.02,60351.29,48,896.0561111111111,4807.84,18.87,28093.27,5507.7,5.856894892604899,4340.24,8646.09,5600.6,0.0,0.0,222.77,6728.1,0.0,0.0,5636.11,611.26,472.85,1.0,0.13454762567572343,0.2680291598802406,0.17361883959399865,0.0,0.0,0.006905879530113752,0.20857138782851523,0.0,0.0,0.17471965111311852,0.018949086149738885,0.014658370228550916,15,2,0.0,0.3541666666666667,0.16666666666666666,0.041666666666666664,0.041666666666666664,0.14583333333333334,0.25
121,24,Masculino,Casado,2,Pelotas,RS,Farmacêutico,Superior,3814.02,0.0,62.85,461,603.41,2991.19,Nunca,2.35,0.2,0,0,0,Em risco,32935.51,21044.13,42,941.0145714285715,5642.08,20.82,-11891.380000000001,3814.02,8.635379468382443,4615.07,1902.9099999999999,1888.73,4357.07,0.0,3625.52,13835.66,0.0,0.0,1463.86,1083.42,163.27,1.0,0.14012444319216552,0.057776849364105785,0.05734631101810781,0.13229095283479744,0.0,0.1100793641877718,0.42008336898381105,0.0,0.0,0.044446252692003245,0.03289519427511522,0.004957263452122041,10,2,0.07142857142857142,0.38095238095238093,0.047619047619047616,0.023809523809523808,0.14285714285714285,0.16666666666666666,0.16666666666666666
122,52,Feminino,Divorciado,1,João Pessoa,PB,Estudante,Médio,1412.0,0.0,56.82,361,82.17,889.29,Nunca,1.55,10.1,1,0,0,Em risco,27300.77,12006.25,43,758.3547222222222,4470.38,15.29,-15294.52,1412.0,19.33482294617564,3366.7599999999998,6917.530000000001,2375.64,4470.38,0.0,3707.12,3722.3999999999996,446.49,360.06,202.74,828.3,903.35,1.0,0.12332106383812616,0.253382230611078,0.08701732588494757,0.16374556468553816,0.0,0.13578811147084863,0.13634780264439425,0.01635448377463346,0.013188639001757093,0.007426164170461126,0.03033980360260901,0.03308881031560648,6,3,0.09302325581395349,0.3488372093023256,0.06976744186046512,0.046511627906976744,0.06976744186046512,0.27906976744186046,0.09302325581395349
123,23,Feminino,Divorciado,0,Rio de Janeiro,RJ,Corretor de Imóveis,Médio,9836.65,1307.25,15.65,860,7362.79,22008.54,Às vezes,19.71,0.7,0,1,0,Saudável,43435.29,55687.0,45,1173.9267567567567,4146.02,35.33,12251.71,9836.65,4.415658786273783,3626.74,1175.69,5437.28,2336.08,10927.01,9323.55,7931.9400000000005,0.0,0.0,1951.98,526.21,198.81,1.0,0.0834975431267985,0.027067621742596863,0.1251811602961555,0.05378299534779208,0.25156986404373033,0.21465379878895707,0.18261510398572223,0.0,0.0,0.04493995550622547,0.012114803423667714,0.004577153738354227,8,0,0.06666666666666667,0.17777777777777778,0.2222222222222222,0.0,0.044444444444444446,0.3111111111111111,0.17777777777777778
124,30,Feminino,Casado,0,Fortaleza,CE,Motoboy,Fundamental,2907.33,566.67,23.91,747,5945.09,9120.51,Frequentemente,13.98,1.0,1,0,0,Saudável,26546.41,17344.45,26,1327.3205,4981.0,148.38,-9201.96,2907.33,9.13085545844469,1265.02,4075.98,3151.4900000000002,4679.860000000001,4981.0,2197.2,3360.97,0.0,0.0,2465.3500000000004,0.0,369.54,1.0,0.04765314782676829,0.1535416653325252,0.1187162407270889,0.17628975066685101,0.18763365743239857,0.08276825378648185,0.12660732656506096,0.0,0.0,0.09286943130916762,0.0,0.013920526353657614,5,1,0.15384615384615385,0.19230769230769232,0.15384615384615385,0.0,0.07692307692307693,0.19230769230769232,0.23076923076923078
125,40,Masculino,Casado,0,Caxias do Sul,RS,Autônomo,Médio,5799.78,0.0,6.31,937,11263.27,10589.32,Frequentemente,26.08,19.9,0,0,1,Saudável,16229.08,14892.08,28,676.2116666666667,2792.17,27.01,-1337.0,5799.78,2.7982233808868613,1540.65,3148.83,4851.73,0.0,0.0,1433.5900000000001,1288.74,824.21,0.0,1662.62,194.05,1284.66,1.0,0.09493144404981675,0.19402393727802192,0.29895286732211557,0.0,0.0,0.08833464373827722,0.0794093072435406,0.05078599649518026,0.0,0.10244696557044515,0.01195693163136789,0.07915790667123461,5,1,0.03571428571428571,0.17857142857142858,0.14285714285714285,0.0,0.03571428571428571,0.4642857142857143,0.14285714285714285
126,44,Feminino,Casado,2,Rio de Janeiro,RJ,Empresário,Superior,21136.48,0.0,43.07,576,8890.2,16452.88,Às vezes,5.87,10.8,0,1,1,Em observação,44957.99,107923.29,48,1123.94975,4862.35,17.72,62965.299999999996,21136.48,2.1270329780550026,502.88,3395.52,2955.57,7820.960000000001,1413.36,2379.7,18383.43,54.37,0.0,5590.98,504.38,1956.8400000000001,1.0,0.011185553446673217,0.07552650819131372,0.06574070593458471,0.17396151384881756,0.03143734851135471,0.05293163684586433,0.4089023997736554,0.0012093512187711238,0.0,0.12436009705949932,0.011218917927603081,0.04352596724186291,13,1,0.125,0.1875,0.08333333333333333,0.020833333333333332,0.10416666666666667,0.3333333333333333,0.14583333333333334
127,27,Masculino,União Estável,1,Belém,PA,Desenvolvedor de Software,Superior,5987.59,0.0,73.31,492,-285.83,3368.72,Raramente,0.41,1.6,1,1,1,Em risco,37107.89,61294.8,51,951.484358974359,5103.4,15.09,24186.910000000003,5987.59,6.197466760416127,3438.9,6129.42,4451.49,6645.389999999999,0.0,1379.31,11755.05,1551.06,0.0,0.0,279.64,1477.6299999999999,1.0,0.09267301374451634,0.1651783488632741,0.11996074150268311,0.17908293896527125,0.0,0.03717026217335451,0.3167803397067308,0.04179865791345183,0.0,0.0,0.007535863666729636,0.03981983346398838,15,1,0.11764705882352941,0.27450980392156865,0.0784313725490196,0.0784313725490196,0.09803921568627451,0.1568627450980392,0.19607843137254902
128,42,Feminino,Solteiro,0,Campo Grande,MS,Corretor de Imóveis,Médio,3760.24,0.0,81.82,493,382.35,2335.15,Nunca,0.56,14.8,0,0,0,Em risco,36277.47,23273.809999999998,53,806.166,3638.41,11.45,-13003.660000000003,3760.24,9.647647490585708,3112.88,7817.75,2732.0,2017.76,2194.92,2124.78,10184.68,347.98,0.0,2817.92,1634.1,1292.7,1.0,0.08580752737167173,0.2154987654872294,0.07530844901808202,0.055620196226473344,0.06050366797905146,0.05857023656831637,0.2807439438307026,0.009592179388474445,0.0,0.07767686114825538,0.0450444862885973,0.03563368669314591,6,3,0.11320754716981132,0.39622641509433965,0.09433962264150944,0.03773584905660377,0.03773584905660377,0.16981132075471697,0.1509433962264151
129,21,Masculino,Divorciado,0,São Luís,MA,Autônomo,Médio,8473.25,0.0,13.45,813,22248.1,20072.26,Frequentemente,16.28,1.5,0,0,0,Saudável,50966.049999999996,50443.45,50,1243.0743902439024,5786.82,38.89,-522.5999999999985,8473.25,6.014935237364647,5260.99,3173.35,0.0,2406.12,7501.13,1270.68,25467.42,677.58,123.21,3267.42,671.6999999999999,1146.45,1.0,0.10322538238690265,0.0622639973080119,0.0,0.04721025074534911,0.14717895540266512,0.024931890935240227,0.4996938157852139,0.013294732473872315,0.0024174916439472943,0.06410973579471041,0.013179361555388342,0.022494385968698773,14,1,0.1,0.18,0.2,0.02,0.02,0.3,0.18
130,35,Masculino,Solteiro,2,Olinda,PE,Jornalista,Superior,5514.7,0.0,53.08,709,3391.29,3145.62,Frequentemente,3.7,8.0,1,1,1,Em observação,36712.99,43824.68,46,1048.9425714285715,5821.04,30.74,7111.690000000002,5514.7,6.657295954449018,5609.67,4824.52,3357.76,0.0,4291.81,3056.33,11848.68,646.47,54.74,1417.73,571.11,1034.17,1.0,0.15279796061285122,0.13141179729572558,0.09145972583546043,0.0,0.11690167431200783,0.08324928043180357,0.3227380826241611,0.01760875374084214,0.0014910253836584817,0.03861657685740116,0.015556074294139487,0.02816904861194907,11,0,0.08695652173913043,0.1956521739130435,0.13043478260869565,0.043478260869565216,0.021739130434782608,0.32608695652173914,0.1956521739130435
131,29,Masculino,União Estável,0,Belém,PA,Técnico em Informática,Médio,4728.88,0.0,40.04,694,1149.73,3194.08,Raramente,2.95,2.2,1,0,0,Em observação,24800.96,18786.92,27,1078.3026086956522,4395.65,27.07,-6014.040000000001,4728.88,5.244573767995804,4303.99,684.58,0.0,0.0,2032.3,27.07,13795.73,0.0,0.0,2954.67,685.96,316.66,1.0,0.17354126614453633,0.027602963756241695,0.0,0.0,0.08194440860353792,0.001091490006838445,0.556257902919887,0.0,0.0,0.11913530766550973,0.027658606763609154,0.01276805413983975,11,0,0.07407407407407407,0.2962962962962963,0.037037037037037035,0.037037037037037035,0.14814814814814814,0.2962962962962963,0.1111111111111111
132,44,Feminino,Solteiro,0,Feira de Santana,BA,Empresário,Superior,21068.12,4308.47,18.78,700,29038.95,60193.96,Sempre,23.2,24.7,0,0,1,Saudável,40748.96,142309.54,54,993.8770731707317,5403.8,22.65,101560.58000000002,21068.12,1.9341526438998828,3863.2200000000003,5235.54,852.91,0.0,449.64,1860.69,22816.38,424.77,0.0,1993.3,490.95,2761.56,1.0,0.09480536435776521,0.12848278827238782,0.02093084093434532,0.0,0.011034392043379757,0.04566226966283311,0.5599254557662331,0.010424069718589137,0.0,0.04891658584660811,0.012048160247525336,0.06777007315033316,14,1,0.05555555555555555,0.16666666666666666,0.14814814814814814,0.0,0.05555555555555555,0.37037037037037035,0.2037037037037037
133,39,Masculino,Viúvo,0,Manaus,AM,Analista Financeiro,Superior,10593.22,0.0,0.0,845,10873.93,30907.13,Sempre,32.0,18.9,0,0,1,Saudável,40528.62,79730.63,49,1039.1953846153847,5974.62,24.93,39202.01,10593.22,3.8259018504288598,4296.21,1863.0300000000002,5073.799999999999,1985.57,3881.9199999999996,3160.48,15872.64,136.18,262.71,1991.0900000000001,790.81,1214.18,1.0,0.10600434951893255,0.04596825650614307,0.12519054436099722,0.048991798881876554,0.09578219046195008,0.0779814363282046,0.3916402779073158,0.003360094668903111,0.006482085992565253,0.04912799893013875,0.019512384088083923,0.029958582354888963,9,0,0.10204081632653061,0.22448979591836735,0.08163265306122448,0.02040816326530612,0.08163265306122448,0.30612244897959184,0.1836734693877551
134,24,Masculino,Solteiro,2,Uberlândia,MG,Eletricista,Médio,4593.26,0.0,14.51,840,4386.55,6279.49,Raramente,30.47,6.0,1,1,1,Saudável,32972.44,40889.01,47,845.4471794871796,5190.69,27.32,7916.57,4593.26,7.178439713841586,5919.6,2598.4300000000003,2449.91,0.0,3687.59,2436.7799999999997,9709.259999999998,136.32,129.4,3871.09,336.13,1697.93,1.0,0.17953175439852193,0.0788061180792201,0.07430175018894566,0.0,0.11183855365268691,0.07390353883425065,0.294465923662307,0.004134361909522013,0.003924489664701793,0.1174038075435121,0.010194271336910461,0.051495430729421296,9,0,0.10638297872340426,0.14893617021276595,0.23404255319148937,0.02127659574468085,0.06382978723404255,0.2978723404255319,0.1276595744680851
135,35,Masculino,Casado,0,Campo Grande,MS,Cozinheiro,Médio,1577.94,58.97,71.3,359,299.75,917.43,Raramente,0.24,4.4,1,0,0,Em risco,21500.42,10631.08,22,1264.730588235294,3969.45,48.02,-10869.339999999998,1577.94,13.625625815937234,1957.19,2381.77,3571.34,0.0,0.0,4052.38,8512.71,0.0,0.0,0.0,977.01,48.02,1.0,0.09103031475664197,0.11077783596785552,0.16610559235587027,0.0,0.0,0.1884791087802006,0.3959322655092319,0.0,0.0,0.0,0.04544143788819009,0.0022334447420096913,7,0,0.09090909090909091,0.22727272727272727,0.045454545454545456,0.09090909090909091,0.045454545454545456,0.2727272727272727,0.22727272727272727
136,38,Feminino,Viúvo,1,Vitória,ES,Advogado,Médio,17628.91,1491.73,2.92,746,23655.43,26190.99,Sempre,21.53,8.2,1,0,1,Saudável,30570.93,110560.09,43,955.3415625,5341.92,19.36,79989.16,17628.91,1.7341361434144256,3733.03,3502.56,0.0,0.0,1778.93,617.73,17371.25,712.8900000000001,0.0,999.31,1271.79,583.44,1.0,0.12211044937134723,0.11457158810674062,0.0,0.0,0.05819024805591456,0.020206451030439703,0.5682277248353256,0.023319212075000664,0.0,0.03268824337368866,0.04160128592751349,0.019084797224029497,11,0,0.09302325581395349,0.27906976744186046,0.13953488372093023,0.0,0.06976744186046512,0.18604651162790697,0.23255813953488372
137,18,Feminino,Divorciado,0,Anápolis,GO,Contador,Superior,6999.59,0.0,42.34,710,3351.04,5449.88,Nunca,8.88,0.0,0,0,0,Em observação,28675.05,42519.72,35,1062.0388888888888,5027.63,17.43,13844.670000000002,6999.59,4.0966756624316565,1590.0700000000002,2973.9700000000003,0.0,3208.45,3412.29,1549.1,12119.66,0.0,0.0,2101.4300000000003,728.06,992.02,1.0,0.05545134184596017,0.10371280956789963,0.0,0.11188995311254905,0.11899857192925557,0.05402257363108347,0.4226552351260068,0.0,0.0,0.07328426628724276,0.025390016756727536,0.03459523174327508,8,2,0.08571428571428572,0.14285714285714285,0.08571428571428572,0.02857142857142857,0.08571428571428572,0.34285714285714286,0.22857142857142856
138,37,Feminino,Divorciado,1,Anápolis,GO,Motorista,Pós-graduação,2627.68,0.0,51.01,541,823.26,3636.42,Frequentemente,5.81,1.3,1,0,0,Em observação,30726.96,22142.93,34,1229.0783999999999,5706.72,29.71,-8584.029999999999,2627.68,11.693569993302077,1473.09,965.61,5278.9,0.0,1363.18,1970.71,14240.56,0.0,660.45,3788.92,565.2,420.34,1.0,0.04794128673972303,0.03142549734825704,0.17180026920984048,0.0,0.04436429767214199,0.06413618529135326,0.4634548943338358,0.0,0.021494153668309524,0.12330930231952657,0.018394270048192208,0.013679843368820084,11,1,0.058823529411764705,0.20588235294117646,0.08823529411764706,0.058823529411764705,0.058823529411764705,0.3235294117647059,0.20588235294117646
139,43,Feminino,Casado,0,Niterói,RJ,Estudante,Médio,1412.0,0.0,40.4,572,915.61,1574.33,Raramente,10.04,9.1,1,0,1,Em observação,25366.36,9546.04,22,1409.2422222222222,5522.58,119.61,-15820.32,1412.0,17.964844192634562,369.81,554.1,0.0,0.0,4652.95,3906.71,10738.26,0.0,0.0,3968.47,691.3100000000001,484.75,1.0,0.014578757062503252,0.021843890885408866,0.0,0.0,0.18342994422534412,0.15401145454058052,0.42332679974580506,0.0,0.0,0.15644617517058024,0.027253023295419603,0.019109955074358323,5,3,0.13636363636363635,0.36363636363636365,0.09090909090909091,0.0,0.09090909090909091,0.13636363636363635,0.18181818181818182
140,30,Masculino,Casado,2,Brasília,DF,Vendedor,Médio,1616.31,0.0,55.0,435,114.75,248.46,Raramente,0.0,2.4,0,0,0,Em risco,25371.63,14636.16,34,874.8837931034483,3785.16,70.05,-10735.470000000001,1616.31,15.697254858288325,3380.8500000000004,2001.7600000000002,5783.969999999999,0.0,0.0,2195.69,9493.099999999999,70.05,372.49,326.45000000000005,1131.04,616.23,1.0,0.13325316505088558,0.078897571815449,0.22796998064373472,0.0,0.0,0.08654114851903484,0.37416200693451696,0.002760957809963333,0.014681358667141212,0.012866733434154606,0.044578925358757,0.024288151766362665,9,1,0.08823529411764706,0.35294117647058826,0.17647058823529413,0.029411764705882353,0.08823529411764706,0.14705882352941177,0.11764705882352941
141,46,Masculino,Casado,0,Guarulhos,SP,Jornalista,Superior,4681.26,0.0,84.47,477,-35.25,1341.1,Às vezes,1.36,17.9,0,0,0,Em risco,22742.51,44953.05,39,784.2244827586206,2671.66,23.79,22210.540000000005,4681.26,4.858202706109038,1949.8899999999999,5967.4400000000005,931.04,0.0,0.0,6380.13,5011.2,0.0,0.0,882.98,313.15999999999997,1306.67,1.0,0.0857376780311408,0.26239144228143685,0.0409383133172196,0.0,0.0,0.2805376363470875,0.22034507185002888,0.0,0.0,0.03882509010658894,0.013769808169810632,0.05745495989668687,8,3,0.1282051282051282,0.3076923076923077,0.05128205128205128,0.02564102564102564,0.02564102564102564,0.23076923076923078,0.23076923076923078
142,40,Masculino,Solteiro,1,Campinas,SP,Eletricista,Médio,5798.08,761.19,18.59,773,6559.38,9449.86,Frequentemente,13.95,11.7,0,1,1,Saudável,11659.69,18180.08,20,728.730625,3917.71,33.27,6520.390000000001,5798.08,2.0109570754456647,1820.94,0.0,1702.49,0.0,3917.71,629.6,1221.56,171.38,303.64,988.72,296.74,606.9100000000001,1.0,0.15617396345871973,0.0,0.14601503127441637,0.0,0.3360046450634622,0.05399800509275975,0.10476779399795362,0.014698503991100963,0.02604185874581571,0.08479813785786758,0.025450076288477654,0.05205198422942634,5,0,0.05,0.2,0.2,0.0,0.0,0.35,0.2
143,27,Masculino,Casado,2,Belo Horizonte,MG,Cozinheiro,Pós-graduação,2542.13,0.0,53.67,524,1567.19,3050.59,Raramente,8.67,1.9,1,0,1,Em observação,10800.46,14890.369999999999,22,600.0255555555555,1973.72,31.45,4089.91,2542.13,4.248586814993725,587.86,4433.16,1965.8899999999999,411.27,0.0,1058.01,0.0,0.0,0.0,654.54,321.51,1368.22,1.0,0.054429163202308055,0.4104602952096485,0.18201909918651613,0.03807893367504717,0.0,0.09795971653059223,0.0,0.0,0.0,0.060602974317760544,0.029768176540628827,0.1266816413374986,5,3,0.13636363636363635,0.36363636363636365,0.22727272727272727,0.0,0.045454545454545456,0.045454545454545456,0.18181818181818182
144,19,Masculino,Divorciado,0,Goiânia,GO,Engenheiro Civil,Superior,17290.09,0.0,16.33,744,26819.73,21825.25,Frequentemente,28.61,1.0,1,1,1,Saudável,35305.24,63944.299999999996,42,1008.7211428571428,5963.33,9.29,28639.059999999998,17290.09,2.041935004386906,3700.9900000000002,2009.3000000000002,804.48,3846.81,324.43,1820.49,19660.55,0.0,0.0,881.0899999999999,727.02,1530.08,1.0,0.10482834842646589,0.05691223172537562,0.02278641923975025,0.10895861350892956,0.009189287482538003,0.05156430037014336,0.5568734272872808,0.0,0.0,0.024956352088245256,0.020592410644992076,0.04333860922627916,12,0,0.09523809523809523,0.19047619047619047,0.09523809523809523,0.047619047619047616,0.09523809523809523,0.3333333333333333,0.14285714285714285
145,39,Feminino,Viúvo,3,Belo Horizonte,MG,Jornalista,Superior,6587.91,2110.03,10.16,787,12311.13,8791.64,Às vezes,23.87,7.2,0,0,0,Saudável,21014.2,27774.85,25,1106.0105263157895,5325.27,127.92,6760.649999999998,6587.91,3.1898128541525312,2396.02,2478.12,0.0,0.0,1915.25,2289.7200000000003,9744.220000000001,0.0,0.0,1109.94,127.92,953.01,1.0,0.11401909185217614,0.11792597386529108,0.0,0.0,0.09114075244358576,0.108960607589154,0.46369692874342117,0.0,0.0,0.0528185703000828,0.006087312388765692,0.045350762817523385,5,0,0.04,0.32,0.16,0.04,0.08,0.12,0.24
146,25,Feminino,Solteiro,2,Campinas,SP,Cabeleireiro,Médio,4950.16,0.0,10.29,927,5496.86,6082.57,Sempre,12.13,6.1,0,1,0,Saudável,40311.26,51014.75,52,983.2014634146342,5503.61,18.42,10703.489999999998,4950.16,8.143425667049147,5198.24,3780.76,0.0,3624.01,5184.240000000001,847.1,18711.77,0.0,373.61,681.62,248.7,1661.21,1.0,0.12895255568791447,0.0937891794997229,0.0,0.08990068779790064,0.12860525818344554,0.02101397971683346,0.46418221608553045,0.0,0.009268130046046687,0.01690892321401018,0.006169492097245285,0.04120957767135039,11,0,0.11538461538461539,0.21153846153846154,0.1346153846153846,0.038461538461538464,0.09615384615384616,0.19230769230769232,0.21153846153846154
147,50,Masculino,Viúvo,1,Anápolis,GO,Autônomo,Médio,6588.56,980.3,58.0,568,3222.26,6115.2,Raramente,10.69,30.6,0,0,1,Em observação,42561.04,59327.38,58,905.5540425531915,4479.64,13.11,16766.339999999997,6588.56,6.459839479339947,6458.7,10885.630000000001,6115.49,4479.64,3684.21,1371.71,6166.69,0.0,0.0,265.25,1011.6800000000001,2122.04,1.0,0.15175146096054043,0.25576513167911313,0.14368751327505155,0.10525212729764123,0.08656296932593752,0.03222924063885657,0.14489049139776658,0.0,0.0,0.006232225528323556,0.02377009584352262,0.04985874405324682,8,1,0.06896551724137931,0.3448275862068966,0.20689655172413793,0.034482758620689655,0.05172413793103448,0.15517241379310345,0.13793103448275862
148,20,Outro,União Estável,0,Pelotas,RS,Médico,Pós-graduação,25957.38,0.0,41.27,631,3357.36,25963.63,Às vezes,10.79,1.1,0,0,1,Em observação,31393.96,87468.34,37,1012.7083870967741,5224.31,29.24,56074.38,25957.38,1.2094425554505115,3120.13,7537.03,1119.48,0.0,0.0,1452.58,15061.75,0.0,0.0,2320.22,207.91000000000003,574.86,1.0,0.09938631507461945,0.24007898334584105,0.03565908856353261,0.0,0.0,0.046269409784557285,0.4797658530494401,0.0,0.0,0.07390657311151572,0.006622611483227985,0.01831116558726583,10,3,0.08108108108108109,0.24324324324324326,0.16216216216216217,0.0,0.08108108108108109,0.2702702702702703,0.16216216216216217
149,61,Masculino,Casado,0,Cuiabá,MT,Gerente Comercial,Superior,11966.88,0.0,12.03,940,11902.06,31236.89,Frequentemente,30.11,29.3,0,1,1,Saudável,23575.09,35004.07,26,1122.6233333333334,3795.81,12.23,11428.98,11966.88,1.9700281109194713,1237.73,2578.6,0.0,3345.34,7151.04,0.0,7556.639999999999,0.0,0.0,0.0,947.76,757.98,1.0,0.0525016023268628,0.10937816144074104,0.0,0.1419014731226901,0.303330337233071,0.0,0.32053493751243367,0.0,0.0,0.0,0.040201755327339155,0.032151733036862216,5,0,0.11538461538461539,0.038461538461538464,0.3076923076923077,0.0,0.07692307692307693,0.2692307692307692,0.19230769230769232
150,44,Masculino,Divorciado,2,Guarulhos,SP,Designer Gráfico,Superior,8858.14,0.0,21.32,741,13146.82,13352.6,Frequentemente,32.0,24.9,0,0,1,Saudável,21202.11,23103.06,20,1325.131875,4877.98,22.08,1900.9500000000007,8858.14,2.3935171491983644,2309.07,0.0,0.0,0.0,4583.72,32.11,9590.71,640.8,22.08,3239.71,228.18,555.73,1.0,0.10890755684221995,0.0,0.0,0.0,0.21619169035534672,0.0015144719086921065,0.45234695980730216,0.030223407009962684,0.0010414057846129465,0.15280130137990983,0.01076213641000825,0.026211070501945325,6,0,0.05,0.15,0.1,0.05,0.2,0.3,0.15
151,32,Feminino,Casado,0,Rio de Janeiro,RJ,Funcionário Público,Superior,7083.82,507.68,73.19,418,19.89,5341.89,Às vezes,1.44,4.9,1,0,0,Em risco,40414.31,49066.16,58,841.9647916666667,5823.62,41.2,8651.850000000006,7083.82,5.705157669167201,3364.03,5287.16,4550.46,0.0,0.0,4809.54,18195.55,0.0,664.86,862.52,1035.86,1644.3300000000002,1.0,0.0832385855406167,0.13082395814749775,0.11259526637965613,0.0,0.0,0.1190058669812747,0.45022542757750905,0.0,0.016451103581874838,0.02134194546436646,0.025631020299492924,0.040686826027711474,17,3,0.08620689655172414,0.3275862068965517,0.06896551724137931,0.08620689655172414,0.10344827586206896,0.1896551724137931,0.13793103448275862
152,41,Feminino,Divorciado,0,Belém,PA,Farmacêutico,Superior,7123.62,499.4,12.52,811,5387.43,11551.56,Frequentemente,15.52,6.4,0,1,1,Saudável,48663.47,38798.37,57,1013.8222916666667,5569.74,41.77,-9865.099999999999,7123.62,6.8312838135666984,4511.89,562.72,2891.2799999999997,0.0,11670.3,509.34,14640.1,920.0,403.04,9730.07,1815.12,1009.61,1.0,0.09271615854767447,0.01156349927368517,0.059413765602822806,0.0,0.23981643725776233,0.010466577907411862,0.3008437335027691,0.01890535138575198,0.008282187850558129,0.19994607864996064,0.037299436312289276,0.020746773709314194,14,0,0.08771929824561403,0.15789473684210525,0.19298245614035087,0.017543859649122806,0.05263157894736842,0.3684210526315789,0.12280701754385964
153,18,Masculino,Solteiro,0,Goiânia,GO,Pedreiro,Pós-graduação,3060.27,0.0,8.76,795,4228.39,7797.53,Às vezes,16.52,0.0,1,1,0,Saudável,43377.44,24333.51,39,1355.545,5458.5,33.5,-19043.930000000004,3060.27,14.17438330604816,1910.8200000000002,868.01,1070.05,9252.970000000001,6359.18,3624.85,18821.89,0.0,121.22,113.05,963.62,271.78,1.0,0.044051009003758634,0.020010632254923295,0.024668352950289366,0.21331295715007617,0.14660109033635918,0.08356532796771778,0.4339096544194401,0.0,0.0027945402033868294,0.0026061934498670274,0.022214773393727245,0.006265468870454318,10,1,0.10256410256410256,0.23076923076923078,0.23076923076923078,0.0,0.05128205128205128,0.2564102564102564,0.1282051282051282
154,37,Feminino,Casado,2,Vitória,ES,Engenheiro Civil,Superior,10141.47,0.0,32.36,601,1817.79,12031.82,Raramente,12.0,1.6,0,1,1,Em observação,50142.43,53961.72,57,1023.3148979591837,5955.45,42.45,3819.290000000001,10141.47,4.944296043867408,8468.81,6938.67,2022.6,5214.64,0.0,42.45,20825.5,0.0,0.0,2312.4300000000003,1893.14,2424.19,1.0,0.1688950854595599,0.13837921297392247,0.04033709574904926,0.10399655541225267,0.0,0.00084658840826023,0.41532689979324894,0.0,0.0,0.04611723045731929,0.03775525039372843,0.04834608135265882,12,1,0.05263157894736842,0.3157894736842105,0.21052631578947367,0.0,0.07017543859649122,0.21052631578947367,0.14035087719298245
155,23,Masculino,Casado,0,Maceió,AL,Jornalista,Superior,5025.41,0.0,55.0,377,424.68,3709.13,Frequentemente,1.44,0.9,0,0,0,Em risco,33499.24,24174.18,46,858.9548717948718,2308.46,25.15,-9325.059999999998,5025.41,6.665971532670966,1670.32,12809.04,0.0,0.0,0.0,4704.17,3739.81,1551.38,0.0,7277.43,98.1,1648.99,1.0,0.0498614296921363,0.3823680776041487,0.0,0.0,0.0,0.14042617086238376,0.11163865210076408,0.04631090138164329,0.0,0.21724164488507802,0.0029284246448576146,0.04922469882898836,5,3,0.043478260869565216,0.32608695652173914,0.1956521739130435,0.043478260869565216,0.17391304347826086,0.08695652173913043,0.13043478260869565
156,18,Masculino,Solteiro,1,Campo Grande,MS,Motorista,Médio,3723.35,552.81,1.72,970,3266.14,5930.69,Sempre,18.36,0.0,1,0,0,Saudável,50920.93,43490.26,58,1106.9767391304347,5141.96,18.95,-7430.669999999998,3723.35,13.676106194690266,3895.74,3877.98,3602.1099999999997,0.0,10356.69,0.0,24979.83,778.88,333.22,1759.92,466.0,870.5600000000001,1.0,0.07650567261831234,0.07615689658456748,0.07073928147031093,0.0,0.2033876836106489,0.0,0.4905611503953286,0.015295871461891996,0.006543871056557687,0.03456181966825822,0.009151443227765087,0.017096309906358742,21,1,0.05172413793103448,0.1896551724137931,0.1206896551724138,0.017241379310344827,0.1206896551724138,0.3275862068965517,0.1724137931034483
157,23,Masculino,Solteiro,0,Niterói,RJ,Motorista,Médio,2558.02,0.0,45.95,512,647.83,1894.42,Raramente,6.87,1.7,0,0,0,Em observação,21740.48,23129.25,30,945.2382608695652,5031.46,28.06,1388.7700000000004,2558.02,8.498948405407306,2519.56,2014.82,2844.05,780.69,3827.88,610.64,5031.46,0.0,423.55,1813.12,406.67,1468.04,1.0,0.11589256538954061,0.09267596667598875,0.13081817880745963,0.03590951073757342,0.1760715494782084,0.028087696315812715,0.23143279265223216,0.0,0.019482090551818543,0.08339834263088947,0.018705658752704635,0.06752564800777168,7,0,0.06666666666666667,0.23333333333333334,0.16666666666666666,0.0,0.03333333333333333,0.3,0.2
158,24,Feminino,Divorciado,1,São Luís,MA,Eletricista,Médio,2195.79,0.0,77.65,464,327.13,598.54,Raramente,0.96,1.1,1,0,0,Em risco,49106.02,25513.55,49,1259.1287179487178,5140.99,23.58,-23592.469999999998,2195.79,22.363714198534467,1134.98,10177.27,4681.55,3021.25,0.0,2322.04,22681.1,0.0,917.25,3081.19,655.8,433.59,1.0,0.02311284848578647,0.20725096434205015,0.09533556170913465,0.06152504316171419,0.0,0.0472862594036332,0.4618802338287648,0.0,0.01867897255774343,0.06274566743547941,0.013354778090344117,0.008829670985349657,13,4,0.16326530612244897,0.2653061224489796,0.12244897959183673,0.0,0.04081632653061224,0.22448979591836735,0.1836734693877551
159,44,Masculino,Solteiro,1,Blumenau,SC,Veterinário,Superior,8216.73,0.0,20.6,827,21574.07,10518.39,Frequentemente,14.54,6.4,1,0,1,Saudável,44437.05,53906.79,53,1058.025,5486.54,32.89,9469.739999999998,8216.73,5.408118558112535,1357.89,5394.25,4932.93,1507.27,3499.34,3350.91,16610.66,87.76,0.0,5230.38,1036.83,1428.83,1.0,0.03055760902220107,0.12139082139791008,0.11100939418795802,0.03391921830994631,0.0787482517403833,0.07540802100949545,0.3738020413146237,0.0019749285787422884,0.0,0.11770313285872937,0.023332556954163246,0.03215402462584712,14,1,0.1509433962264151,0.20754716981132076,0.11320754716981132,0.05660377358490566,0.07547169811320754,0.22641509433962265,0.16981132075471697
160,57,Feminino,Casado,1,Brasília,DF,Gerente Comercial,Superior,12129.92,0.0,38.15,660,2351.87,6471.43,Raramente,4.9,17.9,1,1,0,Em observação,46912.56,93703.45,51,1267.907027027027,5952.53,40.51,46790.89,12129.92,3.867507782409117,3168.62,1808.77,4765.43,14103.94,194.86,535.97,16917.09,1031.2,0.0,2311.73,721.9100000000001,1353.04,1.0,0.06754310572690982,0.03855619902218084,0.10158111175344088,0.3006431539869067,0.004153685068561597,0.01142487214511423,0.36060897124352204,0.02198132014113065,0.0,0.04927742165424356,0.015388416236504682,0.028841743021485077,11,0,0.09803921568627451,0.1568627450980392,0.21568627450980393,0.0392156862745098,0.0392156862745098,0.21568627450980393,0.23529411764705882
161,44,Feminino,Solteiro,1,Cuiabá,MT,Corretor de Imóveis,Fundamental,8098.16,0.0,58.0,572,921.04,8049.11,Raramente,6.86,19.6,1,1,0,Em observação,23827.11,60516.31,49,610.9515384615385,3608.13,15.0,36689.2,8098.16,2.9422868898614007,1635.96,5211.46,2636.73,6179.21,0.0,3368.01,913.53,682.2,194.09,112.01,1696.67,1197.24,1.0,0.06865960664134257,0.2187197692040705,0.11066092362858945,0.25933526978303284,0.0,0.14135201457499463,0.0383399413525182,0.028631252384363863,0.008145763376255031,0.004700947785946344,0.07120754468334599,0.050246966585540585,7,2,0.10204081632653061,0.22448979591836735,0.10204081632653061,0.04081632653061224,0.04081632653061224,0.30612244897959184,0.1836734693877551
162,28,Feminino,Divorciado,1,Maringá,PR,Professor,Superior,5514.54,0.0,35.08,609,1270.07,6866.33,Às vezes,4.66,4.3,0,1,1,Em observação,45688.15,56415.5,52,1171.4910256410258,5929.25,19.02,10727.349999999999,5514.54,8.285033747148448,1417.71,9068.78,343.31,4776.65,2578.3,535.05,20152.33,0.0,544.6,3963.2200000000003,1133.87,1174.33,1.0,0.031030146766721788,0.19849304469539694,0.007514202260323519,0.10454899136865904,0.05643257606184536,0.011710914099170133,0.44108439496893614,0.0,0.011919939853112897,0.08674503126084117,0.02481759493435387,0.025703163730639123,14,1,0.057692307692307696,0.25,0.1346153846153846,0.038461538461538464,0.07692307692307693,0.21153846153846154,0.23076923076923078
163,39,Masculino,Solteiro,0,Teresina,PI,Jornalista,Superior,4222.84,0.0,51.66,595,2589.71,3344.68,Às vezes,6.76,7.0,0,0,0,Em observação,13191.65,19366.94,30,527.6659999999999,3844.12,11.13,6175.289999999999,4222.84,3.123881084767597,1205.8400000000001,1335.96,0.0,920.75,0.0,1253.24,3844.12,0.0,453.01,2564.99,479.06,1134.68,1.0,0.09140933848305559,0.10127315385111037,0.0,0.06979794036379074,0.0,0.09500252053382253,0.2914055482066307,0.0,0.03434066246451354,0.19444042254001584,0.03631539648186542,0.08601501707519531,5,0,0.13333333333333333,0.26666666666666666,0.2,0.03333333333333333,0.03333333333333333,0.2,0.13333333333333333
164,41,Feminino,Solteiro,4,Blumenau,SC,Aposentado,Fundamental,2828.8,0.0,44.8,649,1251.69,4495.3,Raramente,9.12,1.9,1,0,1,Em observação,28738.62,15185.050000000001,34,990.9868965517242,3590.92,20.58,-13553.569999999998,2828.8,10.159297228506786,2812.4300000000003,5744.62,847.86,3582.32,3590.92,1658.66,7889.52,710.69,0.0,900.93,487.76,512.9100000000001,1.0,0.09786238866027668,0.19989199203023666,0.029502460452172027,0.12465177520702109,0.12495102409231898,0.057715366987002165,0.2745267518064542,0.024729440731670486,0.0,0.031349104445516175,0.01697228328987265,0.017847412297458964,6,0,0.058823529411764705,0.4117647058823529,0.14705882352941177,0.0,0.029411764705882353,0.20588235294117646,0.14705882352941177
165,49,Masculino,Solteiro,1,Manaus,AM,Corretor de Imóveis,Médio,14489.71,0.0,8.73,859,13490.49,45441.94,Frequentemente,13.11,7.9,0,1,1,Saudável,61273.79,133174.13999999998,60,1332.0389130434783,5130.15,18.48,71900.34999999998,14489.71,4.228779596002957,4052.91,5068.82,3083.56,18314.08,8520.05,3730.26,12760.17,0.0,0.0,4254.69,650.51,838.74,1.0,0.06614426820994751,0.08272411417671405,0.050324290369503824,0.2988892967123464,0.13904884943464407,0.060878558352600684,0.20824842073584807,0.0,0.0,0.0694373564945142,0.01061644791353693,0.013688397600344291,15,1,0.13333333333333333,0.11666666666666667,0.1,0.03333333333333333,0.05,0.3333333333333333,0.23333333333333334
166,47,Masculino,União Estável,2,Goiânia,GO,Estudante,Médio,1412.0,0.0,84.79,434,74.55,609.54,Às vezes,0.0,12.5,0,0,0,Em risco,39480.55,15807.58,48,1012.321794871795,4930.41,15.17,-23672.97,1412.0,27.960729461756376,4169.03,11959.86,951.45,8012.78,0.0,3045.45,9121.460000000001,383.40000000000003,0.0,52.06,355.32,1429.74,1.0,0.10559705981806229,0.3029304303004897,0.02409920834436197,0.2029551260050835,0.0,0.07713798313346698,0.2310368016656303,0.00971111091410834,0.0,0.0013186239806689624,0.008999874621807446,0.03621378121632044,11,2,0.08333333333333333,0.3125,0.08333333333333333,0.0625,0.08333333333333333,0.22916666666666666,0.14583333333333334
167,31,Feminino,Casado,2,Teresina,PI,Contador,Superior,7224.33,0.0,8.55,850,8911.06,15789.78,Frequentemente,30.28,6.1,0,1,1,Saudável,32228.17,23162.19,24,1696.2194736842105,5463.86,106.92,-9065.98,7224.33,4.461060056780352,765.6,1566.68,3634.3,3321.12,7018.41,642.03,10287.98,946.61,0.0,3055.6800000000003,765.05,224.71,1.0,0.023755615041127064,0.04861213031953102,0.11276780530821329,0.10305021973013051,0.2177725263333289,0.019921391751377755,0.3192232137288589,0.02937213003406647,0.0,0.09481394692903757,0.023738549225723955,0.006972471598604576,5,0,0.125,0.125,0.2916666666666667,0.0,0.041666666666666664,0.20833333333333334,0.20833333333333334
168,48,Feminino,Divorciado,2,Olinda,PE,Motorista,Médio,4675.77,0.0,12.74,853,9564.13,14012.22,Frequentemente,27.63,0.3,0,0,0,Saudável,27228.83,11999.65,29,1134.5345833333333,4680.1,59.76,-15229.180000000002,4675.77,5.8233895165929885,1503.1100000000001,1189.79,4202.37,0.0,6043.0,2358.21,8639.89,0.0,0.0,1223.66,702.44,1366.3600000000001,1.0,0.055202886058637116,0.043695964901907275,0.15433531297525452,0.0,0.2219338840486352,0.08660709990109747,0.3173066929427375,0.0,0.0,0.04493986704533393,0.02579765638112251,0.050180635745274406,5,0,0.06896551724137931,0.2413793103448276,0.1724137931034483,0.034482758620689655,0.034482758620689655,0.27586206896551724,0.1724137931034483
169,40,Feminino,Solteiro,4,Fortaleza,CE,Médico,Médio,23770.15,1667.96,5.62,966,15958.7,59839.81,Frequentemente,23.61,4.0,1,1,1,Saudável,47189.43,108376.4,55,1025.8571739130434,5007.52,23.32,61186.969999999994,23770.15,1.9852390498166816,5049.53,3886.41,1702.97,2455.05,14293.42,4502.43,6162.97,934.63,0.0,6617.43,732.09,852.5,1.0,0.10700553068769848,0.08235763814057512,0.03608795444234016,0.052025421794668854,0.30289452532060673,0.095411832692194,0.1306006451020917,0.019805918401642062,0.0,0.14023119160371295,0.015513855539259535,0.01806548627521036,8,1,0.10909090909090909,0.05454545454545454,0.2,0.07272727272727272,0.10909090909090909,0.2909090909090909,0.16363636363636364
170,37,Feminino,Solteiro,0,Joinville,SC,Motorista,Superior,3466.82,0.0,44.06,498,1517.37,2697.68,Às vezes,5.3,16.5,1,0,0,Em observação,17644.96,11526.78,24,882.2479999999999,4792.43,23.58,-6118.1799999999985,3466.82,5.089667187797462,2037.02,4424.8,0.0,1353.1,0.0,42.9,8329.130000000001,0.0,879.5,0.0,305.52,272.99,1.0,0.11544486357577462,0.2507684913992438,0.0,0.07668478704400576,0.0,0.0024312891613242535,0.47204017464477116,0.0,0.049844261477498396,0.0,0.017314859313934405,0.01547127338344774,4,0,0.08333333333333333,0.2916666666666667,0.08333333333333333,0.08333333333333333,0.08333333333333333,0.25,0.125
171,22,Masculino,Solteiro,0,Maringá,PR,Enfermeiro,Superior,3944.78,318.23,27.43,664,874.48,3625.61,Frequentemente,5.81,1.9,0,0,1,Em observação,24428.22,22568.57,26,1110.3736363636365,5410.88,21.06,-1859.6500000000015,3944.78,6.1925430569005115,2944.7799999999997,3264.19,431.61,0.0,0.0,3707.0,12460.28,0.0,270.11,833.88,0.0,516.37,1.0,0.1205482839109849,0.1336237351718627,0.017668499792453156,0.0,0.0,0.15175072109224494,0.5100772794743129,0.0,0.01105729357276134,0.03413592967477778,0.0,0.021138257310602246,3,0,0.038461538461538464,0.2692307692307692,0.3076923076923077,0.038461538461538464,0.0,0.19230769230769232,0.15384615384615385
172,40,Masculino,Solteiro,1,São Paulo,SP,Corretor de Imóveis,Médio,10765.4,1058.95,15.14,844,19774.05,28307.69,Às vezes,20.32,2.7,0,0,0,Saudável,37625.31,74531.06,47,1045.1475,5263.89,14.96,36905.75,10765.4,3.4950220149738978,1705.8400000000001,1672.1,0.0,0.0,15235.039999999999,3524.73,9889.52,978.0500000000001,0.0,3294.7,421.25,904.08,1.0,0.04533756665393588,0.04444082985628557,0.0,0.0,0.4049146704704891,0.09367975971493657,0.2628422197717441,0.025994470211674007,0.0,0.08756605593415709,0.011195921043574126,0.024028506343203554,8,1,0.02127659574468085,0.2127659574468085,0.23404255319148937,0.0,0.14893617021276595,0.1702127659574468,0.2127659574468085
173,30,Feminino,Casado,1,Santos,SP,Técnico em Informática,Médio,4867.29,0.0,42.02,615,1486.48,3800.72,Raramente,9.59,5.4,1,0,0,Em observação,31260.91,24624.68,38,1008.4164516129032,4695.5,15.86,-6636.23,4867.29,6.422652030185175,4331.37,1697.87,5084.95,1819.47,3634.99,781.0699999999999,10443.14,737.77,175.37,1276.16,458.2,820.55,1.0,0.1385554675151811,0.05431287828793211,0.16266161157816583,0.05820272026630063,0.1162790846459684,0.02498551705628531,0.3340638516281196,0.023600400628132706,0.005609881478178339,0.04082286792035165,0.014657282849411613,0.026248436145972717,7,1,0.05263157894736842,0.2631578947368421,0.07894736842105263,0.10526315789473684,0.07894736842105263,0.2631578947368421,0.15789473684210525
174,36,Feminino,Solteiro,2,Blumenau,SC,Médico,Superior,21299.39,0.0,7.24,722,53983.87,49288.51,Frequentemente,18.25,13.9,0,0,1,Saudável,56022.44,111923.20999999999,54,1217.8791304347826,5992.57,44.07,55900.76999999999,21299.39,2.6302368283786532,5524.6,51.55,945.57,11548.21,9871.31,125.93,22196.49,559.95,461.51,979.0,808.1600000000001,2950.16,1.0,0.09861405536781333,0.0009201669902274873,0.016878415149358006,0.20613543430096937,0.1762027858836566,0.002247849254691513,0.39620712700125166,0.009995101962713512,0.00823794893617629,0.017475140318772262,0.014425648008191004,0.05266032682617893,10,0,0.12962962962962962,0.14814814814814814,0.1111111111111111,0.037037037037037035,0.07407407407407407,0.35185185185185186,0.14814814814814814
175,40,Masculino,Casado,2,Vila Velha,ES,Contador,Superior,7222.05,780.46,46.23,687,3997.11,4774.35,Frequentemente,4.49,19.4,0,0,1,Em observação,36347.34,62373.58,55,845.286976744186,3761.31,21.92,26026.240000000005,7222.05,5.032828628990383,6207.7,5780.55,6956.83,633.76,3761.31,4397.04,4808.349999999999,0.0,0.0,2209.56,702.7,889.54,1.0,0.170788288771613,0.1590363971613879,0.1913986002827167,0.017436214039321725,0.10348240063784586,0.12097281396657913,0.1322889102751398,0.0,0.0,0.06079014310263145,0.019332914045429462,0.024473317717335026,11,1,0.09090909090909091,0.2,0.2545454545454545,0.03636363636363636,0.01818181818181818,0.21818181818181817,0.18181818181818182
176,35,Masculino,Casado,1,Joinville,SC,Médico,Pós-graduação,25111.1,0.0,14.17,700,17236.08,43793.69,Raramente,24.56,17.0,0,1,1,Saudável,49433.22,115596.11,56,1051.7706382978724,5396.06,15.47,66162.89,25111.1,1.968580428575411,3741.58,2211.13,3953.37,1852.11,12848.51,5976.41,12609.78,299.07,63.93,4022.03,693.84,1161.46,1.0,0.07568958688104882,0.04472963727630933,0.0799739527386644,0.03746690990390672,0.25991650958606377,0.12089865883711398,0.25508716607981435,0.006049980155045534,0.0012932598766578426,0.0813628972581596,0.014035905409358323,0.023495535997857312,14,0,0.03571428571428571,0.26785714285714285,0.10714285714285714,0.017857142857142856,0.07142857142857142,0.375,0.125
177,53,Masculino,União Estável,1,São Luís,MA,Pedreiro,Fundamental,3232.45,176.4,29.39,688,1546.49,2044.29,Frequentemente,9.21,21.8,1,1,1,Em observação,22159.92,22610.420000000002,33,820.7377777777778,5489.73,47.06,450.50000000000364,3232.45,6.8554563875698,2851.51,2690.21,0.0,1290.15,0.0,0.0,10330.08,0.0,0.0,3224.6400000000003,401.32,1372.01,1.0,0.12867871364156552,0.12139980649749639,0.0,0.05821997552337735,0.0,0.0,0.46616052765533456,0.0,0.0,0.14551677081866723,0.018110173682937485,0.061914032180621595,9,1,0.06060606060606061,0.24242424242424243,0.06060606060606061,0.09090909090909091,0.18181818181818182,0.18181818181818182,0.18181818181818182
178,18,Feminino,Solteiro,0,São Luís,MA,Enfermeiro,Superior,5491.75,750.92,51.35,578,851.96,2846.11,Às vezes,3.73,0.0,0,1,1,Em observação,30884.2,30208.699999999997,48,753.2731707317073,4098.43,11.45,-675.5000000000036,5491.75,5.623744707971047,5695.77,2572.96,1348.28,7037.540000000001,1664.68,3774.8500000000004,3073.16,260.79,0.0,3915.96,468.89,1071.32,1.0,0.184423426865517,0.08330991251189929,0.04365597943284916,0.22786861890545979,0.05390070003432176,0.12222592782069797,0.09950589621877853,0.008444123532421108,0.0,0.12679493074128517,0.015182196721948439,0.03468828721482182,7,1,0.125,0.3333333333333333,0.125,0.041666666666666664,0.020833333333333332,0.22916666666666666,0.125
179,33,Masculino,União Estável,1,Teresina,PI,Jornalista,Superior,2664.52,0.0,68.91,404,128.49,453.12,Raramente,0.38,5.7,1,1,0,Em risco,19526.29,8501.9,22,1084.793888888889,3245.24,30.27,-11024.390000000001,2664.52,7.328257997688139,1108.79,7591.47,0.0,3245.24,0.0,798.7,3186.08,512.55,0.0,2296.8199999999997,488.49,298.15,1.0,0.05678446852935196,0.3887819959654394,0.0,0.16619849444006002,0.0,0.040903827608828915,0.16316873302608942,0.026249226043452183,0.0,0.11762705562603032,0.025017041127628443,0.015269157633119245,4,4,0.13636363636363635,0.4090909090909091,0.09090909090909091,0.0,0.09090909090909091,0.13636363636363635,0.13636363636363635
180,42,Masculino,Solteiro,2,Palmas,TO,Vendedor,Pós-graduação,3937.35,0.0,11.48,808,7125.46,5123.07,Frequentemente,24.68,20.1,0,1,1,Saudável,33987.87,19792.940000000002,41,999.6432352941177,5614.09,11.43,-14194.93,3937.35,8.632168844527412,4120.49,2269.65,4722.71,0.0,10370.23,2911.1,5614.09,444.08,0.0,1150.8300000000002,467.42,1917.27,1.0,0.121234134413248,0.0667782358823898,0.1389528087520636,0.0,0.3051156191900228,0.08565114554104154,0.16517922423499912,0.013065837900403878,0.0,0.03386002123698838,0.013752553484522565,0.056410419364320265,8,1,0.024390243902439025,0.12195121951219512,0.24390243902439024,0.07317073170731707,0.14634146341463414,0.21951219512195122,0.17073170731707318
181,36,Feminino,Viúvo,0,Vila Velha,ES,Enfermeiro,Pós-graduação,5204.15,1434.99,5.72,829,8184.23,9725.53,Frequentemente,16.06,3.1,0,0,0,Saudável,35366.83,31882.7,37,1178.8943333333334,4809.69,16.48,-3484.130000000001,5204.15,6.795889818702382,3034.5099999999998,1553.96,3735.09,2107.88,3726.8,2562.65,14864.009999999998,449.38,0.0,2726.24,130.47,475.84000000000003,1.0,0.08580101750708219,0.04393834561932749,0.10560997409154284,0.05960047875367965,0.10537557366605942,0.07245913755911966,0.42028109389504226,0.012706256116253561,0.0,0.07708465813871358,0.0036890498809194943,0.01345441477225977,11,0,0.08108108108108109,0.21621621621621623,0.08108108108108109,0.0,0.05405405405405406,0.3783783783783784,0.1891891891891892
182,30,Feminino,Solteiro,1,Palmas,TO,Desenvolvedor de Software,Superior,12258.48,0.0,15.19,794,8290.16,24318.63,Sempre,20.95,8.3,1,1,0,Saudável,29024.690000000002,58084.82,33,1074.9885185185185,4845.09,85.38,29060.129999999997,12258.48,2.3677234045330255,2908.71,2394.6,2928.53,0.0,5482.02,1818.9700000000003,6339.52,388.56,0.0,5517.67,990.1600000000001,255.95,1.0,0.10021502382971187,0.08250217314982519,0.10089789072682602,0.0,0.18887436868404106,0.0626697477216811,0.21841818121054868,0.01338722308489772,0.0,0.19010263330977867,0.03411440397813034,0.008818354304559324,8,1,0.030303030303030304,0.21212121212121213,0.2727272727272727,0.0,0.09090909090909091,0.21212121212121213,0.18181818181818182
183,34,Feminino,Casado,0,Porto Alegre,RS,Pedreiro,Fundamental,2407.72,0.0,82.32,428,375.82,1030.25,Nunca,1.58,3.9,0,0,1,Em risco,47589.52,27469.239999999998,60,1034.5547826086956,4988.74,25.55,-20120.28,2407.72,19.765388001927136,2043.69,12034.01,295.19,4988.74,0.0,6032.28,14728.09,1230.97,782.8900000000001,3292.87,1753.75,407.04,1.0,0.042944118789178795,0.2528710102560396,0.006202836254704818,0.10482854208237444,0.0,0.12675647915759605,0.3094817934704952,0.02586640924304343,0.016450890868409687,0.0691931753041426,0.03685160094071132,0.008553143633304141,14,2,0.11666666666666667,0.3333333333333333,0.03333333333333333,0.03333333333333333,0.05,0.21666666666666667,0.21666666666666667
184,45,Masculino,Viúvo,0,Curitiba,PR,Vendedor,Médio,2511.98,134.03,88.39,315,81.82,1368.93,Raramente,0.0,16.9,1,0,0,Em risco,19983.84,16681.46,26,999.192,2827.22,32.29,-3302.380000000001,2511.98,7.955413657752052,2741.7599999999998,3606.59,5600.11,0.0,0.0,438.42,2270.19,0.0,438.04,4433.889999999999,224.96,229.88,1.0,0.13719885667619436,0.18047532406184197,0.28023192739733704,0.0,0.0,0.021938726491004732,0.11360128984219249,0.0,0.021919711126590285,0.22187377400939956,0.011257095733352549,0.011503294662086966,5,1,0.19230769230769232,0.34615384615384615,0.038461538461538464,0.0,0.07692307692307693,0.15384615384615385,0.19230769230769232
185,26,Masculino,Solteiro,3,São Paulo,SP,Empresário,Superior,18923.93,0.0,7.26,911,24857.05,48312.18,Frequentemente,22.71,6.1,0,1,1,Saudável,46106.79,160995.66999999998,58,1072.2509302325582,4867.93,15.78,114888.87999999998,18923.93,2.436427845590213,3460.95,3729.4700000000003,1881.04,0.0,8529.060000000001,3958.4799999999996,19273.920000000002,698.43,0.0,3002.91,970.89,601.64,1.0,0.07506378127820218,0.08088765233927585,0.04079746171876203,0.0,0.1849849013561777,0.08585459972381507,0.41802780024373853,0.015148094239481862,0.0,0.06512945273353447,0.021057419091634874,0.013048837275377444,18,0,0.034482758620689655,0.15517241379310345,0.08620689655172414,0.08620689655172414,0.034482758620689655,0.3448275862068966,0.25862068965517243
186,49,Feminino,Casado,0,Recife,PE,Desenvolvedor de Software,Superior,10970.65,0.0,33.11,541,1458.75,7065.88,Às vezes,8.13,1.4,0,0,1,Em observação,23680.82,29908.67,32,877.0674074074074,4454.04,18.15,6227.8499999999985,10970.65,2.1585612520680177,4594.91,683.94,0.0,7141.49,2490.75,1511.13,5340.0599999999995,0.0,0.0,519.55,671.4300000000001,727.5600000000001,1.0,0.1940350883119757,0.028881601228335847,0.0,0.3015727495922861,0.10518005710950888,0.06381240176649289,0.22550148178990423,0.0,0.0,0.02193969634497454,0.02835332560274518,0.03072359825377669,7,0,0.1875,0.21875,0.21875,0.0625,0.03125,0.15625,0.125
187,47,Feminino,Casado,0,Florianópolis,SC,Professor,Superior,2416.24,0.0,74.53,341,210.3,657.83,Nunca,2.33,9.4,0,0,0,Em risco,40373.63,34859.18,50,1062.463947368421,4120.23,38.43,-5514.449999999997,2416.24,16.709279707313843,5050.62,8520.44,4588.95,4120.23,1410.33,1175.75,12723.130000000001,0.0,0.0,1645.45,419.82,718.91,1.0,0.1250970001954246,0.21103973063606124,0.11366206110275445,0.10205250308183832,0.03493195930115771,0.029121731189392683,0.31513465596232,0.0,0.0,0.04075556247976712,0.010398371412231202,0.017806424639052767,12,3,0.04,0.32,0.14,0.04,0.04,0.18,0.24
188,38,Feminino,Solteiro,1,Campo Grande,MS,Recepcionista,Médio,2383.01,0.0,58.0,579,426.09,3065.01,Raramente,8.32,14.7,0,0,0,Em observação,25081.38,30147.42,48,677.8751351351351,3313.7,18.13,5066.039999999997,2383.01,10.525083822560543,5928.77,3471.21,2429.3599999999997,726.12,0.0,456.63,8800.09,0.0,60.03,1693.69,1002.09,513.39,1.0,0.23638133148973461,0.13839788719759438,0.09685910424386535,0.028950560136643197,0.0,0.018205936037012316,0.3508614757242225,0.0,0.0023934089751042405,0.06752778355895887,0.03995354322609043,0.020468969410774047,7,0,0.020833333333333332,0.20833333333333334,0.20833333333333334,0.08333333333333333,0.125,0.14583333333333334,0.20833333333333334
189,52,Masculino,Solteiro,0,Maceió,AL,Vendedor,Médio,3105.31,0.0,50.45,629,1392.86,3579.82,Nunca,2.59,11.3,0,0,0,Em observação,29009.94,39682.15,44,906.560625,4118.46,40.59,10672.210000000003,3105.31,9.342043145450857,3504.17,3629.4,0.0,3994.46,4118.46,1633.0700000000002,7047.61,822.97,317.31,1342.46,1366.59,1233.44,1.0,0.1207920457608668,0.12510884200380973,0.0,0.13769280460421499,0.14196720158676648,0.05629346355076916,0.24293776546935292,0.028368552296212955,0.010937975052688837,0.0462758626870652,0.04710764655149235,0.04251784043676064,9,1,0.09090909090909091,0.22727272727272727,0.1590909090909091,0.06818181818181818,0.045454545454545456,0.13636363636363635,0.2727272727272727
190,27,Feminino,Divorciado,3,Juiz de Fora,MG,Professor,Superior,6479.13,0.0,9.35,810,14277.84,17880.08,Às vezes,14.76,7.1,1,1,1,Saudável,27122.8,40708.75,40,874.9290322580645,4562.76,19.17,13585.95,6479.13,4.186179317284882,3320.66,3693.98,0.0,0.0,0.0,2472.56,12719.38,460.36,0.0,3470.56,857.56,127.74000000000001,1.0,0.12243057501437904,0.13619464067131712,0.0,0.0,0.0,0.09116167947262083,0.46895527010485644,0.016973173861105785,0.0,0.12795729054522395,0.031617679590602736,0.004709690739894112,13,1,0.125,0.175,0.1,0.05,0.05,0.35,0.15
191,38,Masculino,União Estável,1,Cuiabá,MT,Analista Financeiro,Superior,11276.13,851.54,9.9,700,21827.18,22298.01,Frequentemente,25.26,6.6,1,1,1,Saudável,20349.56,31963.03,20,1271.8475,5802.94,78.78,11613.469999999998,11276.13,1.8046581584284682,1804.92,216.89,0.0,3649.45,0.0,604.94,11544.27,758.5,691.37,1000.4399999999999,0.0,78.78,1.0,0.08869577524034918,0.010658215705892411,0.0,0.17933802991317746,0.0,0.029727424081896613,0.5672982609943409,0.03727353318695834,0.033974690361855485,0.04916273373969756,0.0,0.003871336775832008,5,0,0.1,0.15,0.15,0.0,0.1,0.3,0.2
192,37,Masculino,Viúvo,4,Florianópolis,SC,Corretor de Imóveis,Médio,5787.64,0.0,78.3,369,153.0,2499.64,Raramente,1.61,2.3,0,0,1,Em risco,35158.49,37484.63,33,1352.2496153846153,5608.1,56.3,2326.1399999999994,5787.64,6.07475413121756,5001.65,3906.71,540.63,3857.22,0.0,3452.48,13512.470000000001,901.66,0.0,3238.49,273.76,473.42,1.0,0.14226009137480022,0.11111711566679912,0.015376940249709247,0.10970948979890775,0.0,0.09819761883971696,0.38433021440909443,0.025645583755161273,0.0,0.09211117997388397,0.007786454992805437,0.013465310939121676,7,1,0.15151515151515152,0.21212121212121213,0.18181818181818182,0.030303030303030304,0.12121212121212122,0.09090909090909091,0.21212121212121213
193,58,Masculino,Divorciado,3,Feira de Santana,BA,Funcionário Público,Superior,6399.74,0.0,83.43,440,-21.38,1075.05,Nunca,1.95,15.7,1,1,1,Em risco,26433.899999999998,18829.32,25,1258.7571428571428,5361.85,110.51,-7604.579999999998,6399.74,4.130464675127427,910.0699999999999,5171.76,3130.7200000000003,3231.39,0.0,1410.16,10002.67,932.01,0.0,110.51,285.52,1249.0900000000001,1.0,0.03442813962374073,0.19564876919410304,0.11843579645833571,0.12224416374428292,0.0,0.05334664956741155,0.3784031111565074,0.0352581344410019,0.0,0.004180616556769906,0.010801281687530027,0.04725333757031691,6,5,0.12,0.4,0.04,0.0,0.08,0.24,0.12
194,68,Masculino,Solteiro,0,Cuiabá,MT,Desenvolvedor de Software,Superior,7981.53,0.0,34.22,660,1824.24,9590.22,Frequentemente,12.0,17.4,1,0,1,Em observação,14370.619999999999,24465.55,20,958.0413333333332,4279.69,78.07,10094.93,7981.53,1.8004843682852785,2192.06,1720.99,0.0,1400.03,0.0,0.0,6657.929999999999,885.17,0.0,717.04,443.52,353.88,1.0,0.15253760798072735,0.1197575330779048,0.0,0.09742307569193258,0.0,0.0,0.46330151378298223,0.06159581145420309,0.0,0.04989624664767421,0.030862969029867883,0.0246252423347079,5,0,0.15,0.15,0.15,0.0,0.0,0.35,0.2
195,48,Masculino,Divorciado,1,Campinas,SP,Professor,Superior,6713.6,0.0,1.18,955,10913.62,10606.63,Sempre,11.95,11.1,0,0,1,Saudável,13741.02,32547.81,20,916.068,4614.37,15.01,18806.79,6713.6,2.0467439227836035,1034.09,0.0,0.0,0.0,8082.549999999999,1016.69,1422.71,1462.62,0.0,231.52,0.0,490.84,1.0,0.07525569426432681,0.0,0.0,0.0,0.5882059701535984,0.07398941272190857,0.10353743754102679,0.10644187986044704,0.0,0.016848821994291545,0.0,0.035720783464400746,4,0,0.05,0.1,0.15,0.0,0.05,0.45,0.2
196,33,Masculino,Casado,0,São Luís,MA,Cozinheiro,Superior,3718.36,0.0,10.91,958,5946.42,7528.04,Sempre,16.53,1.9,0,0,0,Saudável,43919.33,36277.29,57,954.7680434782609,4609.98,10.67,-7642.040000000001,3718.36,11.81147871642337,5928.06,2128.77,3310.8,740.25,12153.36,5060.34,9238.970000000001,763.28,420.41,3151.96,563.9100000000001,459.22,1.0,0.13497610277752417,0.04847000170539942,0.07538366363967756,0.016854765316319714,0.2767200683616986,0.11521897078120272,0.21036227100914337,0.01737913579282744,0.009572322710751735,0.0717670328759569,0.012839676743702604,0.0104559882857958,13,0,0.07017543859649122,0.22807017543859648,0.07017543859649122,0.0,0.12280701754385964,0.3157894736842105,0.19298245614035087
197,30,Feminino,Casado,0,Londrina,PR,Estudante,Médio,1412.0,0.0,38.51,520,230.62,2077.9,Às vezes,1.0,8.6,1,0,0,Em observação,24751.98,8259.44,23,1375.11,5130.68,16.71,-16492.54,1412.0,17.529730878186967,1870.31,583.58,3779.55,4890.83,0.0,735.58,11936.490000000002,0.0,0.0,596.27,103.36,256.01,1.0,0.07556203584521319,0.023577103730691447,0.1526968751590782,0.1975934854504569,0.0,0.02971802659827618,0.48224384473484555,0.0,0.0,0.02408978998851809,0.004175827549957619,0.010343010942962947,9,0,0.17391304347826086,0.17391304347826086,0.13043478260869565,0.043478260869565216,0.13043478260869565,0.21739130434782608,0.13043478260869565
198,40,Masculino,Solteiro,1,Feira de Santana,BA,Engenheiro Civil,Pós-graduação,9911.74,0.0,81.13,301,342.16,2366.69,Nunca,1.99,6.8,1,1,0,Em risco,25222.02,37081.78,30,1008.8808,4561.92,38.35,11859.759999999998,9911.74,2.544661179570893,2463.09,6456.38,900.49,3242.32,0.0,1037.6599999999999,7393.74,1631.5900000000001,0.0,0.0,703.01,1393.74,1.0,0.09765633363227846,0.25598187615424933,0.03570253294541833,0.12855116283311172,0.0,0.04114103469904472,0.29314622698737053,0.06468910896113793,0.0,0.0,0.02787286664589117,0.05525885714149779,5,1,0.1,0.36666666666666664,0.06666666666666667,0.06666666666666667,0.06666666666666667,0.16666666666666666,0.16666666666666666
199,49,Masculino,Solteiro,2,Blumenau,SC,Professor,Superior,3631.74,0.0,78.06,406,642.83,1552.27,Nunca,0.17,2.5,1,0,1,Em risco,35240.8,39700.46,51,859.5317073170733,4969.34,28.29,4459.659999999996,3631.74,9.703558074091209,4203.6,8403.0,0.0,2760.54,0.0,1556.1,13386.52,0.0,288.43,3517.0199999999995,512.24,613.3499999999999,1.0,0.11928219563687543,0.23844521123243512,0.0,0.07833363601280334,0.0,0.0441562053074845,0.37985857301763865,0.0,0.008184547456357404,0.09979966402578827,0.01453542484847109,0.017404542462146146,14,4,0.13725490196078433,0.29411764705882354,0.0784313725490196,0.0392156862745098,0.11764705882352941,0.13725490196078433,0.19607843137254902
200,52,Feminino,Casado,1,Fortaleza,CE,Recepcionista,Médio,2370.09,0.0,78.81,361,438.99,561.81,Às vezes,1.52,4.1,0,1,0,Em risco,26434.77,16315.43,37,911.5437931034483,4402.26,29.36,-10119.34,2370.09,11.153487842233838,3313.68,7254.1,1398.48,0.0,0.0,230.15,8395.99,0.0,0.0,4740.79,451.40000000000003,650.1800000000001,1.0,0.12535308610591278,0.27441509799404346,0.052903051549152875,0.0,0.0,0.00870633638953545,0.3176116153081718,0.0,0.0,0.1793391809348067,0.017075994986905506,0.02459563673147147,8,2,0.1891891891891892,0.2702702702702703,0.16216216216216217,0.02702702702702703,0.05405405405405406,0.08108108108108109,0.21621621621621623
201,69,Masculino,Casado,1,Belém,PA,Corretor de Imóveis,Médio,10512.89,0.0,44.79,554,1815.56,10343.01,Às vezes,8.53,1.9,1,1,0,Em observação,30798.97,26670.75,34,1062.0334482758622,4890.16,23.71,-4128.220000000001,10512.89,2.929638757753577,2672.08,4301.57,780.22,9782.65,0.0,1034.53,5522.1,0.0,114.66,5504.22,161.05,925.89,1.0,0.08675874550350222,0.1396660342862115,0.02533266534562682,0.31762912850657016,0.0,0.033589759657546986,0.17929495694174188,0.0,0.0037228517706923312,0.17871441804709703,0.005229070972178615,0.0300623689688324,7,0,0.11764705882352941,0.29411764705882354,0.14705882352941177,0.029411764705882353,0.029411764705882353,0.23529411764705882,0.14705882352941177
202,22,Feminino,Solteiro,0,Manaus,AM,Farmacêutico,Fundamental,8879.17,0.0,8.27,700,20950.61,20505.32,Sempre,26.38,3.9,0,0,1,Saudável,40241.1,103228.23,59,935.839534883721,4531.88,25.7,62987.13,8879.17,4.532079011889625,4510.8099999999995,5179.2,2734.0,4531.88,12161.900000000001,0.0,4306.78,91.39,0.0,4268.34,501.62000000000006,1955.1799999999998,1.0,0.11209459979970726,0.1287042352221982,0.06794048870433463,0.1126181938366496,0.3022258337868498,0.0,0.10702441036651582,0.0022710611787451138,0.0,0.1060691680893415,0.012465365012387835,0.048586644003270285,12,0,0.05084745762711865,0.0847457627118644,0.288135593220339,0.01694915254237288,0.05084745762711865,0.2542372881355932,0.2542372881355932
203,38,Masculino,Solteiro,1,Fortaleza,CE,Motorista,Médio,4022.47,0.0,16.04,956,7045.29,6651.34,Sempre,23.33,9.3,1,1,1,Saudável,36084.96,37903.56,41,1061.3223529411764,4223.8,19.3,1818.5999999999985,4022.47,8.970846271072253,4325.57,0.0,3128.18,0.0,7679.05,2703.16,12175.8,998.37,208.9,3384.75,775.52,705.66,1.0,0.11987182471589271,0.0,0.08668930213584829,0.0,0.21280472529275354,0.07491098784646014,0.33742035462974046,0.02766720539526717,0.005789115465279718,0.0937994665921758,0.02149150227684886,0.019555515649733294,9,0,0.07317073170731707,0.07317073170731707,0.2682926829268293,0.024390243902439025,0.0975609756097561,0.3170731707317073,0.14634146341463414
204,32,Feminino,Casado,1,Manaus,AM,Veterinário,Superior,5084.85,0.0,59.94,459,-69.5,2562.7,Nunca,0.5,5.0,1,0,0,Em risco,22011.24,18471.92,24,1158.4863157894738,4934.07,42.93,-3539.3200000000033,5084.85,4.328788459836574,819.02,5826.3,0.0,5646.25,0.0,1264.05,4934.07,867.12,545.8499999999999,1410.43,244.21,453.94,1.0,0.03720917131429215,0.2646965822915928,0.0,0.2565166705737614,0.0,0.057427477961259785,0.22416138300250232,0.03939441848800885,0.024798693758279856,0.06407771665748954,0.01109478611836498,0.020623099834448218,3,1,0.125,0.3333333333333333,0.125,0.08333333333333333,0.0,0.125,0.20833333333333334
205,40,Masculino,Solteiro,3,Maceió,AL,Aposentado,Médio,5158.06,302.05,27.97,491,1531.82,8193.35,Às vezes,6.36,3.3,0,0,0,Em observação,47081.61,52640.91,51,1272.475945945946,5658.93,48.36,5559.300000000003,5158.06,9.12777478354265,2791.05,544.4,5403.29,0.0,4022.16,184.46,25926.77,0.0,92.18,6142.92,1581.01,393.37,1.0,0.059281107846566844,0.01156290109875172,0.11476434217096654,0.0,0.08542953395179137,0.003917877914540306,0.5506772177077207,0.0,0.001957876971496939,0.1304738729198088,0.03358020254617461,0.008355066872182154,18,2,0.058823529411764705,0.21568627450980393,0.09803921568627451,0.058823529411764705,0.0392156862745098,0.29411764705882354,0.23529411764705882
206,51,Feminino,Casado,1,Goiânia,GO,Eletricista,Pós-graduação,4084.41,0.0,21.7,739,3335.06,12716.57,Frequentemente,16.91,10.7,0,0,1,Saudável,50562.85,35565.01,46,1366.5635135135135,5256.86,21.71,-14997.839999999997,4084.41,12.379474636483605,976.27,2019.51,1916.27,3009.65,9816.74,2564.37,24872.16,885.9,397.06,2109.33,693.8900000000001,1301.7,1.0,0.019308049289152016,0.03994058879196881,0.0378987735066358,0.059522950150159654,0.1941492617603636,0.05071648453360521,0.4919058162267356,0.017520768706669028,0.007852801018929906,0.04171699182304795,0.013723316624755134,0.02574419756797728,12,0,0.043478260869565216,0.08695652173913043,0.08695652173913043,0.06521739130434782,0.1956521739130435,0.34782608695652173,0.17391304347826086
207,45,Masculino,Casado,3,Porto Alegre,RS,Motorista,Médio,3117.01,0.0,19.28,749,7235.63,9927.77,Frequentemente,12.13,23.3,0,1,0,Saudável,35617.21,18627.43,43,1047.565,3938.86,21.14,-16989.78,3117.01,11.426723045482689,4227.93,1719.3,3595.48,2047.4,8647.539999999999,2915.4,8503.27,0.0,0.0,2366.35,206.29,1388.25,1.0,0.11870469360177287,0.04827160802320002,0.10094782831108894,0.05748344690670606,0.24279105522302277,0.08185368814682566,0.23874048528787067,0.0,0.0,0.0664383875098583,0.005791862978599391,0.03897694401105533,11,0,0.046511627906976744,0.09302325581395349,0.09302325581395349,0.06976744186046512,0.046511627906976744,0.46511627906976744,0.18604651162790697
208,41,Feminino,Divorciado,0,Vila Velha,ES,Motoboy,Fundamental,3038.59,226.68,39.45,662,1647.8,4415.27,Nunca,6.85,3.4,0,0,0,Em observação,19901.85,12287.560000000001,26,947.7071428571428,3636.54,144.78,-7614.289999999997,3038.59,6.54969903804067,1290.6999999999998,4003.55,1884.98,0.0,3139.31,0.0,5256.91,1293.6399999999999,360.23,1242.61,1172.47,257.45,1.0,0.06485326740981366,0.20116471584299955,0.09471380801282293,0.0,0.15773960712195098,0.0,0.2641417757645646,0.06500099237005605,0.018100327356502036,0.06243690913156315,0.058912613651494715,0.012935983338232376,5,2,0.0,0.3076923076923077,0.15384615384615385,0.038461538461538464,0.07692307692307693,0.23076923076923078,0.19230769230769232
209,44,Outro,Solteiro,2,Cuiabá,MT,Gerente Comercial,Superior,13681.41,1230.0,0.0,953,22770.87,27866.01,Frequentemente,12.99,15.5,0,1,1,Saudável,26190.97,48706.08,37,844.87,5116.26,10.74,22515.11,13681.41,1.9143472785334261,2992.63,707.29,498.88,0.0,7954.639999999999,336.33,7823.42,0.0,0.0,3422.75,1473.28,981.75,1.0,0.1142619001892637,0.027005109012762794,0.019047786317192526,0.0,0.3037168917378776,0.012841448789411005,0.2987067680196648,0.0,0.0,0.13068435418772195,0.056251448495416544,0.03748429325068907,7,0,0.10810810810810811,0.1891891891891892,0.1891891891891892,0.0,0.13513513513513514,0.21621621621621623,0.16216216216216217
210,63,Feminino,Divorciado,0,Teresina,PI,Analista de TI,Superior,9806.42,2785.65,23.16,700,20876.86,22895.85,Sempre,22.6,21.4,0,1,1,Saudável,25325.07,26375.19,26,1151.1395454545454,5205.63,25.1,1050.119999999999,9806.42,2.5824990159507752,3784.09,932.87,991.48,2905.35,4450.86,1598.63,9660.17,0.0,0.0,0.0,1001.62,0.0,1.0,0.14942071236130838,0.03683583105594575,0.039150138578096724,0.1147222890203265,0.17574916870910917,0.06312440597400126,0.3814469219630982,0.0,0.0,0.0,0.039550532338113974,0.0,6,0,0.07692307692307693,0.19230769230769232,0.19230769230769232,0.038461538461538464,0.07692307692307693,0.3076923076923077,0.11538461538461539
211,31,Masculino,Casado,0,Belo Horizonte,MG,Aposentado,Médio,2818.1,0.0,25.89,480,1420.42,1483.28,Às vezes,5.9,2.4,0,0,1,Em observação,21404.61,25929.05,38,713.487,3925.25,24.75,4524.439999999999,2818.1,7.595404705297896,3224.06,3476.7400000000002,0.0,5973.4400000000005,0.0,1252.84,3896.17,990.87,380.69,674.69,649.76,885.35,1.0,0.15062456171824667,0.16242949532834283,0.0,0.27907259230604997,0.0,0.05853131638464797,0.18202480680563674,0.04629236412156073,0.017785420991085564,0.03152077986938328,0.03035607749919293,0.04136258497585333,6,0,0.13157894736842105,0.2631578947368421,0.15789473684210525,0.02631578947368421,0.02631578947368421,0.18421052631578946,0.21052631578947367
212,48,Feminino,Casado,3,Recife,PE,Funcionário Público,Pós-graduação,7656.28,0.0,58.0,646,3279.34,10651.24,Às vezes,6.55,28.3,0,0,1,Em observação,25731.25,40973.369999999995,37,857.7083333333334,3753.06,41.76,15242.119999999995,7656.28,3.36080315766926,3496.18,1802.13,2424.58,10125.33,0.0,2731.04,1326.31,0.0,159.28,2603.6,429.15999999999997,633.6400000000001,1.0,0.13587291717269856,0.07003662861306777,0.09422705853777022,0.3935032305076512,0.0,0.1061370901141608,0.051544717026961374,0.0,0.006190138450327909,0.10118435754189944,0.01667855234393976,0.02462530969152296,9,1,0.16216216216216217,0.16216216216216217,0.24324324324324326,0.0,0.05405405405405406,0.21621621621621623,0.16216216216216217
213,28,Feminino,Solteiro,1,Joinville,SC,Vendedor,Médio,3721.58,280.77,34.26,546,551.85,2564.21,Às vezes,6.6,3.1,1,0,0,Em observação,19606.86,16329.54,24,980.3430000000001,3326.09,36.54,-3277.3199999999997,3721.58,5.268423626524219,1404.72,1800.91,0.0,3737.8100000000004,0.0,484.29,7769.09,812.29,0.0,2630.5,667.98,299.27,1.0,0.07164431224581601,0.09185101540991265,0.0,0.19063786858273074,0.0,0.024700028459426957,0.3962434576469664,0.04142886724340358,0.0,0.13416222689405646,0.03406868820402655,0.015263535313660625,8,0,0.16666666666666666,0.125,0.20833333333333334,0.0,0.041666666666666664,0.2916666666666667,0.16666666666666666
214,50,Masculino,Solteiro,0,Maringá,PR,Cabeleireiro,Médio,5724.53,0.0,16.23,1000,11784.86,14644.11,Sempre,11.12,23.8,0,1,0,Saudável,21857.47,18759.75,24,1150.393157894737,5467.19,23.03,-3097.720000000001,5724.53,3.818212150167787,1870.35,1686.8600000000001,0.0,0.0,0.0,1520.89,15694.04,0.0,0.0,0.0,683.1400000000001,402.19,1.0,0.08557028786954757,0.07717544619756998,0.0,0.0,0.0,0.06958216115588858,0.7180172270624184,0.0,0.0,0.0,0.03125430344866081,0.01840057426591458,7,1,0.041666666666666664,0.2916666666666667,0.125,0.041666666666666664,0.125,0.20833333333333334,0.16666666666666666
215,34,Feminino,Solteiro,3,Uberlândia,MG,Veterinário,Superior,7100.23,0.0,44.06,522,3670.27,9485.95,Raramente,8.28,3.6,1,0,0,Em observação,10240.77,22860.53,20,682.7180000000001,2167.18,18.95,12619.759999999998,7100.23,1.44231524894264,1861.32,1511.86,2151.57,549.34,2558.0099999999998,1165.0,0.0,0.0,0.0,0.0,128.26999999999998,315.4,1.0,0.18175586406100322,0.1476314769299574,0.21009845939319016,0.053642450714155285,0.24978688125990522,0.11376097695778735,0.0,0.0,0.0,0.0,0.012525425334227794,0.0307984653497735,5,0,0.15,0.1,0.1,0.1,0.05,0.3,0.2
216,35,Masculino,Divorciado,2,Belém,PA,Contador,Superior,10852.59,0.0,14.77,741,22549.07,28852.91,Frequentemente,18.3,9.1,1,1,1,Saudável,17143.3,38570.13,21,1008.4294117647058,4861.2,22.76,21426.829999999998,10852.59,1.5796505718911338,1851.67,1786.35,0.0,0.0,9607.97,1414.79,0.0,0.0,220.18,1639.49,552.47,70.38,1.0,0.10801129304159643,0.10420105813933139,0.0,0.0,0.5604504383636756,0.08252728471181162,0.0,0.0,0.01284350154287681,0.09563444611014216,0.03222658414657622,0.00410539394398978,3,0,0.0,0.19047619047619047,0.047619047619047616,0.14285714285714285,0.047619047619047616,0.38095238095238093,0.19047619047619047
217,53,Feminino,Casado,0,Recife,PE,Analista Financeiro,Superior,9504.32,0.0,17.35,839,13443.96,25685.97,Sempre,20.45,6.4,0,0,1,Saudável,22125.66,26103.38,25,1106.283,5208.45,48.29,3977.720000000001,9504.32,2.327958233729504,232.56,5321.64,1426.54,919.37,0.0,2219.74,10459.47,0.0,0.0,940.4200000000001,0.0,605.92,1.0,0.010510872895994967,0.24051892689302828,0.06447446087483943,0.04155220680422641,0.0,0.1003242389153589,0.4727303049942917,0.0,0.0,0.042503590853335,0.0,0.02738539776892531,5,0,0.08,0.08,0.28,0.08,0.12,0.24,0.12
218,32,Feminino,Solteiro,0,Blumenau,SC,Veterinário,Superior,6386.08,0.0,38.36,605,1700.97,9225.13,Frequentemente,6.64,2.2,0,0,0,Em observação,35321.92,34937.49,44,981.1644444444444,5495.33,15.93,-384.4300000000003,6386.08,5.531080099215794,3479.21,3442.7,2338.87,2664.04,1674.9,22.65,13082.12,612.68,379.85,6546.44,530.41,548.05,1.0,0.09850002491370798,0.09746638914305904,0.06621582292242324,0.07542172112954222,0.047418147144889074,0.0006412448700410397,0.3703683151991738,0.017345602957030647,0.010753945425390241,0.1853364709506165,0.015016454371676285,0.015515860972449969,12,0,0.11363636363636363,0.18181818181818182,0.1590909090909091,0.0,0.11363636363636363,0.2727272727272727,0.1590909090909091
219,24,Masculino,Casado,1,Brasília,DF,Contador,Superior,5617.82,0.0,51.07,649,3223.39,3657.37,Frequentemente,4.15,4.6,1,0,0,Em observação,34345.18,56367.25,37,1226.6135714285715,5653.72,23.98,22022.07,5617.82,6.1136134657215795,5123.8099999999995,1594.58,2187.31,0.0,0.0,23.98,19077.34,287.99,30.63,4757.12,474.36,788.0600000000001,1.0,0.14918570815468138,0.04642805773619471,0.06368608346207531,0.0,0.0,0.0006982056870862229,0.5554590192859667,0.008385164963467945,0.0008918281983090494,0.1385091008403508,0.013811545026114291,0.022945286645753495,10,1,0.08108108108108109,0.16216216216216217,0.13513513513513514,0.05405405405405406,0.05405405405405406,0.2702702702702703,0.24324324324324326
220,36,Masculino,Solteiro,2,Florianópolis,SC,Cabeleireiro,Médio,3232.35,0.0,79.06,337,543.88,866.92,Nunca,1.46,6.5,0,0,1,Em risco,39759.94,37009.9,60,795.1988,3956.91,15.56,-2750.040000000001,3232.35,12.300629572911351,7470.66,10035.93,2304.77,3340.4100000000003,0.0,989.01,8812.439999999999,0.0,288.75,5082.05,441.02,994.9,1.0,0.18789414672154936,0.25241310726324034,0.057967139789446356,0.08401446279848511,0.0,0.02487453451891527,0.22164117953900328,0.0,0.007262334902919873,0.1278183518385591,0.011092069052418087,0.02502267357546314,14,6,0.18333333333333332,0.36666666666666664,0.08333333333333333,0.05,0.0,0.15,0.16666666666666666
221,40,Feminino,Casado,1,Pelotas,RS,Cozinheiro,Médio,2990.82,0.0,51.06,666,1663.67,3829.23,Raramente,5.54,15.4,0,0,0,Em observação,27739.52,22317.010000000002,39,924.6506666666667,4722.06,16.87,-5422.509999999998,2990.82,9.27488782340629,3514.67,2067.6,1724.83,3950.84,3615.36,3182.16,5685.13,0.0,0.0,1924.7,732.54,1341.69,1.0,0.12670262499134807,0.07453625729644925,0.06217951860738758,0.1424264010336156,0.1303324642964262,0.11471575571603257,0.20494694933437926,0.0,0.0,0.06938476224534527,0.026407810949865027,0.04836745552915119,8,0,0.05128205128205128,0.15384615384615385,0.07692307692307693,0.15384615384615385,0.05128205128205128,0.3333333333333333,0.1794871794871795
222,42,Feminino,Casado,3,Belém,PA,Desenvolvedor de Software,Superior,7646.38,0.0,45.47,594,3419.9,6098.87,Raramente,6.56,7.5,0,0,1,Em observação,28506.53,41607.3,52,662.9425581395349,4628.11,18.09,13100.770000000004,7646.38,3.7281079412741716,6710.33,3983.99,0.0,3827.21,4762.63,756.56,4736.9400000000005,0.0,0.0,258.75,739.48,2730.64,1.0,0.23539624079114504,0.13975710126767446,0.0,0.13425730876399197,0.16707154466011823,0.02653988401955622,0.16617034763613814,0.0,0.0,0.009076867651025923,0.025940723055384154,0.0957899821549659,9,0,0.07692307692307693,0.19230769230769232,0.15384615384615385,0.057692307692307696,0.07692307692307693,0.3076923076923077,0.1346153846153846
223,43,Feminino,Solteiro,0,Anápolis,GO,Autônomo,Médio,8468.47,0.0,12.28,921,14499.25,18762.03,Às vezes,19.05,6.5,0,1,0,Saudável,35751.77,58225.45,49,916.7120512820512,5482.17,16.41,22473.68,8468.47,4.221750800321663,5816.65,1726.43,481.03,6540.21,3650.9,1934.06,12110.68,0.0,404.59000000000003,2030.78,607.9,448.54,1.0,0.16269544137255304,0.04828935742202415,0.013454718465687155,0.18293387991699434,0.1021180210098689,0.05409690205547865,0.3387435083633622,0.0,0.011316642504692777,0.05680222265918583,0.017003353959817936,0.01254595227033515,14,0,0.10204081632653061,0.2857142857142857,0.08163265306122448,0.02040816326530612,0.02040816326530612,0.2857142857142857,0.20408163265306123
224,19,Feminino,Divorciado,0,Guarulhos,SP,Advogado,Pós-graduação,16222.15,0.0,55.71,530,5708.83,12690.78,Às vezes,11.48,0.6,0,1,0,Em observação,43681.46,118636.55,52,1120.037435897436,5788.0,25.24,74955.09,16222.15,2.692704727795021,2799.88,1368.71,49.1,6765.98,8935.15,2995.08,15089.84,471.46,629.35,1803.21,1069.22,1704.48,1.0,0.06409767439092008,0.031333888565080015,0.0011240466779269742,0.15489363221833702,0.20455245772462732,0.06856638949339147,0.34545182326781204,0.010793137408868659,0.014407714394161735,0.04128090040946434,0.024477661689879415,0.03902067375953093,14,1,0.038461538461538464,0.21153846153846154,0.1346153846153846,0.057692307692307696,0.057692307692307696,0.2692307692307692,0.23076923076923078
225,47,Feminino,Solteiro,0,Duque de Caxias,RJ,Veterinário,Fundamental,8506.2,0.0,11.15,765,7356.16,11357.56,Sempre,23.13,12.9,0,1,1,Saudável,55871.37,79201.54000000001,57,1330.2707142857143,5721.39,31.84,23330.170000000006,8506.2,6.568311349368695,3311.87,3992.02,1302.77,6919.34,5766.07,4050.6,24677.4,0.0,285.8,3298.15,586.52,1680.83,1.0,0.05927669215915056,0.07145018996312422,0.023317309026071847,0.12384410835102128,0.10320258837397399,0.07249866971223365,0.4416823858086888,0.0,0.005115321138536607,0.05903112810729359,0.010497684234340414,0.030083923125565022,18,1,0.08771929824561403,0.15789473684210525,0.07017543859649122,0.05263157894736842,0.10526315789473684,0.2982456140350877,0.22807017543859648
226,23,Masculino,Casado,0,Florianópolis,SC,Analista de TI,Pós-graduação,8226.17,0.0,1.57,820,19457.23,15485.67,Frequentemente,17.28,3.1,0,0,0,Saudável,43690.310000000005,59428.78,53,1016.0537209302327,5807.39,10.28,15738.469999999994,8226.17,5.31113628821189,5260.04,2270.29,4820.91,905.17,11116.710000000001,1537.96,10944.39,902.92,0.0,4481.39,922.32,528.21,1.0,0.12039374405903733,0.0519632385304659,0.11034277394690034,0.02071786627286462,0.2544433765748057,0.03520139820477355,0.2504992525802632,0.02066636743937042,0.0,0.10257171441447771,0.021110401825942638,0.012089866151098493,12,0,0.05660377358490566,0.1509433962264151,0.24528301886792453,0.05660377358490566,0.03773584905660377,0.2830188679245283,0.16981132075471697
227,41,Feminino,União Estável,2,Juiz de Fora,MG,Professor,Superior,2858.8,0.0,74.73,412,469.94,623.67,Raramente,0.81,0.1,1,0,0,Em risco,20610.22,19330.04,37,664.8458064516129,2882.86,28.26,-1280.1800000000003,2858.8,7.2093955505806635,2298.43,5191.25,285.47,0.0,0.0,4840.73,5042.06,0.0,0.0,1723.0600000000002,76.26,1152.96,1.0,0.11151894545521589,0.25187746661607685,0.013850895332509794,0.0,0.0,0.23487037013675735,0.24463882481603788,0.0,0.0,0.08360221288273488,0.0037001060638848105,0.055941178696782466,8,2,0.13513513513513514,0.21621621621621623,0.13513513513513514,0.0,0.08108108108108109,0.2972972972972973,0.13513513513513514
228,50,Feminino,Solteiro,0,Juazeiro do Norte,CE,Eletricista,Médio,3650.53,0.0,35.52,483,1203.09,3338.61,Frequentemente,7.41,16.3,0,0,1,Em observação,41352.75,50283.18,56,961.6918604651163,4582.16,29.31,8930.43,3650.53,11.32787567832616,3105.31,6997.37,4451.93,1212.68,4442.63,1980.45,11585.34,0.0,0.0,6573.97,202.18,800.89,1.0,0.07509319210935185,0.16921172110681876,0.10765741093397659,0.029325256482337934,0.10743251657991307,0.04789161543065455,0.280158876979161,0.0,0.0,0.15897298244977662,0.004889154892963588,0.019367273035046036,14,1,0.10714285714285714,0.19642857142857142,0.16071428571428573,0.03571428571428571,0.07142857142857142,0.19642857142857142,0.23214285714285715
229,25,Feminino,Solteiro,2,Juazeiro do Norte,CE,Veterinário,Superior,3677.74,0.0,62.3,350,-119.03,2892.91,Nunca,1.06,1.5,0,0,1,Em risco,32520.98,30197.93,54,722.6884444444445,2951.78,16.32,-2323.0499999999993,3677.74,8.842653368644875,6014.99,4244.58,3532.5299999999997,0.0,812.05,2391.4700000000003,5834.66,0.0,428.74,7375.24,463.71,1423.01,1.0,0.18495721838640777,0.13051820701590172,0.10862311037367262,0.0,0.024970034728350743,0.0735362218481731,0.17941218253570465,0.0,0.013183489550437903,0.22678406370287735,0.014258795399154638,0.04375667645931949,11,4,0.07407407407407407,0.2962962962962963,0.16666666666666666,0.018518518518518517,0.037037037037037035,0.2777777777777778,0.12962962962962962
230,35,Masculino,Solteiro,1,Fortaleza,CE,Pedreiro,Pós-graduação,3213.75,0.0,41.98,551,832.14,2939.81,Raramente,3.33,2.9,0,0,1,Em observação,31110.36,41372.42,51,777.759,3315.59,47.56,10262.059999999998,3213.75,9.680392065344224,4124.77,2045.9099999999999,1738.42,0.0,3225.03,4447.59,12516.789999999999,0.0,776.0799999999999,0.0,1120.17,1115.6,1.0,0.13258509384012274,0.06576298056338788,0.055879134796254365,0.0,0.10366418132094904,0.1429617015039363,0.4023351063761396,0.0,0.024946030839887418,0.0,0.03600633358148218,0.03585943717784043,13,2,0.0196078431372549,0.2549019607843137,0.1568627450980392,0.0392156862745098,0.058823529411764705,0.27450980392156865,0.19607843137254902
231,38,Masculino,Divorciado,1,Guarulhos,SP,Eletricista,Médio,2350.49,0.0,55.0,352,104.22,1032.95,Nunca,0.88,15.5,1,0,1,Em risco,40268.13,28636.559999999998,49,1032.5161538461539,4512.83,59.7,-11631.57,2350.49,17.131802305051288,4132.15,10646.66,1373.99,0.0,0.0,1399.18,14922.58,1277.4299999999998,284.94,4826.24,404.67,1000.29,1.0,0.10261589003512206,0.2643941995816543,0.03412102821760037,0.0,0.0,0.03474658495440439,0.3705804068875312,0.03172310211574265,0.007076067351525885,0.11985259807197404,0.01004938645027718,0.02484073633416799,15,4,0.02040816326530612,0.3877551020408163,0.1836734693877551,0.02040816326530612,0.04081632653061224,0.16326530612244897,0.1836734693877551
232,33,Masculino,Solteiro,2,Recife,PE,Vendedor,Pós-graduação,2786.93,0.0,29.34,587,1466.98,2443.72,Às vezes,6.55,2.3,1,0,0,Em observação,29142.95,47257.07,44,857.1455882352941,5565.95,17.96,18114.12,2786.93,10.45700824922047,5569.04,3290.31,2377.28,0.0,4214.54,1792.13,6337.26,0.0,0.0,4343.52,571.56,647.3100000000001,1.0,0.19109390092629605,0.11290243437949829,0.08157307341912881,0.0,0.14461610784083284,0.06149446092451176,0.21745430713088415,0.0,0.0,0.14904187805283955,0.019612290451035325,0.022211546874973193,9,0,0.045454545454545456,0.2727272727272727,0.1590909090909091,0.022727272727272728,0.022727272727272728,0.2727272727272727,0.20454545454545456
233,41,Masculino,Solteiro,0,Duque de Caxias,RJ,Aposentado,Médio,3678.37,0.0,47.76,505,668.28,4252.61,Frequentemente,9.96,3.2,1,1,1,Em observação,40477.91,41427.94,56,879.9545652173914,5268.3,24.04,950.0299999999988,3678.37,11.004306255216306,4435.35,3725.46,6834.76,0.0,1362.77,4753.38,12396.15,0.0,0.0,4681.639999999999,965.7,1322.7,1.0,0.10957458030812361,0.09203686652794078,0.16885160325718396,0.0,0.03366700504052704,0.11743145829416587,0.306244813529157,0.0,0.0,0.11565913358668961,0.02385745706732388,0.03267708238888816,11,3,0.07142857142857142,0.2857142857142857,0.19642857142857142,0.017857142857142856,0.07142857142857142,0.17857142857142858,0.17857142857142858
234,49,Masculino,Casado,1,Campinas,SP,Desenvolvedor de Software,Superior,12112.99,563.63,27.65,674,2411.54,7520.34,Frequentemente,5.56,21.9,1,1,1,Em observação,19497.38,31518.19,23,1026.177894736842,2893.99,16.33,12020.809999999998,12112.99,1.6096256993525133,1268.93,8539.67,2893.99,2152.86,0.0,1551.95,2558.87,0.0,61.02,79.74,374.02,16.33,1.0,0.06508207769454152,0.4379906428453464,0.14842968645017945,0.11041791256055943,0.0,0.07959787417591492,0.1312417360691539,0.0,0.0031296512659649656,0.004089780267912919,0.019183090240842613,0.0008375484295838722,5,2,0.13043478260869565,0.43478260869565216,0.13043478260869565,0.0,0.043478260869565216,0.08695652173913043,0.17391304347826086
235,33,Masculino,Solteiro,1,Brasília,DF,Designer Gráfico,Superior,5662.51,533.12,10.94,781,14744.14,6863.49,Frequentemente,18.42,4.9,1,0,1,Saudável,49371.37,60941.55,57,1097.1415555555557,4205.11,16.26,11570.18,5662.51,8.71899034173891,5532.03,5922.07,0.0,0.0,4647.89,1122.65,24865.6,418.44,0.0,6266.89,376.6,219.2,1.0,0.11204935167891836,0.119949476791914,0.0,0.0,0.09414140219321442,0.022738886929813778,0.5036441160129848,0.008475357276899546,0.0,0.12693368646646833,0.007627902567824227,0.004439820081962481,18,0,0.08771929824561403,0.10526315789473684,0.12280701754385964,0.017543859649122806,0.14035087719298245,0.3333333333333333,0.19298245614035087
236,41,Masculino,Casado,1,Belém,PA,Cozinheiro,Médio,2438.87,101.48,54.88,575,742.99,3257.86,Raramente,7.79,17.7,0,0,0,Em observação,28595.620000000003,17456.62,47,752.5163157894738,4676.02,15.34,-11139.000000000004,2438.87,11.724946389106432,3829.0299999999997,2978.9300000000003,1455.37,3739.65,5809.780000000001,603.68,2696.92,0.0,0.0,5295.91,1366.29,820.0600000000001,1.0,0.13390267460541158,0.10417434558159606,0.0508948573243035,0.13077702109623782,0.20317027572754148,0.02111092537948119,0.09431234573686459,0.0,0.0,0.1852000411251793,0.04777969493230082,0.028677818491083598,11,1,0.06382978723404255,0.1702127659574468,0.0851063829787234,0.0851063829787234,0.10638297872340426,0.3404255319148936,0.14893617021276595
237,19,Masculino,União Estável,0,Londrina,PR,Professor,Superior,5582.32,1889.42,10.63,778,7668.04,16853.57,Frequentemente,10.0,1.0,0,0,0,Saudável,45247.1,40407.42,54,1052.2581395348836,5301.99,15.25,-4839.68,5582.32,8.105429283881971,5055.28,5609.44,8458.0,0.0,9045.5,2658.6499999999996,10078.31,0.0,0.0,2342.63,982.73,1016.56,1.0,0.11172605537150447,0.1239734701229471,0.18692910705879492,0.0,0.19991336461342274,0.05875846186827442,0.2227393578814996,0.0,0.0,0.05177414685140042,0.02171918200282449,0.022466854229331826,11,0,0.018518518518518517,0.2962962962962963,0.12962962962962962,0.0,0.037037037037037035,0.3148148148148148,0.2037037037037037
238,33,Masculino,União Estável,1,Pelotas,RS,Estudante,Médio,1887.37,550.22,19.01,800,1345.28,3781.82,Sempre,26.56,12.0,0,0,0,Saudável,36146.13,23566.27,57,769.0665957446807,5673.37,14.19,-12579.859999999997,1887.37,19.15158659934194,5307.25,3182.23,564.29,0.0,2358.23,34.27,20821.97,83.07000000000001,253.09,565.8299999999999,420.18,2555.72,1.0,0.14682761335722525,0.08803791719888132,0.015611353137943122,0.0,0.06524156251305466,0.0009480959649068934,0.5760497735165564,0.0022981713395043954,0.007001856076985283,0.015653957975584106,0.011624480961032344,0.07070521795832638,14,0,0.10526315789473684,0.14035087719298245,0.15789473684210525,0.017543859649122806,0.05263157894736842,0.38596491228070173,0.14035087719298245
239,45,Masculino,Solteiro,0,Salvador,BA,Aposentado,Médio,4896.1,405.09,33.37,536,2907.67,5275.81,Às vezes,1.0,12.5,1,1,1,Em observação,37171.380000000005,49646.54,40,1239.046,5841.16,143.88,12475.159999999996,4896.1,7.592038561303895,3748.48,4120.51,0.0,2115.76,4156.52,1599.58,15824.380000000001,0.0,443.44,3283.9,258.14,1620.67,1.0,0.10084317558293503,0.11085168212748625,0.0,0.05691905977125412,0.1118204381973443,0.04303256968129781,0.4257140843304714,0.0,0.011929608209326637,0.08834485025845153,0.006944590165874927,0.04359994167555791,9,0,0.15,0.25,0.075,0.075,0.075,0.15,0.225
240,49,Masculino,Solteiro,2,Florianópolis,SC,Motoboy,Fundamental,3450.35,0.0,15.24,909,9474.33,8098.41,Frequentemente,24.57,2.2,0,0,1,Saudável,20042.23,17646.72,25,954.3919047619047,4915.66,33.62,-2395.5099999999984,3450.35,5.808752735229759,921.92,693.69,1935.65,0.0,1075.49,390.76,12228.66,0.0,470.61,882.34,982.37,460.74,1.0,0.045998873378860536,0.03461141799091219,0.0965785743402805,0.0,0.053661194388049636,0.019496832438306515,0.6101446795092162,0.0,0.023480920037341157,0.044024043232714125,0.04901500481732821,0.02298845986699085,9,0,0.08,0.08,0.24,0.0,0.12,0.32,0.16
241,50,Masculino,Casado,1,Rio de Janeiro,RJ,Aposentado,Superior,3792.73,0.0,68.4,446,-106.07,2631.24,Raramente,0.5,5.4,1,0,0,Em risco,32577.46,30198.42,44,930.7845714285714,4729.56,38.48,-2379.040000000001,3792.73,8.589448761182577,3237.36,9262.06,1164.57,2380.1,0.0,1827.22,11396.39,0.0,0.0,2158.41,591.13,560.22,1.0,0.09937422991233817,0.2843088442131461,0.035747722505069454,0.07305971674894236,0.0,0.05608847344145308,0.34982438778222735,0.0,0.0,0.06625470494016415,0.018145367993698713,0.017196552462960587,12,2,0.13636363636363635,0.3181818181818182,0.06818181818181818,0.11363636363636363,0.045454545454545456,0.13636363636363635,0.18181818181818182
242,23,Feminino,Solteiro,0,Vitória,ES,Corretor de Imóveis,Médio,5638.34,0.0,81.25,422,331.81,4607.56,Raramente,1.5,1.4,0,1,0,Em risco,41201.81,23780.25,43,1113.5624324324324,4669.52,39.68,-17421.559999999998,5638.34,7.307436231231177,3911.13,11156.57,2704.55,0.0,0.0,3777.99,15767.98,567.21,0.0,1537.52,448.40999999999997,1330.45,1.0,0.09492616950566007,0.27077863812293684,0.06564153370932006,0.0,0.0,0.09169475807009449,0.38270114832333824,0.01376662821366343,0.0,0.03731680719851871,0.010883259740288108,0.03229105711618009,10,5,0.20930232558139536,0.3023255813953488,0.09302325581395349,0.0,0.06976744186046512,0.20930232558139536,0.11627906976744186
243,33,Masculino,Casado,1,Maringá,PR,Autônomo,Fundamental,2198.03,0.0,66.54,480,423.02,1449.25,Às vezes,0.0,3.8,0,0,0,Em risco,26376.82,22641.02,28,1256.0390476190476,5342.45,170.45,-3735.7999999999993,2198.03,12.000209278308303,2355.04,4877.77,4901.929999999999,0.0,0.0,1084.92,11895.119999999999,277.87,0.0,208.08,574.0,202.09,1.0,0.08928445506319564,0.18492638612236048,0.1858423418744185,0.0,0.0,0.04113156930971967,0.45096869144953783,0.010534628510942563,0.0,0.007888744738751678,0.0217615315265449,0.007661651404528674,9,1,0.14285714285714285,0.2857142857142857,0.10714285714285714,0.03571428571428571,0.07142857142857142,0.14285714285714285,0.21428571428571427
244,35,Masculino,Solteiro,1,São Luís,MA,Designer Gráfico,Superior,4701.93,0.0,58.0,558,689.92,4607.28,Às vezes,7.52,5.0,1,0,1,Em observação,20107.34,21413.14,23,1182.784705882353,5119.51,16.3,1305.7999999999993,4701.93,4.2764013926196265,2636.33,4482.07,2663.87,0.0,2568.67,16.3,7156.88,0.0,0.0,583.22,0.0,0.0,1.0,0.13111281750843223,0.22290715728684152,0.13248246660174842,0.0,0.12774787714337152,0.0008106492454994048,0.3559337038116429,0.0,0.0,0.029005328402463976,0.0,0.0,8,1,0.08695652173913043,0.21739130434782608,0.043478260869565216,0.0,0.17391304347826086,0.2608695652173913,0.21739130434782608
245,18,Masculino,Solteiro,0,Recife,PE,Analista de TI,Pós-graduação,9714.8,3168.59,12.2,832,21658.76,21081.47,Às vezes,18.38,0.0,0,0,1,Saudável,20965.23,28784.97,22,1164.735,4179.05,15.26,7819.740000000002,9714.8,2.158071190348746,1283.53,749.32,0.0,3973.7,10225.66,440.29999999999995,2632.63,0.0,0.0,1173.83,240.71,245.55,1.0,0.06122184206898756,0.03574108178159744,0.0,0.18953762968495932,0.4877437547787456,0.021001439049321183,0.1255712434349635,0.0,0.0,0.055989369064875505,0.011481390855239844,0.011712249281310056,8,0,0.09090909090909091,0.18181818181818182,0.18181818181818182,0.0,0.045454545454545456,0.3181818181818182,0.18181818181818182
246,18,Feminino,Solteiro,0,São Luís,MA,Veterinário,Superior,4135.3,0.0,67.44,401,587.99,799.61,Raramente,0.0,0.0,1,0,1,Em risco,20299.22,12419.77,27,922.6918181818182,5535.73,12.72,-7879.450000000001,4135.3,4.908765990375548,976.96,1968.9099999999999,0.0,0.0,0.0,1647.52,14187.56,0.0,0.0,123.95,701.9300000000001,692.39,1.0,0.04812795762595804,0.09699436727125474,0.0,0.0,0.0,0.08116173921953651,0.6989214363901667,0.0,0.0,0.0061061459504355335,0.034579161169739525,0.03410919237290891,9,1,0.07407407407407407,0.2962962962962963,0.14814814814814814,0.07407407407407407,0.07407407407407407,0.2222222222222222,0.1111111111111111
247,37,Masculino,Solteiro,1,Santos,SP,Cabeleireiro,Médio,2787.83,0.0,34.79,710,1154.16,2413.34,Raramente,1.73,7.3,1,1,0,Em observação,30341.14,19333.239999999998,37,978.7464516129032,5050.99,15.85,-11007.900000000001,2787.83,10.883425459945549,3807.29,1303.47,2612.49,3461.94,0.0,3428.31,10852.6,687.46,232.93,3751.92,156.63,46.1,1.0,0.12548276037090234,0.04296048203857864,0.08610388403336196,0.11410052489787793,0.0,0.11299212883892959,0.3576859669742139,0.022657685241886102,0.007677035206982995,0.12365784542044235,0.005162297791052017,0.0015193891857721892,10,1,0.05405405405405406,0.2702702702702703,0.16216216216216217,0.02702702702702703,0.05405405405405406,0.2972972972972973,0.13513513513513514
248,41,Masculino,Solteiro,1,Recife,PE,Jornalista,Superior,3980.86,0.0,87.19,489,81.53,1483.38,Às vezes,0.71,8.8,1,0,0,Em risco,44000.85,46109.49,52,1157.917105263158,5634.32,11.25,2108.6399999999994,3980.86,11.053101591113478,1844.94,7208.67,2244.3,3521.17,0.0,3050.16,20677.52,0.0,0.0,1834.44,2228.37,1391.28,1.0,0.04192964454095773,0.16383024418846454,0.05100583284186556,0.08002504497072216,0.0,0.06932047903620044,0.4699345580824007,0.0,0.0,0.04169101278725298,0.05064379438124491,0.031619389170891014,14,1,0.1346153846153846,0.21153846153846154,0.11538461538461539,0.057692307692307696,0.038461538461538464,0.23076923076923078,0.21153846153846154
249,28,Masculino,Casado,1,Maringá,PR,Eletricista,Médio,2224.05,0.0,60.24,475,-66.88,1397.1,Às vezes,0.0,0.8,1,0,0,Em risco,21057.68,15442.32,33,752.0600000000001,2583.15,36.67,-5615.360000000001,2224.05,9.46816843146512,1579.3600000000001,3276.44,0.0,0.0,0.0,4662.12,6852.35,265.03,0.0,2332.4,1090.38,999.6,1.0,0.07500161461281585,0.15559358865743994,0.0,0.0,0.0,0.22139760885339696,0.3254085920196337,0.012585906899525493,0.0,0.11076243916708774,0.051780633004205594,0.047469616785894744,11,1,0.06060606060606061,0.42424242424242425,0.09090909090909091,0.0,0.030303030303030304,0.24242424242424243,0.15151515151515152
250,41,Masculino,Casado,0,Uberlândia,MG,Pedreiro,Fundamental,1918.08,0.0,85.08,442,48.42,534.82,Raramente,1.7,3.3,1,1,0,Em risco,32757.85,25027.1,40,1091.9283333333333,5921.54,91.31,-7730.75,1918.08,17.078458667000334,4050.59,5094.26,4085.5600000000004,402.53,0.0,1041.1399999999999,12078.78,0.0,173.68,4870.25,351.90999999999997,609.15,1.0,0.12365249856141354,0.155512648113353,0.12472002893962823,0.012288046987210699,0.0,0.031782916155974825,0.36872932747417797,0.0,0.0053019352613190435,0.14867428723191542,0.01074276852723851,0.018595542747768857,9,8,0.1,0.425,0.1,0.025,0.05,0.075,0.225
251,23,Outro,Solteiro,0,Guarulhos,SP,Enfermeiro,Fundamental,5184.94,0.0,11.27,793,9560.59,6439.79,Às vezes,28.83,4.9,0,0,1,Saudável,40055.090000000004,30286.69,42,1144.431142857143,5695.08,48.06,-9768.400000000005,5184.94,7.725275509456234,3542.07,4068.8599999999997,2251.07,0.0,5550.8,427.48,20967.17,481.3,84.98,1645.43,205.48000000000002,830.45,1.0,0.08842995983781336,0.10158159674588171,0.05619934944597553,0.0,0.1385791418768501,0.010672301572659054,0.5234583170328664,0.012015951031441945,0.002121578056621518,0.04107917370801064,0.005129934797300418,0.02073269589457919,11,1,0.047619047619047616,0.23809523809523808,0.16666666666666666,0.047619047619047616,0.09523809523809523,0.2619047619047619,0.14285714285714285
252,48,Feminino,Divorciado,0,Uberlândia,MG,Professor,Superior,6003.8,0.0,40.72,524,3698.34,4821.79,Raramente,10.26,23.7,0,0,1,Em observação,32529.64,29334.32,39,985.7466666666667,4815.53,15.07,-3195.3199999999997,6003.8,5.418175155734701,1769.75,2548.17,711.52,3551.7999999999997,8300.74,6269.12,5677.65,0.0,443.35,2811.35,296.59,149.6,1.0,0.0544042294965453,0.07833379035242936,0.021872974923792577,0.10918657568912536,0.2551746653206122,0.1927202391419026,0.17453774465379882,0.0,0.013629108714390938,0.08642425799978112,0.009117530965605521,0.004598882742016204,8,1,0.10256410256410256,0.28205128205128205,0.1282051282051282,0.0,0.02564102564102564,0.3333333333333333,0.1282051282051282
253,45,Feminino,Casado,0,Londrina,PR,Engenheiro de Produção,Superior,7250.82,0.0,84.73,466,425.14,5501.01,Nunca,0.41,2.8,0,0,0,Em risco,22352.48,37501.55,39,721.0477419354838,3854.26,25.22,15149.070000000003,7250.82,3.082752019771557,3893.15,6084.68,1967.5500000000002,0.0,0.0,3246.59,3854.26,0.0,0.0,820.9300000000001,1091.35,1393.97,1.0,0.17417083026134014,0.272214984645999,0.0880237897539781,0.0,0.0,0.14524518084794172,0.17243097857597905,0.0,0.0,0.03672657351667467,0.04882455995934232,0.06236310243874506,6,3,0.10256410256410256,0.28205128205128205,0.07692307692307693,0.05128205128205128,0.05128205128205128,0.28205128205128205,0.15384615384615385
254,24,Masculino,Solteiro,0,Goiânia,GO,Funcionário Público,Superior,11071.5,2128.97,26.82,789,16385.41,14556.63,Frequentemente,13.76,1.1,0,0,1,Saudável,31352.68,43153.69,39,950.0812121212122,4342.86,15.89,11801.010000000002,11071.5,2.831836697827756,1591.41,4575.7,0.0,2658.04,12534.76,1802.44,2689.33,506.55,90.17,3649.92,446.46999999999997,807.89,1.0,0.050758340275855206,0.14594286676609464,0.0,0.08477871748124881,0.39979867749742604,0.057489184337670654,0.08577671829011108,0.016156513573959228,0.0028759901864848555,0.1164149284845825,0.014240249956303574,0.02576781315026339,10,0,0.02564102564102564,0.07692307692307693,0.1282051282051282,0.02564102564102564,0.1794871794871795,0.41025641025641024,0.15384615384615385
255,58,Feminino,Casado,0,Curitiba,PR,Motorista,Pós-graduação,4240.47,0.0,7.23,804,5979.7,13391.67,Frequentemente,20.59,31.8,0,0,0,Saudável,29521.02,31839.25,41,922.531875,5983.33,36.09,2318.2299999999996,4240.47,6.961733015444042,3416.62,1498.1799999999998,233.57,0.0,10673.62,1224.69,8349.0,0.0,0.0,2410.09,561.48,1153.77,1.0,0.1157351609124617,0.05074960147040989,0.007911989490878025,0.0,0.3615600002980927,0.041485355180816925,0.2828154311741261,0.0,0.0,0.08163979428895073,0.01901966801960095,0.039082999164663006,8,0,0.07317073170731707,0.04878048780487805,0.024390243902439025,0.04878048780487805,0.024390243902439025,0.5609756097560976,0.21951219512195122
256,42,Feminino,Casado,1,Recife,PE,Analista Financeiro,Fundamental,11280.2,0.0,42.8,559,6481.92,11602.99,Nunca,6.73,10.4,0,0,1,Em observação,15727.43,29585.690000000002,21,925.1429411764706,3500.78,40.77,13858.260000000002,11280.2,1.3942509884576515,1552.1,2292.83,3853.2799999999997,0.0,0.0,1189.61,5570.95,0.0,0.0,183.86,540.9399999999999,543.86,1.0,0.09868745243183405,0.14578542075850917,0.24500379273663908,0.0,0.0,0.07563918580467374,0.3542187121481386,0.0,0.0,0.011690403327180602,0.03439468495488455,0.03458034783814012,8,0,0.047619047619047616,0.14285714285714285,0.2857142857142857,0.047619047619047616,0.09523809523809523,0.19047619047619047,0.19047619047619047
257,40,Feminino,União Estável,1,Rio de Janeiro,RJ,Advogado,Médio,7472.45,0.0,90.15,463,195.97,2128.7,Nunca,0.72,9.6,1,1,1,Em risco,35596.55,44189.04,50,868.2085365853659,3228.32,20.78,8592.489999999998,7472.45,4.763705344298056,2838.33,10038.33,5979.69,0.0,0.0,1517.0900000000001,12248.44,137.46,0.0,0.0,1083.14,1754.0700000000002,1.0,0.07973609802073514,0.2820028907295791,0.16798509967960376,0.0,0.0,0.04261901785425835,0.3440906492342657,0.003861610184133013,0.0,0.0,0.030428229702035733,0.04927640459538916,12,4,0.04,0.38,0.12,0.02,0.06,0.24,0.14
258,43,Feminino,União Estável,1,Manaus,AM,Veterinário,Superior,5848.74,794.54,38.43,698,3749.28,3247.18,Nunca,4.97,7.3,0,1,1,Em observação,18062.1,35629.049999999996,27,903.1049999999999,2644.22,15.36,17566.949999999997,5848.74,3.0882036130858954,1312.8200000000002,3967.8999999999996,4898.21,2644.22,0.0,0.0,2699.27,0.0,0.0,1271.92,1169.03,98.72999999999999,1.0,0.07268368572868052,0.21968098947519946,0.27118718199987824,0.14639604475670048,0.0,0.0,0.14944386311669186,0.0,0.0,0.07041927572098483,0.06472281739111178,0.005466141810752902,7,0,0.1111111111111111,0.2222222222222222,0.1111111111111111,0.0,0.037037037037037035,0.3333333333333333,0.18518518518518517
259,36,Masculino,Casado,0,Manaus,AM,Analista de TI,Superior,9775.76,208.88,30.03,613,3304.81,10646.75,Às vezes,6.79,16.9,1,0,1,Em observação,33668.37,59698.14,39,1160.978275862069,5745.46,15.15,26029.769999999997,9775.76,3.4440667528662736,2560.8,1617.21,0.0,0.0,6585.42,3073.49,16768.32,0.0,0.0,1725.49,1113.35,224.29,1.0,0.07605951817685264,0.04803351038378157,0.0,0.0,0.1955966386255111,0.09128716359004013,0.498043712837895,0.0,0.0,0.051249585293258924,0.03306812892931852,0.006661742163342032,15,1,0.10256410256410256,0.358974358974359,0.05128205128205128,0.02564102564102564,0.1282051282051282,0.1794871794871795,0.15384615384615385
260,46,Masculino,Casado,1,Goiânia,GO,Recepcionista,Superior,2766.89,0.0,13.28,700,3358.5,5561.28,Sempre,23.63,16.8,1,1,1,Saudável,26245.059999999998,23376.09,29,1093.5441666666666,4205.53,37.41,-2868.9699999999975,2766.89,9.485400576098074,2988.2200000000003,0.0,0.0,3302.29,1316.23,1905.0100000000002,13692.63,0.0,466.25,1952.5,133.95,487.98,1.0,0.11385837944359817,0.0,0.0,0.12582520291437704,0.050151533279024704,0.0725854694178638,0.5217221831460854,0.0,0.017765248012387855,0.07439495280254646,0.0051038176327278355,0.018593213351388797,8,0,0.10344827586206896,0.1724137931034483,0.1724137931034483,0.034482758620689655,0.034482758620689655,0.3448275862068966,0.13793103448275862
261,43,Feminino,Solteiro,0,Goiânia,GO,Médico,Pós-graduação,19441.86,0.0,25.0,637,11670.51,9853.18,Frequentemente,1.0,2.4,0,1,0,Em observação,44753.45,134298.47999999998,59,952.2010638297871,4379.29,27.48,89545.02999999998,19441.86,2.3019119569835396,7303.48,4075.4500000000003,2553.33,7074.63,3403.36,3642.68,11479.83,0.0,0.0,2355.58,1354.79,1510.32,1.0,0.16319367557138054,0.09106448776574769,0.05705325511217571,0.15808010332164338,0.07604687459849464,0.08139439529242998,0.25651273812409997,0.0,0.0,0.052634601354755894,0.030272303029151945,0.03374756583012036,15,2,0.11864406779661017,0.2711864406779661,0.06779661016949153,0.05084745762711865,0.06779661016949153,0.2542372881355932,0.1694915254237288
262,34,Feminino,Casado,2,Palmas,TO,Motoboy,Superior,2416.45,0.0,75.3,509,124.23,648.61,Às vezes,2.62,5.1,0,0,0,Em risco,41939.97,28266.48,55,892.3397872340425,4615.12,41.22,-13673.490000000002,2416.45,17.35602640236711,3350.71,13759.439999999999,455.08,1946.77,0.0,7039.99,11283.38,0.0,847.71,1393.47,681.75,1181.67,1.0,0.07989299944658997,0.32807462666282305,0.010850746912789875,0.04641801126705622,0.0,0.1678587276051938,0.2690364346946361,0.0,0.020212460810057804,0.033225345654753685,0.01625537643446097,0.02817527051163842,12,4,0.07272727272727272,0.2909090909090909,0.18181818181818182,0.03636363636363636,0.10909090909090909,0.2,0.10909090909090909
263,39,Outro,Casado,1,Caxias do Sul,RS,Pedreiro,Fundamental,3861.65,0.0,25.52,794,5264.62,7968.96,Sempre,13.21,17.5,0,0,1,Saudável,47617.479999999996,62041.39,60,1082.2154545454543,5558.66,39.14,14423.910000000003,3861.65,12.330863749951444,3494.86,2710.58,2654.32,553.16,19189.04,5243.68,8731.9,0.0,469.19,1951.27,1592.39,1027.09,1.0,0.07339447614615474,0.0569240539398557,0.05574255504491209,0.01161674242316057,0.4029831062038563,0.11012090518019854,0.18337593673583735,0.0,0.009853314371109098,0.04097801899638536,0.03344129088729601,0.021569600071234346,12,0,0.03333333333333333,0.16666666666666666,0.13333333333333333,0.1,0.08333333333333333,0.25,0.23333333333333334
264,30,Feminino,Casado,0,Olinda,PE,Pedreiro,Fundamental,2187.27,228.09,46.29,480,1381.99,2467.94,Frequentemente,7.77,7.4,1,0,0,Em observação,53520.53,25618.8,52,1274.2983333333334,5525.53,15.26,-27901.73,2187.27,24.469100751164692,5484.71,6935.139999999999,3688.54,12164.17,4430.91,972.52,16749.76,0.0,254.2,455.87,509.71999999999997,1874.99,1.0,0.1024786189523908,0.12957906059599933,0.06891822633296045,0.22728044733488253,0.08278897836026661,0.018170971027379586,0.3129595316040405,0.0,0.004749579273598374,0.008517666024607753,0.009523821980088762,0.03503309851378527,11,1,0.15384615384615385,0.19230769230769232,0.1346153846153846,0.038461538461538464,0.038461538461538464,0.25,0.19230769230769232
265,27,Feminino,Casado,1,Guarulhos,SP,Enfermeiro,Fundamental,4594.24,124.41,92.09,358,798.89,3797.76,Nunca,0.0,3.4,1,0,0,Em risco,34738.46,23503.3,31,1389.5384,5546.18,61.32,-11235.16,4594.24,7.5613072020617125,1516.8899999999999,6402.92,0.0,6898.0,0.0,892.37,13532.86,0.0,0.0,4694.67,499.4,301.35,1.0,0.04366601167697128,0.1843179001026528,0.0,0.1985695393520611,0.0,0.025688242944563462,0.3895641890861023,0.0,0.0,0.1351432965076748,0.01437599709371112,0.008674823236263209,7,3,0.1935483870967742,0.22580645161290322,0.16129032258064516,0.0,0.03225806451612903,0.22580645161290322,0.16129032258064516
266,19,Feminino,Casado,0,Maceió,AL,Advogado,Pós-graduação,10884.19,0.0,29.01,510,4539.79,17215.25,Raramente,1.0,1.0,0,0,1,Em observação,38118.520000000004,100502.7,55,929.7200000000001,4288.76,18.99,62384.17999999999,10884.19,3.502191711096554,4800.18,2976.67,3761.7,0.0,1204.69,942.33,20160.65,0.0,410.27,1814.7,704.58,1342.75,1.0,0.1259277642468805,0.0780898628803007,0.0986843140814491,0.0,0.031603797838950724,0.024721054227708733,0.5288938290363844,0.0,0.010763009686630014,0.0476067801163319,0.018483928547068457,0.0352256593382954,14,1,0.03636363636363636,0.2,0.2,0.07272727272727272,0.09090909090909091,0.16363636363636364,0.23636363636363636
267,32,Masculino,Divorciado,0,Maceió,AL,Empresário,Superior,23276.49,0.0,41.67,500,4040.29,36046.85,Nunca,5.37,5.2,1,1,1,Em observação,35782.99,159479.08000000002,58,777.8910869565217,5486.78,21.56,123696.09000000003,23276.49,1.5373018010877069,4867.360000000001,3229.6,0.0,12189.42,0.0,5715.12,6090.99,0.0,0.0,1140.62,1380.3400000000001,1169.54,1.0,0.13602440712752067,0.0902551743160647,0.0,0.34064844776805964,0.0,0.15971611092309504,0.17022026387398034,0.0,0.0,0.0318760394254365,0.03857531190098983,0.032684244664853326,13,1,0.20689655172413793,0.20689655172413793,0.10344827586206896,0.017241379310344827,0.017241379310344827,0.29310344827586204,0.15517241379310345
268,33,Feminino,Solteiro,1,Belém,PA,Pedreiro,Fundamental,3125.44,0.0,33.88,554,984.53,4919.76,Frequentemente,2.28,3.9,0,1,0,Em observação,42705.2,57463.4,49,1154.1945945945945,5486.22,36.32,14758.200000000004,3125.44,13.663740145387528,1951.79,3302.8,0.0,4919.2,0.0,971.84,24882.6,933.56,0.0,2649.75,1222.91,1870.75,1.0,0.04570380187892809,0.07733952773901072,0.0,0.11518971928477094,0.0,0.02275694763167015,0.5826597229377218,0.02186056967301406,0.0,0.06204747899553217,0.028636091155175486,0.043806140704176544,19,0,0.10204081632653061,0.10204081632653061,0.12244897959183673,0.12244897959183673,0.04081632653061224,0.2653061224489796,0.24489795918367346
269,38,Masculino,Viúvo,2,Belém,PA,Motorista,Médio,2918.46,0.0,25.0,522,389.61,3711.47,Nunca,9.38,6.9,1,0,0,Em observação,48916.31,41242.88,60,1040.7725531914894,4583.12,20.83,-7673.43,2918.46,16.76100066473414,2861.28,5245.12,5530.89,571.48,14198.02,1762.5,14224.36,970.67,488.0,173.18,1561.53,1329.28,1.0,0.058493373682520215,0.10722640362692934,0.11306842237282412,0.011682810907036939,0.2902512474878011,0.03603092710795234,0.2907897181941974,0.019843483696950975,0.009976222654570634,0.003540332457619964,0.03192248147908131,0.02717457633251568,14,2,0.1,0.13333333333333333,0.1,0.05,0.1,0.31666666666666665,0.2
270,49,Feminino,Casado,2,Vila Velha,ES,Aposentado,Superior,6054.19,2096.02,7.88,891,11753.0,18345.39,Às vezes,13.08,18.2,0,1,0,Saudável,25817.670000000002,22186.34,26,1173.5304545454546,5900.54,43.97,-3631.3300000000017,6054.19,4.264430088913629,2033.1,235.41,0.0,4040.8900000000003,3505.51,978.69,12449.63,0.0,0.0,1882.29,620.9300000000001,71.22,1.0,0.07874839208960374,0.009118173715908522,0.0,0.15651644784366675,0.13577948745955773,0.03790775852352284,0.4822135382472546,0.0,0.0,0.07290704389668005,0.024050582411193573,0.0027585758126120598,7,0,0.19230769230769232,0.07692307692307693,0.07692307692307693,0.038461538461538464,0.11538461538461539,0.34615384615384615,0.15384615384615385
271,48,Masculino,Casado,1,Goiânia,GO,Técnico em Informática,Superior,3237.5,43.97,55.0,397,89.22,897.55,Nunca,0.0,4.3,1,1,0,Em risco,15471.63,29238.960000000003,26,773.5815,2325.73,10.24,13767.330000000004,3237.5,4.778881853281853,2556.33,7982.3,3701.3,0.0,0.0,207.07,0.0,0.0,0.0,0.0,134.77,889.86,1.0,0.16522693471857847,0.5159314176980706,0.23923141905539366,0.0,0.0,0.01338385160451743,0.0,0.0,0.0,0.0,0.008710782251126741,0.05751559467231313,6,0,0.07692307692307693,0.34615384615384615,0.11538461538461539,0.07692307692307693,0.0,0.15384615384615385,0.23076923076923078
272,42,Feminino,Divorciado,2,Feira de Santana,BA,Engenheiro de Produção,Pós-graduação,9914.65,178.24,83.59,456,935.33,5973.43,Nunca,1.16,0.6,1,1,1,Em risco,15867.61,23861.71,22,881.5338888888889,4072.82,28.09,7994.0999999999985,9914.65,1.6004205897333745,0.0,1638.96,0.0,0.0,0.0,1563.25,8313.81,0.0,0.0,2997.28,225.76,1128.5500000000002,1.0,0.0,0.10328965735860662,0.0,0.0,0.0,0.09851830237824095,0.523948471130813,0.0,0.0,0.18889297127922858,0.01422772553648596,0.07112287231662488,8,1,0.13636363636363635,0.5,0.13636363636363635,0.0,0.045454545454545456,0.045454545454545456,0.13636363636363635
273,42,Feminino,Casado,2,Porto Alegre,RS,Pedreiro,Fundamental,1720.53,0.0,55.0,404,114.96,386.6,Raramente,1.64,12.7,0,1,1,Em risco,26616.93,19239.02,31,1157.2578260869566,5041.69,12.31,-7377.91,1720.53,15.47019232445816,4045.79,4827.6,1599.95,0.0,0.0,0.0,13124.65,0.0,0.0,1546.0,685.0799999999999,787.8599999999999,1.0,0.15200062516601276,0.18137328384603335,0.060110238107850905,0.0,0.0,0.0,0.4930940570531613,0.0,0.0,0.05808333267585706,0.025738505530126875,0.029599957620957785,10,2,0.16129032258064516,0.22580645161290322,0.06451612903225806,0.0,0.1935483870967742,0.12903225806451613,0.22580645161290322
274,33,Feminino,União Estável,1,Santos,SP,Gerente Comercial,Superior,10427.33,0.0,67.6,365,1397.05,3572.08,Raramente,1.07,6.5,1,1,0,Em risco,53816.240000000005,65255.81,60,1076.3248,5628.8,38.4,11439.569999999992,10427.33,5.1610757499762645,4108.33,10066.9,2719.34,723.0,2043.32,7652.66,20097.3,1061.54,320.47,4202.08,72.08,749.22,1.0,0.07633996726638649,0.18706063448505506,0.050530100207669654,0.01343460635674287,0.037968464537842105,0.14219982666942171,0.3734430350392372,0.01972527251996795,0.005954893913064161,0.07808200647239569,0.0013393726503375188,0.013921819881879521,13,6,0.15,0.2833333333333333,0.15,0.03333333333333333,0.03333333333333333,0.18333333333333332,0.16666666666666666
275,47,Masculino,União Estável,0,São Luís,MA,Engenheiro de Produção,Superior,13100.58,0.0,44.6,669,2234.86,15919.9,Sempre,9.96,13.2,0,1,1,Em observação,47177.520000000004,95283.88,60,1003.7770212765959,5476.59,57.95,48106.36,13100.58,3.601177963113084,5575.97,6535.62,0.0,1706.57,0.0,4660.68,17552.87,1609.79,57.95,6233.93,979.5999999999999,2264.54,1.0,0.11819124871337026,0.13853250446399046,0.0,0.036173372402788444,0.0,0.09879027129870328,0.37206004045994784,0.03412197165090492,0.0012283392598847925,0.1321377215249975,0.02076412664336743,0.048000403582045,12,0,0.06666666666666667,0.26666666666666666,0.13333333333333333,0.0,0.016666666666666666,0.36666666666666664,0.15
276,44,Feminino,Solteiro,1,Porto Alegre,RS,Cozinheiro,Médio,2808.18,0.0,47.89,602,762.17,3026.8,Nunca,7.83,9.7,0,0,0,Em observação,16737.22,18308.22,20,1046.07625,4929.53,70.46,1571.0,2808.18,5.960166371101568,351.73,1405.22,0.0,0.0,4929.53,1219.56,6589.26,375.23,671.8399999999999,688.74,0.0,506.10999999999996,1.0,0.021014839979399208,0.08395778988386363,0.0,0.0,0.2945250166993085,0.07286514725862478,0.39368903557460555,0.02241889632806404,0.04014047733136088,0.04115020296082623,0.0,0.03023859398394715,7,0,0.0,0.3,0.15,0.0,0.2,0.15,0.2
277,51,Masculino,Solteiro,0,Juazeiro do Norte,CE,Jornalista,Superior,2907.07,0.0,90.19,382,289.02,2205.85,Às vezes,0.89,5.3,1,0,0,Em risco,20755.02,21801.87,29,902.3921739130435,3359.38,20.38,1046.8499999999985,2907.07,7.139497844909135,2845.01,5533.8,2215.73,0.0,0.0,1341.71,6256.950000000001,314.85,0.0,1651.19,461.12,134.66,1.0,0.13707575323945725,0.26662465273461555,0.10675634135741618,0.0,0.0,0.06464508345450884,0.3014668258570698,0.015169823975115418,0.0,0.07955617484348365,0.022217275627775833,0.006488068910557542,5,1,0.034482758620689655,0.2413793103448276,0.13793103448275862,0.034482758620689655,0.06896551724137931,0.27586206896551724,0.20689655172413793
278,32,Masculino,Viúvo,0,São Paulo,SP,Motorista,Médio,3233.44,0.0,26.38,577,932.26,3560.42,Nunca,9.54,8.7,0,1,1,Em observação,44213.770000000004,23283.16,48,1078.3846341463416,5897.53,28.0,-20930.610000000004,3233.44,13.673910757583256,1090.54,3797.94,5248.1,6931.31,4677.610000000001,3750.7999999999997,14813.01,0.0,352.26,1735.1399999999999,1125.6,691.46,1.0,0.024665166530698463,0.08589948335100128,0.11869831502719627,0.15676812902405743,0.10579532123137204,0.08483329967112055,0.3350315976221887,0.0,0.007967201168323805,0.03924433496623336,0.025458132161089178,0.015639019246718837,12,2,0.1875,0.14583333333333334,0.1875,0.041666666666666664,0.041666666666666664,0.2708333333333333,0.125
279,51,Feminino,Solteiro,1,Maceió,AL,Motorista,Fundamental,3677.17,0.0,42.67,520,1573.79,2947.75,Nunca,2.0,21.3,0,0,0,Em observação,14646.369999999999,10775.05,22,813.6872222222222,4756.62,41.67,-3871.3199999999997,3677.17,3.983054903635132,1797.29,2190.86,0.0,0.0,562.91,588.65,8287.119999999999,0.0,41.67,0.0,601.02,576.85,1.0,0.12271231711338715,0.14958382179338636,0.0,0.0,0.03843341387661243,0.04019084592291469,0.5658139183975278,0.0,0.0028450735574753337,0.0,0.04103542379442825,0.03938518554426797,5,1,0.0,0.2727272727272727,0.13636363636363635,0.0,0.22727272727272727,0.18181818181818182,0.18181818181818182
280,25,Feminino,Solteiro,0,Campinas,SP,Advogado,Pós-graduação,10747.66,0.0,82.56,336,-253.51,7727.52,Raramente,1.17,4.1,1,0,1,Em risco,44415.45,95259.7,52,1168.8276315789474,5454.67,19.25,50844.25,10747.66,4.132569322066384,2995.82,6115.58,5000.08,0.0,0.0,4523.59,21805.059999999998,985.98,365.01,1140.12,90.84,1393.37,1.0,0.06744995266286845,0.1376903757588857,0.1125752412730255,0.0,0.0,0.10184721757856782,0.49093412314858903,0.02219903209356204,0.008218086274033023,0.025669446104902686,0.002045234259700172,0.03137129084586557,16,1,0.1346153846153846,0.2692307692307692,0.11538461538461539,0.057692307692307696,0.057692307692307696,0.11538461538461539,0.25
281,45,Feminino,Casado,0,Pelotas,RS,Cozinheiro,Médio,2793.26,0.0,80.4,404,-23.39,1811.58,Nunca,0.43,10.5,1,0,1,Em risco,22302.66,20426.59,26,1062.0314285714285,4951.06,46.39,-1876.0699999999997,2793.26,7.9844554391642735,3772.15,3212.21,0.0,4951.06,0.0,827.22,5320.34,750.5,525.92,2187.69,463.56,292.01,1.0,0.16913453372826381,0.14402811144500252,0.0,0.22199414778326892,0.0,0.03709064299953459,0.2385518139988683,0.033650694580825785,0.023581043696133105,0.09809099004334013,0.020784964663407863,0.013093057061355013,5,0,0.23076923076923078,0.4230769230769231,0.038461538461538464,0.0,0.038461538461538464,0.15384615384615385,0.11538461538461539
282,38,Masculino,Solteiro,1,Santos,SP,Advogado,Fundamental,14827.42,0.0,23.36,872,28262.64,40177.19,Frequentemente,14.7,8.5,0,0,1,Saudável,50776.38,105099.98,55,1180.846046511628,4331.84,89.62,54323.6,14827.42,3.4244919210489755,5357.41,3640.85,5894.85,0.0,8790.2,678.95,13228.17,524.1,0.0,10982.7,312.44,1366.71,1.0,0.10550988471411314,0.07170361494852528,0.11609433362520134,0.0,0.1731159251604782,0.013371374643091927,0.26051817794021553,0.010321728331165004,0.0,0.21629545075879772,0.0061532547219789995,0.026916255156432974,13,1,0.07272727272727272,0.09090909090909091,0.18181818181818182,0.01818181818181818,0.09090909090909091,0.36363636363636365,0.18181818181818182
283,26,Masculino,Solteiro,3,Joinville,SC,Aposentado,Fundamental,3543.92,0.0,27.83,631,683.31,5546.8,Às vezes,6.8,6.1,0,0,1,Em observação,40798.159999999996,42295.95,59,927.230909090909,4798.93,17.22,1497.7900000000009,3543.92,11.512156030610171,4537.1900000000005,2303.69,2708.25,3854.68,0.0,615.49,19723.79,1055.4,0.0,3009.59,381.49,2608.59,1.0,0.11121065263727582,0.05646553668106601,0.06638167015375204,0.09448171192034151,0.0,0.015086219574608269,0.4834480280483238,0.02586881369159786,0.0,0.07376778756689029,0.00935066679477702,0.0639389129313675,13,2,0.06779661016949153,0.2033898305084746,0.15254237288135594,0.0847457627118644,0.03389830508474576,0.22033898305084745,0.23728813559322035
284,31,Feminino,Solteiro,1,Caxias do Sul,RS,Eletricista,Médio,5994.06,0.0,10.06,727,4883.61,9193.07,Sempre,23.25,5.0,0,0,0,Saudável,27483.96,19373.239999999998,22,1616.7035294117647,5562.34,113.56,-8110.720000000001,5994.06,4.58519934735388,824.55,1476.6399999999999,732.78,786.49,3741.62,2558.69,16108.32,481.52,0.0,0.0,551.91,221.44,1.0,0.030001135207590172,0.053727337690784006,0.026662096728419047,0.028616327487014245,0.1361383148571021,0.09309757400316403,0.5860989464400327,0.017520037141663718,0.0,0.0,0.02008116734269734,0.008057063101532676,8,1,0.09090909090909091,0.13636363636363635,0.045454545454545456,0.045454545454545456,0.13636363636363635,0.36363636363636365,0.18181818181818182
285,52,Masculino,Solteiro,0,João Pessoa,PB,Enfermeiro,Superior,4797.8,0.0,50.3,600,2676.29,7632.28,Raramente,8.84,23.6,0,0,0,Em observação,30395.45,46217.22,50,799.8802631578948,4531.52,48.6,15821.77,4797.8,6.335289090833299,5180.77,4940.51,0.0,4531.52,2400.2,1086.52,6106.41,0.0,497.2,2718.37,1129.49,1804.46,1.0,0.1704455765583336,0.16254110401392313,0.0,0.1490854716742144,0.07896576625777871,0.03574613963603105,0.2008988187376729,0.0,0.016357711433783673,0.08943345138828344,0.03715983806786871,0.0593661222321104,11,3,0.06,0.16,0.26,0.08,0.04,0.18,0.22
286,24,Masculino,Solteiro,2,Santos,SP,Estudante,Pós-graduação,2091.34,0.0,17.56,967,3233.87,4340.64,Frequentemente,11.8,6.0,0,0,1,Saudável,51632.340000000004,34923.3,54,1229.3414285714287,4854.84,20.29,-16709.04,2091.34,24.688639819445907,1334.3899999999999,3959.4700000000003,4081.04,0.0,8904.11,4193.25,24194.15,570.95,0.0,2788.39,1109.85,496.73999999999995,1.0,0.02584407369489742,0.07668585231659072,0.07904038437924757,0.0,0.17245218791168482,0.08121363471033852,0.46858519292365985,0.011057991948457111,0.0,0.05400471874797849,0.021495248907951875,0.009620714459193597,14,0,0.07407407407407407,0.05555555555555555,0.14814814814814814,0.05555555555555555,0.09259259259259259,0.3888888888888889,0.18518518518518517
287,42,Feminino,Solteiro,0,Blumenau,SC,Corretor de Imóveis,Fundamental,11179.35,0.0,45.26,673,2699.07,14436.2,Nunca,8.52,15.7,1,1,0,Em observação,48836.05,43308.7,37,1575.3564516129034,5693.38,11.14,-5527.350000000006,11179.35,4.368415873910379,1093.29,4988.38,2647.22,0.0,8695.439999999999,2714.55,27065.45,0.0,543.39,0.0,630.73,457.6,1.0,0.02238694570916362,0.10214544378589177,0.05420626770592625,0.0,0.17805371237026743,0.05558496233827265,0.5542104654246197,0.0,0.011126821272400203,0.0,0.012915254202581904,0.009370127190876413,12,1,0.13513513513513514,0.05405405405405406,0.32432432432432434,0.0,0.13513513513513514,0.21621621621621623,0.13513513513513514
288,46,Feminino,Casado,0,Fortaleza,CE,Eletricista,Médio,3163.05,437.27,29.05,637,2054.85,2317.17,Raramente,4.29,28.0,0,0,0,Em observação,27713.34,50762.7,49,749.0091891891892,3999.49,28.46,23049.359999999997,3163.05,8.76158770806658,3279.17,5380.49,3704.0299999999997,3994.26,0.0,1807.5099999999998,3999.49,659.18,517.41,2877.94,387.9,1105.96,1.0,0.11832460468496399,0.19414801680345997,0.1336551278193101,0.14412770167724281,0.0,0.06522165859474173,0.14431641945720003,0.023785657015718782,0.01867007008177289,0.10384673951245141,0.01399686937770763,0.03990713497543061,10,0,0.14285714285714285,0.2653061224489796,0.08163265306122448,0.02040816326530612,0.061224489795918366,0.1836734693877551,0.24489795918367346
289,33,Masculino,União Estável,0,Palmas,TO,Pedreiro,Fundamental,3159.64,0.0,14.24,804,7567.66,6182.25,Às vezes,17.01,15.0,0,0,0,Saudável,29892.84,33459.37,29,1423.4685714285715,4811.24,26.31,3566.5300000000025,3159.64,9.460837310579686,953.55,0.0,0.0,0.0,9124.869999999999,1017.34,14612.72,590.33,862.4300000000001,1811.5100000000002,750.58,169.51,1.0,0.031898943024483456,0.0,0.0,0.0,0.3052526959633143,0.03403289884801845,0.48883679168657107,0.01974820726301014,0.028850721443663435,0.06060013033221334,0.02510902276264149,0.0056705886760843064,11,0,0.06896551724137931,0.10344827586206896,0.1724137931034483,0.0,0.1724137931034483,0.20689655172413793,0.27586206896551724
290,31,Feminino,Solteiro,0,Anápolis,GO,Eletricista,Médio,4431.73,0.0,47.48,589,2497.81,4389.52,Às vezes,8.35,2.4,0,0,0,Em observação,23620.25,51639.369999999995,46,694.7132352941177,3792.81,35.68,28019.119999999995,4431.73,5.329803485320632,4895.85,6360.3099999999995,1097.72,192.96,0.0,2534.56,5773.98,455.03,0.0,1057.19,1037.1399999999999,215.51,1.0,0.20727342005270902,0.26927361056720395,0.046473682539346535,0.00816926154464919,0.0,0.10730453742022206,0.244450418602682,0.019264402366613392,0.0,0.044757781987912915,0.04390893407140059,0.009123950847260295,11,0,0.043478260869565216,0.2608695652173913,0.1956521739130435,0.0,0.021739130434782608,0.2391304347826087,0.2391304347826087
291,35,Masculino,União Estável,1,Cuiabá,MT,Empresário,Superior,29319.03,0.0,7.72,953,55996.78,87171.07,Frequentemente,18.11,11.3,0,1,1,Saudável,21666.72,112248.94,31,902.7800000000001,3632.01,122.96,90582.22,29319.03,0.7389985275774813,3023.96,1314.55,2614.7200000000003,0.0,5247.82,1092.82,3393.63,0.0,208.38,3523.3199999999997,474.81,772.71,1.0,0.13956704106574505,0.06067138911658063,0.12067908755916909,0.0,0.24220648072250897,0.05043772199945353,0.15662869137552893,0.0,0.009617514787655906,0.16261436894924564,0.021914253749529232,0.03566345067458295,7,0,0.03225806451612903,0.12903225806451613,0.22580645161290322,0.03225806451612903,0.12903225806451613,0.25806451612903225,0.1935483870967742
292,33,Feminino,Divorciado,0,Teresina,PI,Analista Financeiro,Pós-graduação,11228.91,0.0,15.42,959,10291.61,13668.26,Raramente,16.93,7.3,0,1,1,Saudável,19058.48,39497.77,27,907.5466666666666,4525.27,55.44,20439.289999999997,11228.91,1.697268924588406,3710.98,1578.23,0.0,1758.12,5014.17,2289.98,0.0,483.44,0.0,3233.7799999999997,491.47,498.31000000000006,1.0,0.19471542326565394,0.08280985681964144,0.0,0.09224869979137895,0.2630939088531719,0.12015543736961184,0.0,0.025366136229122156,0.0,0.169676700345463,0.0257874709840449,0.026146366341911847,5,0,0.037037037037037035,0.2222222222222222,0.2222222222222222,0.037037037037037035,0.037037037037037035,0.25925925925925924,0.18518518518518517
293,57,Feminino,Divorciado,0,Caxias do Sul,RS,Empresário,Superior,16274.13,0.0,67.96,325,149.4,9595.57,Raramente,1.13,6.6,1,0,1,Em risco,38660.340000000004,112398.14,48,1073.8983333333335,5573.66,25.7,73737.79999999999,16274.13,2.3755703069841525,2195.9300000000003,4388.39,797.54,2723.03,0.0,1443.7,21244.4,0.0,371.89,3877.38,330.43,1287.65,1.0,0.05680058685464225,0.11351141764402485,0.02062940988103053,0.07043471423169066,0.0,0.03734317908223259,0.5495140497988378,0.0,0.009619418763518375,0.10029347905372792,0.008547001914623617,0.033306742775671395,14,1,0.14583333333333334,0.1875,0.10416666666666667,0.0,0.10416666666666667,0.2708333333333333,0.1875
294,20,Masculino,Solteiro,1,Belém,PA,Analista Financeiro,Superior,8798.94,0.0,39.47,710,5316.46,12150.46,Às vezes,4.22,1.8,0,0,1,Em observação,9314.4,19712.86,22,517.4666666666667,2037.62,48.27,10398.460000000001,8798.94,1.0585820564749844,3139.83,1206.72,788.07,0.0,0.0,1756.84,2037.62,0.0,0.0,323.15,0.0,62.17,1.0,0.3370941767585674,0.12955423859829943,0.08460770419994848,0.0,0.0,0.1886154771107103,0.21876019926135876,0.0,0.0,0.03469359271665378,0.0,0.006674611354461909,6,0,0.13636363636363635,0.3181818181818182,0.09090909090909091,0.045454545454545456,0.0,0.22727272727272727,0.18181818181818182
295,18,Masculino,Solteiro,1,Salvador,BA,Designer Gráfico,Pós-graduação,7304.99,1749.28,10.39,733,10422.81,10214.51,Frequentemente,20.75,0.0,0,1,1,Saudável,40592.53,26351.940000000002,36,1309.4364516129033,5766.88,80.07,-14240.589999999997,7304.99,5.556822117484076,2824.01,3247.72,2746.54,0.0,7964.13,985.1,20094.06,0.0,619.99,839.81,360.85,910.3199999999999,1.0,0.06956969669049946,0.08000782409965577,0.06766121747030795,0.0,0.1961969357416254,0.0242680118731205,0.49501866476418205,0.0,0.015273499828663058,0.02068878190149764,0.00888956662716022,0.022425801003288042,9,0,0.1111111111111111,0.027777777777777776,0.16666666666666666,0.027777777777777776,0.08333333333333333,0.4444444444444444,0.1388888888888889
296,46,Masculino,Casado,1,Niterói,RJ,Professor,Superior,3748.16,0.0,38.58,629,600.51,5856.2,Raramente,1.11,7.1,0,0,0,Em observação,37747.15,21454.879999999997,45,993.346052631579,4310.17,16.94,-16292.270000000004,3748.16,10.070848096132503,4934.97,1015.25,1163.03,2304.43,5193.31,2063.21,12430.34,0.0,608.7,6306.96,419.11,1307.84,1.0,0.13073755237150356,0.0268960702993471,0.030811067855453986,0.06104911231708883,0.13758151277646127,0.054658696086989346,0.32930539126795,0.0,0.01612572074977846,0.16708440239859168,0.011103089902151553,0.03464738397468418,11,1,0.08888888888888889,0.26666666666666666,0.17777777777777778,0.0,0.1111111111111111,0.2,0.15555555555555556
297,50,Masculino,Solteiro,0,Goiânia,GO,Gerente Comercial,Superior,6613.87,523.56,93.77,480,801.48,1973.95,Nunca,0.24,5.7,1,1,0,Em risco,34326.12,45976.87,48,880.1569230769231,4047.22,14.12,11650.75,6613.87,5.190020366290841,4140.34,6720.7300000000005,4532.31,0.0,0.0,2859.56,12115.02,0.0,0.0,2315.83,448.46999999999997,1193.86,1.0,0.12061776862634052,0.19579055250054478,0.1320367696669475,0.0,0.0,0.08330565761583307,0.352938811610517,0.0,0.0,0.0674655335353952,0.013064977923517133,0.03477992852090477,9,4,0.10416666666666667,0.2916666666666667,0.0625,0.041666666666666664,0.125,0.1875,0.1875
298,37,Feminino,Solteiro,2,Teresina,PI,Técnico em Informática,Médio,5815.97,546.6,13.7,869,11375.1,7500.98,Frequentemente,16.95,7.4,0,0,0,Saudável,37956.35,28645.53,33,1405.7907407407406,4704.01,58.84,-9310.82,5815.97,6.526228642857511,2200.0699999999997,3920.83,0.0,3109.58,5952.85,317.01,18849.39,0.0,0.0,2685.02,0.0,921.6,1.0,0.057963160314413786,0.1032983940763535,0.0,0.08192515876790049,0.15683410022301936,0.008351962188145066,0.49660702359420755,0.0,0.0,0.07073967860450228,0.0,0.02428052223145798,11,0,0.06060606060606061,0.15151515151515152,0.12121212121212122,0.030303030303030304,0.15151515151515152,0.30303030303030304,0.18181818181818182
299,44,Feminino,Divorciado,1,Brasília,DF,Veterinário,Superior,8650.38,0.0,38.84,553,4695.56,12414.56,Raramente,7.78,1.3,0,1,1,Em observação,28642.06,39795.21,39,867.9412121212122,4682.33,26.03,11153.149999999998,8650.38,3.3110753516030513,4039.65,2864.81,5949.469999999999,0.0,3148.5,1482.55,7918.71,0.0,440.25,2002.9299999999998,116.67,678.52,1.0,0.141039087272354,0.10002108786867983,0.20771795045468094,0.0,0.10992575254712823,0.051761290912734625,0.27647138508892166,0.0,0.015370751964069623,0.06992967684586932,0.0040733801968154525,0.023689636848746212,8,1,0.05128205128205128,0.20512820512820512,0.23076923076923078,0.05128205128205128,0.15384615384615385,0.15384615384615385,0.15384615384615385
300,60,Feminino,União Estável,0,Santos,SP,Enfermeiro,Superior,5031.95,272.75,18.85,895,10391.4,14317.48,Raramente,20.67,16.1,0,0,1,Saudável,27357.739999999998,16593.399999999998,32,1013.2496296296296,5119.72,20.59,-10764.34,5031.95,5.436806804519122,2004.93,958.83,0.0,0.0,5810.48,2009.88,14815.3,0.0,114.17,104.84,745.27,794.04,1.0,0.0732856588300057,0.0350478511748412,0.0,0.0,0.21238888884827475,0.07346659482837399,0.5415396154799337,0.0,0.0041732248350923725,0.0038321878927133606,0.027241650808875296,0.029024327301889703,8,0,0.0625,0.25,0.125,0.0625,0.0625,0.3125,0.125
301,38,Masculino,Casado,0,São Luís,MA,Funcionário Público,Superior,13523.73,0.0,25.98,842,26355.8,20480.44,Sempre,19.29,1.5,0,1,1,Saudável,8593.88,52699.01,24,477.43777777777774,1805.09,44.66,44105.130000000005,13523.73,0.635466694469647,2134.44,2909.55,669.55,0.0,0.0,44.66,0.0,427.66,45.5,1805.09,381.46999999999997,175.96,1.0,0.24836744287795504,0.3385606966818248,0.07791009416003017,0.0,0.0,0.00519672138777828,0.0,0.049763319943960126,0.005294465363723953,0.21004365897592242,0.044388564885709365,0.020475035723095975,5,0,0.0,0.16666666666666666,0.16666666666666666,0.0,0.0,0.4166666666666667,0.25
302,44,Masculino,Casado,1,Caxias do Sul,RS,Veterinário,Superior,8088.55,0.0,44.46,598,3238.95,4840.35,Às vezes,2.74,23.1,0,1,1,Em observação,50452.83,40088.63,50,1230.5568292682926,5788.72,19.53,-10364.200000000004,8088.55,6.237561738506902,4682.68,7427.3099999999995,1932.7,812.88,5037.6900000000005,8025.99,18617.63,591.15,425.64,2121.96,0.0,777.2,1.0,0.09281302951687745,0.14721295118628627,0.038307068206084774,0.016111682932354834,0.09984950299120982,0.15907908436454407,0.3690106184330988,0.011716884860571744,0.008436394945536255,0.04205829484688966,0.0,0.015404487716546327,10,3,0.08,0.24,0.2,0.02,0.04,0.26,0.16
303,45,Feminino,Casado,0,Goiânia,GO,Médico,Médio,23600.79,0.0,36.67,661,5393.48,28394.63,Raramente,4.23,24.5,0,1,0,Em observação,15855.77,53794.9,23,834.5142105263158,3242.38,67.12,37939.130000000005,23600.79,0.6718321717196755,2415.6,785.9,2303.74,0.0,972.16,1750.94,3242.38,970.76,0.0,2448.38,294.08,671.83,1.0,0.15234832493155487,0.04956555247711086,0.14529347991299066,0.0,0.06131269563067577,0.11042920022174893,0.20449211864198333,0.061224399698027905,0.0,0.15441571112598126,0.01854719133791673,0.04237132602200965,4,1,0.13043478260869565,0.30434782608695654,0.08695652173913043,0.043478260869565216,0.08695652173913043,0.17391304347826086,0.17391304347826086
304,26,Feminino,Solteiro,2,Teresina,PI,Jornalista,Fundamental,6591.32,0.0,42.25,590,3612.33,10083.27,Às vezes,3.08,4.8,0,0,0,Em observação,31123.059999999998,50191.14,43,943.1230303030302,5427.99,54.65,19068.08,6591.32,4.721825066906173,2529.5699999999997,2800.82,4179.77,0.0,1982.46,1043.23,13755.289999999999,379.24,0.0,2203.39,1047.67,1201.62,1.0,0.0812763912031786,0.08999179386602732,0.13429816991002816,0.0,0.06369746419535868,0.03351951896760794,0.4419645754626955,0.012185177164456195,0.0,0.07079605925638417,0.03366217846188647,0.038608671512377,14,0,0.09302325581395349,0.18604651162790697,0.16279069767441862,0.06976744186046512,0.11627906976744186,0.16279069767441862,0.20930232558139536
305,18,Masculino,Divorciado,0,Feira de Santana,BA,Analista de TI,Superior,8065.84,0.0,32.64,583,3347.52,6147.55,Às vezes,1.0,0.0,0,1,1,Em observação,26733.16,56772.39,38,954.7557142857142,5746.33,49.83,30039.23,8065.84,3.3143677533896034,2515.83,4595.78,0.0,0.0,0.0,3953.11,11102.36,0.0,0.0,2797.34,872.97,895.77,1.0,0.09410896429752412,0.1719130847232426,0.0,0.0,0.0,0.14787290391409022,0.41530294211383917,0.0,0.0,0.10463933182609164,0.032654949882468066,0.03350782324274422,10,2,0.0,0.23684210526315788,0.13157894736842105,0.02631578947368421,0.07894736842105263,0.2631578947368421,0.2631578947368421
306,36,Feminino,Casado,0,Olinda,PE,Cabeleireiro,Médio,1677.35,54.72,78.17,510,65.65,776.8,Às vezes,2.27,2.1,1,0,0,Em risco,35416.24,23399.35,54,823.633488372093,4885.51,33.4,-12016.89,1677.35,21.114400691567056,4072.44,11795.62,2551.75,4885.51,0.0,3107.3900000000003,2736.38,678.0999999999999,0.0,2434.94,873.1899999999999,2280.92,1.0,0.11498792644278445,0.33305681235501006,0.07205027975866439,0.13794547360194082,0.0,0.08773912758666647,0.07726342491467192,0.019146583601195383,0.0,0.06875207531911914,0.02465507349170889,0.06440322292823858,8,5,0.05555555555555555,0.35185185185185186,0.12962962962962962,0.037037037037037035,0.05555555555555555,0.18518518518518517,0.18518518518518517
307,45,Feminino,Casado,2,Juiz de Fora,MG,Cozinheiro,Médio,2632.29,245.56,31.63,629,338.92,3784.7,Raramente,3.59,9.9,0,0,0,Em observação,25107.58,18102.8,28,1141.2536363636364,4839.55,28.81,-7004.7800000000025,2632.29,9.538303150488739,2451.36,7484.77,0.0,0.0,3254.38,1203.98,9659.720000000001,0.0,0.0,139.11,830.04,84.22,1.0,0.09763426025128666,0.2981079817330065,0.0,0.0,0.12961743027404474,0.04795284929889698,0.3847332160248021,0.0,0.0,0.00554055787136793,0.03305933905219061,0.0033543654944044785,8,1,0.03571428571428571,0.2857142857142857,0.14285714285714285,0.0,0.0,0.32142857142857145,0.21428571428571427
308,37,Feminino,Solteiro,3,Campinas,SP,Professor,Médio,7431.47,1210.42,2.7,837,8868.96,19357.47,Sempre,24.79,5.3,0,0,1,Saudável,37305.96,47806.01,32,1554.415,4865.72,51.13,10500.050000000003,7431.47,5.019997389480143,767.03,724.27,1186.9,1124.5,8823.41,0.0,18304.31,954.11,409.31,4191.62,51.13,769.37,1.0,0.02056052169680126,0.019414324145525273,0.03181529171210177,0.030142636726142417,0.23651475528307006,0.0,0.4906537722122685,0.025575270010475538,0.010971705325368923,0.11235791814498274,0.0013705584844888056,0.02062324625877474,12,0,0.09375,0.0625,0.15625,0.0,0.0625,0.375,0.25
309,38,Feminino,Solteiro,0,Florianópolis,SC,Contador,Superior,4666.29,0.0,92.88,413,-142.92,758.83,Nunca,2.08,12.1,1,0,0,Em risco,43933.75,42848.009999999995,49,1098.34375,4859.15,30.47,-1085.7400000000052,4666.29,9.415134935891254,4148.68,7384.83,0.0,2623.47,0.0,2471.33,18180.21,0.0,0.0,7055.14,698.63,1371.46,1.0,0.09443036390019063,0.1680901357157083,0.0,0.059714228810424784,0.0,0.05625128744985347,0.4138096565851993,0.0,0.0,0.16058588215210404,0.015901897743761915,0.031216547642757563,12,2,0.10204081632653061,0.3673469387755102,0.10204081632653061,0.0,0.08163265306122448,0.16326530612244897,0.1836734693877551
310,28,Masculino,Divorciado,0,Fortaleza,CE,Jornalista,Fundamental,7256.33,0.0,9.99,1000,19458.66,17121.62,Frequentemente,18.58,0.7,1,1,1,Saudável,20641.13,29501.57,21,1214.1841176470589,3675.26,39.29,8860.439999999999,7256.33,2.8445688109554004,470.42,2856.37,0.0,0.0,8897.1,1040.44,6429.58,0.0,0.0,207.03,362.28,377.91,1.0,0.022790418935397433,0.13838244320926227,0.0,0.0,0.43103744804669125,0.050406155089377375,0.3114936052435114,0.0,0.0,0.010029974134168042,0.017551364678193487,0.01830859066339876,6,0,0.047619047619047616,0.09523809523809523,0.19047619047619047,0.047619047619047616,0.14285714285714285,0.2857142857142857,0.19047619047619047
311,48,Feminino,Divorciado,0,Juiz de Fora,MG,Engenheiro Civil,Fundamental,11207.64,0.0,48.54,548,2690.56,11631.8,Às vezes,1.95,1.7,0,1,1,Em observação,16379.04,45318.229999999996,24,909.9466666666667,4647.7,28.49,28939.189999999995,11207.64,1.461417390280202,1913.5099999999998,855.63,2425.44,4647.7,0.0,0.0,3100.63,531.1,0.0,1880.13,105.38,919.52,1.0,0.11682674930887278,0.05223932538170735,0.14808193886821205,0.2837589993064306,0.0,0.0,0.18930474557727436,0.03242558782443904,0.0,0.11478877882952847,0.0064338325078881296,0.05614004239564711,8,0,0.16666666666666666,0.20833333333333334,0.16666666666666666,0.08333333333333333,0.0,0.125,0.25
312,31,Masculino,Casado,1,Feira de Santana,BA,Aposentado,Médio,5649.71,0.0,13.06,789,7352.52,13485.82,Frequentemente,17.04,13.0,1,1,0,Saudável,22401.87,50608.14,32,933.41125,4231.46,37.73,28206.27,5649.71,3.9651362636312304,645.16,268.69,0.0,0.0,6115.79,1491.94,10864.36,0.0,141.18,0.0,1520.69,1354.06,1.0,0.028799381480206786,0.011994087993546967,0.0,0.0,0.2730035483644892,0.0665989044664575,0.4849755846275334,0.0,0.0063021524542370795,0.0,0.06788227947041922,0.06044406114310993,8,0,0.09375,0.1875,0.1875,0.0,0.09375,0.21875,0.21875
313,29,Feminino,Solteiro,2,Vila Velha,ES,Empresário,Superior,26793.91,0.0,18.77,753,30426.46,77284.02,Frequentemente,22.85,8.4,1,1,0,Saudável,15492.18,66095.53,22,860.6766666666667,5268.09,13.9,50603.35,26793.91,0.5781978068896999,2051.59,1899.92,1511.91,3430.1,0.0,43.31,5268.09,0.0,0.0,179.4,0.0,1107.86,1.0,0.13242745694924796,0.12263735639529105,0.0975918172910462,0.22140847834197638,0.0,0.002795603975683216,0.3400483340627336,0.0,0.0,0.011580035863254881,0.0,0.07151091712076672,6,0,0.13636363636363635,0.09090909090909091,0.13636363636363635,0.0,0.13636363636363635,0.36363636363636365,0.13636363636363635
314,29,Masculino,Solteiro,0,Belo Horizonte,MG,Designer Gráfico,Superior,3727.46,0.0,78.05,399,-71.46,1605.34,Nunca,0.27,3.6,0,0,0,Em risco,24478.41,33028.56,39,844.0831034482759,4181.38,36.35,8550.149999999998,3727.46,6.5670483385468925,2866.0299999999997,5126.7,1925.6000000000001,0.0,0.0,5615.96,5743.32,0.0,0.0,1967.1200000000001,233.72,999.96,1.0,0.11708399360906202,0.20943762278677414,0.07866524010342175,0.0,0.0,0.22942503209971563,0.23462798441565444,0.0,0.0,0.08036142870390683,0.009548005773250795,0.04085069250821438,9,1,0.10256410256410256,0.2564102564102564,0.1282051282051282,0.02564102564102564,0.07692307692307693,0.1794871794871795,0.23076923076923078
315,42,Masculino,Solteiro,1,Campo Grande,MS,Estudante,Médio,1412.0,0.0,69.66,350,277.43,983.43,Nunca,1.04,13.2,1,0,0,Em risco,22694.04,15465.03,38,810.5014285714286,5073.09,24.52,-7229.01,1412.0,16.07226628895184,1844.67,4066.31,1398.65,0.0,0.0,2372.6,10048.26,182.61,402.44,137.66,590.85,1649.99,1.0,0.08128433720924085,0.17917964364211925,0.06163071890240786,0.0,0.0,0.10454727320477093,0.442770877287605,0.008046606069258713,0.017733290326446945,0.006065909815969303,0.026035470105807517,0.0727058734363736,9,0,0.10526315789473684,0.21052631578947367,0.10526315789473684,0.0,0.18421052631578946,0.18421052631578946,0.21052631578947367
316,43,Masculino,Viúvo,3,Caxias do Sul,RS,Autônomo,Fundamental,8215.0,265.59,49.01,689,4241.48,9590.09,Raramente,6.92,18.7,0,1,1,Em observação,19629.260000000002,34205.99,35,701.0450000000001,5495.0,9.49,14576.729999999996,8215.0,2.389441265976872,1557.76,1846.41,0.0,485.95,517.94,3188.0299999999997,7960.3099999999995,0.0,380.56,1720.51,1023.53,948.26,1.0,0.07935907925209609,0.09406416747243655,0.0,0.024756409564089525,0.02638611949711808,0.16241213372281987,0.4055328626754141,0.0,0.01938738393602204,0.08765027311268993,0.05214307620358587,0.048308494563727815,4,2,0.08571428571428572,0.34285714285714286,0.11428571428571428,0.05714285714285714,0.08571428571428572,0.17142857142857143,0.14285714285714285
317,31,Feminino,Casado,1,Olinda,PE,Engenheiro de Produção,Superior,11937.6,0.0,30.93,648,2608.42,7550.89,Frequentemente,7.41,13.0,1,0,1,Em observação,37731.71,113320.27,52,992.9397368421053,5687.72,21.4,75588.56,11937.6,3.1607450408792386,3748.3100000000004,4517.33,5760.85,0.0,7957.26,2147.31,10834.36,478.19,0.0,514.63,179.99,1593.48,1.0,0.09934111122978526,0.1197223767488937,0.1526792716259083,0.0,0.2108905215268537,0.05690995716865204,0.2871420351741281,0.012673425084630407,0.0,0.013639191014666444,0.004770258225773494,0.04223185220070864,13,1,0.07692307692307693,0.23076923076923078,0.17307692307692307,0.0,0.07692307692307693,0.19230769230769232,0.25
318,49,Feminino,União Estável,0,Belo Horizonte,MG,Analista de TI,Superior,10769.59,2447.5,2.2,716,15099.46,31095.69,Às vezes,24.72,18.0,0,0,0,Saudável,42385.07,77205.04,57,921.4145652173913,5324.04,26.87,34819.969999999994,10769.59,3.9356252187873446,4679.23,5361.85,2471.14,6071.5599999999995,1938.02,2349.2799999999997,11861.07,792.72,1110.48,2534.55,1531.27,1683.9,1.0,0.1103980717738581,0.126503271081067,0.05830213327475925,0.1432476105383334,0.04572411936561624,0.055427064294101665,0.27984075524707164,0.018702812098694187,0.026199791577553134,0.05979817893423321,0.03612757982940691,0.0397286119853052,12,0,0.08771929824561403,0.19298245614035087,0.08771929824561403,0.08771929824561403,0.14035087719298245,0.24561403508771928,0.15789473684210525
319,41,Masculino,Casado,4,Uberlândia,MG,Autônomo,Médio,8107.7,752.68,2.27,877,10567.46,23805.8,Sempre,19.23,2.0,0,0,1,Saudável,22537.39,38571.18,30,979.8865217391304,4002.97,17.41,16033.79,8107.7,2.77975134748449,2613.5299999999997,494.6,0.0,661.36,7671.57,2953.65,7446.74,0.0,0.0,0.0,374.31,321.63,1.0,0.11596418218791084,0.02194575325714291,0.0,0.029345012887472776,0.3403930091283862,0.1310555481357868,0.33041714235765546,0.0,0.0,0.0,0.016608400529076348,0.01427095151656869,7,0,0.06666666666666667,0.16666666666666666,0.1,0.03333333333333333,0.1,0.3333333333333333,0.2
320,34,Feminino,Divorciado,1,Teresina,PI,Farmacêutico,Superior,7509.18,1222.92,22.17,869,17867.03,14444.18,Frequentemente,10.0,4.6,0,1,0,Saudável,32059.77,74441.94,48,915.9934285714286,4174.62,15.89,42382.17,7509.18,4.269410241863959,3953.02,4484.71,2301.99,4724.91,5762.639999999999,475.66999999999996,6290.49,0.0,0.0,1769.7800000000002,1565.24,731.3199999999999,1.0,0.12330157078481847,0.13988590685460314,0.0718030728230427,0.1473781627254344,0.17974676674224424,0.014836974812982125,0.19621132653166257,0.0,0.0,0.05520251704862512,0.04882255861473741,0.022811143061849785,12,0,0.08333333333333333,0.16666666666666666,0.1875,0.041666666666666664,0.08333333333333333,0.20833333333333334,0.22916666666666666
321,44,Masculino,Solteiro,1,Manaus,AM,Veterinário,Pós-graduação,7137.08,649.1,54.72,549,1472.64,11032.64,Às vezes,5.33,1.4,1,1,0,Em observação,42328.5,37374.03,48,1032.4024390243903,4376.45,19.31,-4954.470000000001,7137.08,5.930786820380324,2119.91,5326.73,2427.88,0.0,6693.110000000001,511.03000000000003,18990.51,588.28,0.0,2456.64,1824.79,1389.62,1.0,0.05008233223478271,0.12584263557650283,0.05735804481614043,0.0,0.15812301404491066,0.012072953211193404,0.4486459477656897,0.013897964728256376,0.0,0.05803749246961267,0.04311019762098822,0.032829417531922936,15,0,0.0625,0.2916666666666667,0.10416666666666667,0.020833333333333332,0.08333333333333333,0.3125,0.125
322,46,Feminino,Divorciado,0,Rio de Janeiro,RJ,Veterinário,Superior,5890.75,0.0,58.0,482,1390.83,7126.4,Às vezes,5.01,12.1,0,1,1,Em observação,47764.74,42621.44,57,995.09875,5734.68,26.65,-5143.299999999996,5890.75,8.108431014726477,3155.14,8455.33,0.0,1221.23,6282.31,2206.96,19613.7,149.27,188.03,3010.16,1685.43,1797.1799999999998,1.0,0.06605583951676487,0.17702032922193234,0.0,0.02556760489013444,0.13152610063406606,0.0462047945827822,0.41063135693819336,0.0031251086052179917,0.003936585858103698,0.06302054611832912,0.03528607085477698,0.037625662779699,11,0,0.10526315789473684,0.12280701754385964,0.17543859649122806,0.03508771929824561,0.08771929824561403,0.3333333333333333,0.14035087719298245
323,38,Masculino,Solteiro,1,Manaus,AM,Corretor de Imóveis,Médio,5493.94,0.0,42.56,637,3475.63,6013.71,Às vezes,6.39,14.1,0,1,0,Em observação,49688.78,54762.11,46,1380.243888888889,5742.26,32.92,5073.330000000002,5493.94,9.044288798203112,3995.64,6132.88,3396.5,4964.139999999999,4013.58,32.92,25569.67,340.3,103.02,188.33,313.34,638.46,1.0,0.0804133246982518,0.12342585187239453,0.06835547179866361,0.0999046464815598,0.08077437200108355,0.0006625238132230254,0.5145964541693315,0.006848628603882003,0.0020733050801408285,0.0037901916690246777,0.006306051386248565,0.012849178426196015,13,0,0.13043478260869565,0.17391304347826086,0.13043478260869565,0.021739130434782608,0.08695652173913043,0.2608695652173913,0.1956521739130435
324,35,Feminino,Casado,1,Manaus,AM,Analista de TI,Médio,8863.14,0.0,0.8,945,18265.4,16633.77,Sempre,20.09,3.8,0,1,0,Saudável,32852.8,37935.39,38,1095.0933333333335,4618.51,81.55,5082.5899999999965,8863.14,3.7066773175195253,1764.46,3738.58,2752.6800000000003,10671.2,6808.15,1538.31,2170.98,0.0,0.0,2013.82,1044.45,350.16999999999996,1.0,0.05370805532557346,0.11379791068036818,0.08378829201772756,0.32481858471728436,0.20723195587590704,0.046824319388301755,0.06608203866945891,0.0,0.0,0.06129827594603808,0.031791810743680905,0.010658756635659667,9,0,0.13157894736842105,0.23684210526315788,0.13157894736842105,0.02631578947368421,0.10526315789473684,0.18421052631578946,0.18421052631578946
325,40,Masculino,Solteiro,0,Palmas,TO,Aposentado,Superior,2686.92,145.08,85.82,489,53.58,1465.63,Nunca,1.11,11.2,1,0,0,Em risco,49805.03,26226.82,56,1106.7784444444444,5640.13,59.82,-23578.21,2686.92,18.536104536048708,3734.43,3754.19,1659.88,0.0,7470.4,3891.33,23133.14,787.16,0.0,1313.23,1935.1200000000001,2126.15,1.0,0.07498098083667452,0.07537772791222092,0.033327557477628264,0.0,0.14999288224502624,0.0781312650549553,0.4644739697978297,0.015804829351573527,0.0,0.026367417106264168,0.03885390692466203,0.04268946329316537,15,1,0.08928571428571429,0.39285714285714285,0.05357142857142857,0.017857142857142856,0.08928571428571429,0.17857142857142858,0.17857142857142858
326,18,Feminino,Viúvo,0,Duque de Caxias,RJ,Vendedor,Médio,4295.76,0.0,39.8,610,570.77,6346.81,Raramente,5.19,0.0,1,0,1,Em observação,51357.98,43661.17,59,1116.4778260869566,4338.41,32.16,-7696.810000000005,4295.76,11.955504963033317,4103.09,2283.04,0.0,4017.55,7679.03,2276.46,26313.51,0.0,89.62,2801.5299999999997,504.81,1289.34,1.0,0.07989196615598977,0.04445346175998355,0.0,0.07822640220662884,0.14951970463012756,0.04432534145618655,0.5123548472895546,0.0,0.0017450063261833897,0.0545490691027957,0.009829241726407463,0.025104959346142503,15,0,0.1016949152542373,0.22033898305084745,0.11864406779661017,0.05084745762711865,0.06779661016949153,0.2542372881355932,0.1864406779661017
327,49,Feminino,Solteiro,1,Niterói,RJ,Autônomo,Superior,5650.65,785.46,36.49,591,3636.78,5717.36,Nunca,10.82,14.0,1,1,0,Em observação,24952.829999999998,42849.79,43,779.7759374999999,4366.85,33.67,17896.960000000003,5650.65,4.415922062063657,3526.02,3821.9799999999996,1198.55,2496.87,0.0,1494.5800000000002,4464.570000000001,0.0,0.0,4566.23,923.5999999999999,2460.43,1.0,0.1413074188378633,0.15316819775552512,0.04803262796243953,0.10006360000048091,0.0,0.059896212173128266,0.17892038698616552,0.0,0.0,0.1829944739734932,0.03701383770898932,0.0986032446019149,10,2,0.046511627906976744,0.16279069767441862,0.16279069767441862,0.11627906976744186,0.046511627906976744,0.23255813953488372,0.23255813953488372
328,28,Masculino,Casado,3,Curitiba,PR,Professor,Superior,5861.33,509.79,48.01,610,2367.9,3670.46,Raramente,10.43,3.0,0,1,0,Em observação,28199.91,47570.7,38,1007.1396428571428,4197.97,45.83,19370.789999999997,5861.33,4.811179373964612,2607.76,4412.280000000001,3119.88,4197.97,0.0,2797.94,5330.219999999999,0.0,345.55,4518.78,442.18,427.34999999999997,1.0,0.09247405399520779,0.156464329141476,0.11063439564168823,0.14886465949714026,0.0,0.09921804714979587,0.18901549685796867,0.0,0.01225358520647761,0.16024093693916044,0.015680191887137228,0.015154303683947927,11,2,0.10526315789473684,0.18421052631578946,0.15789473684210525,0.02631578947368421,0.02631578947368421,0.23684210526315788,0.2631578947368421
329,39,Masculino,União Estável,1,Natal,RN,Engenheiro de Produção,Superior,8740.71,0.0,36.18,662,5666.31,8508.01,Raramente,6.55,4.2,0,0,1,Em observação,51971.47,49597.99,55,1129.8145652173914,5147.36,67.79,-2373.480000000003,8740.71,5.945909428410278,8830.16,5302.15,5610.610000000001,2145.07,791.0,1442.78,24451.92,0.0,0.0,2096.83,676.3199999999999,624.63,1.0,0.1699039877071016,0.10202039696010137,0.10795557639604961,0.04127399128791239,0.015219888912128134,0.027761000410417482,0.47048736547186365,0.0,0.0,0.04034578971885921,0.013013293639760429,0.012018709495806064,13,1,0.03636363636363636,0.2545454545454545,0.23636363636363636,0.03636363636363636,0.16363636363636364,0.12727272727272726,0.14545454545454545
330,36,Feminino,Casado,3,Juiz de Fora,MG,Vendedor,Médio,3929.96,1153.21,9.58,835,2967.95,12057.38,Sempre,15.97,15.7,0,0,0,Saudável,53103.96,45739.32,60,1154.4339130434782,5422.87,23.0,-7364.639999999999,3929.96,13.51259554804629,2380.61,5654.74,5725.65,5680.97,2043.96,3593.66,24116.239999999998,377.18,277.31,1639.38,1417.02,197.24,1.0,0.0448292368403411,0.10648433751456576,0.10781964282889638,0.10697827431325273,0.03848978494259185,0.06767216606821788,0.4541326108260099,0.0071026718158118535,0.005222021107277122,0.030871144072871403,0.026683885721516813,0.0037142239486471443,17,0,0.15,0.15,0.11666666666666667,0.03333333333333333,0.05,0.3,0.2
331,42,Masculino,Solteiro,1,Londrina,PR,Eletricista,Médio,3410.46,0.0,41.81,561,1508.84,1742.92,Raramente,12.0,23.8,0,0,0,Em observação,28512.23,40993.38,49,792.0063888888889,5160.77,25.88,12481.149999999998,3410.46,8.36022999829935,4354.41,7244.43,493.5,555.36,0.0,2043.92,9564.640000000001,0.0,0.0,3044.14,25.88,1185.95,1.0,0.15272077981974752,0.25408149415180786,0.017308362060771815,0.01947795735373908,0.0,0.07168572924671272,0.3354574510657357,0.0,0.0,0.10676611405000591,0.0009076806689620559,0.0415944315825174,11,1,0.12244897959183673,0.2653061224489796,0.08163265306122448,0.04081632653061224,0.02040816326530612,0.20408163265306123,0.2653061224489796
332,46,Feminino,Casado,0,Rio de Janeiro,RJ,Engenheiro Civil,Pós-graduação,12279.14,0.0,93.59,382,-534.64,3748.15,Raramente,0.05,1.2,1,1,1,Em risco,23353.29,49512.0,32,934.1316,5394.82,26.98,26158.71,12279.14,1.9018669059885303,1492.35,4460.09,945.22,0.0,0.0,2393.8900000000003,11000.29,0.0,267.49,1220.02,75.58,1498.3600000000001,1.0,0.06390320164739101,0.19098336893859494,0.04047481104375444,0.0,0.0,0.10250761241777927,0.47103812781839305,0.0,0.011454060648413993,0.05224188968663516,0.003236374831982988,0.06416055296705518,7,2,0.09375,0.25,0.1875,0.0,0.125,0.125,0.21875
333,45,Masculino,Viúvo,2,São Luís,MA,Jornalista,Superior,5612.09,0.0,16.67,876,13233.2,12441.77,Frequentemente,22.56,20.4,0,0,1,Saudável,51017.5,35928.93,46,1342.5657894736842,5618.49,18.44,-15088.57,5612.09,9.090641810804888,1331.8600000000001,2482.83,4323.5,0.0,8039.55,3510.47,24323.52,1085.48,0.0,5321.95,59.86,538.48,1.0,0.026105944038810214,0.04866624197579262,0.0847454304895379,0.0,0.15758416229725095,0.06880913412064488,0.4767681677855638,0.021276620767383743,0.0,0.10431616602146322,0.001173322879404126,0.010554809624148577,16,0,0.13043478260869565,0.15217391304347827,0.1956521739130435,0.06521739130434782,0.043478260869565216,0.2608695652173913,0.15217391304347827
334,29,Masculino,Solteiro,0,São Luís,MA,Pedreiro,Fundamental,4197.86,0.0,7.39,923,7640.8,12607.28,Sempre,17.56,0.9,1,1,0,Saudável,33062.94,54727.92,55,787.2128571428572,3983.33,34.01,21664.979999999996,4197.86,7.876141653128023,4897.57,1810.03,436.75,1059.9,8706.35,4030.16,7559.200000000001,0.0,0.0,3611.14,97.7,854.14,1.0,0.1481286903100571,0.054744980331452676,0.013209654071900442,0.032057040299501495,0.2633265523271675,0.12189357631233035,0.22863060574770425,0.0,0.0,0.1092201721927935,0.0029549701266735505,0.025833758280419103,14,0,0.07272727272727272,0.16363636363636364,0.2,0.0,0.07272727272727272,0.2727272727272727,0.21818181818181817
335,36,Masculino,Solteiro,2,Fortaleza,CE,Advogado,Pós-graduação,21694.52,0.0,18.93,826,17126.86,50293.83,Frequentemente,10.0,8.4,1,1,1,Saudável,28384.670000000002,94220.73,36,1013.7382142857143,4643.72,31.69,65836.06,21694.52,1.3083797198555212,3904.61,4955.4800000000005,301.17,0.0,6395.280000000001,560.78,8724.65,0.0,392.46,2432.19,183.06,534.99,1.0,0.13756052122501336,0.17458297031460998,0.010610304787760436,0.0,0.22530753396111353,0.019756438951025322,0.3073719018047418,0.0,0.013826477461249327,0.08568674569758958,0.006449255883545589,0.018847849913351113,9,0,0.027777777777777776,0.16666666666666666,0.1388888888888889,0.05555555555555555,0.027777777777777776,0.4166666666666667,0.16666666666666666
336,36,Masculino,Casado,1,Olinda,PE,Gerente Comercial,Superior,11228.49,3104.45,12.11,740,20988.96,16951.46,Frequentemente,16.68,10.6,0,1,1,Saudável,26114.55,40431.590000000004,36,900.501724137931,5241.95,27.39,14317.040000000005,11228.49,2.32574014849726,2921.22,1480.77,2293.59,1644.34,5373.629999999999,227.75,8511.55,74.47,0.0,2018.3500000000001,398.52000000000004,1170.3600000000001,1.0,0.1118617782041046,0.05670287253657444,0.08782804988023918,0.0629664305913753,0.20577149520095117,0.008721191826012702,0.32593132946958686,0.0028516669825825068,0.0,0.07728833160058282,0.015260458250285762,0.04481639545770462,10,0,0.027777777777777776,0.25,0.1111111111111111,0.0,0.08333333333333333,0.3333333333333333,0.19444444444444445
337,36,Feminino,Viúvo,0,Natal,RN,Professor,Superior,4073.03,0.0,75.19,388,173.6,2233.02,Às vezes,1.09,4.8,0,0,0,Em risco,53364.65,25400.8,46,1404.332894736842,5743.58,15.24,-27963.850000000002,4073.03,13.101953582468088,3464.82,6292.61,3389.12,4920.5,0.0,4479.13,25522.65,0.0,138.09,2840.51,810.74,1506.48,1.0,0.06492725053007938,0.11791719799530212,0.06350870848023926,0.09220523323960711,0.0,0.08393440226816816,0.47826885400728764,0.0,0.002587668053664739,0.05322830750318797,0.015192454180810704,0.028229923741652948,13,4,0.17391304347826086,0.2826086956521739,0.08695652173913043,0.021739130434782608,0.10869565217391304,0.15217391304347827,0.17391304347826086
338,30,Feminino,Divorciado,1,Santos,SP,Designer Gráfico,Fundamental,5045.49,0.0,39.63,651,2583.04,4034.11,Raramente,4.99,12.0,1,0,0,Em observação,19532.54,12679.53,21,1148.9729411764706,5843.9,353.85,-6853.01,5045.49,3.8712870305956413,0.0,4493.82,2002.18,0.0,0.0,2674.0499999999997,7247.12,1035.67,0.0,808.04,1271.6599999999999,0.0,1.0,0.0,0.23006838844308009,0.10250484575994724,0.0,0.0,0.13690231787570892,0.3710280383401237,0.05302280194997681,0.0,0.0413689156658581,0.06510469196530506,0.0,5,3,0.14285714285714285,0.14285714285714285,0.23809523809523808,0.0,0.047619047619047616,0.23809523809523808,0.19047619047619047
339,18,Masculino,Casado,0,Niterói,RJ,Eletricista,Médio,3415.4,0.0,51.07,633,920.77,4974.51,Às vezes,6.18,0.0,1,1,0,Em observação,49766.21,44477.64,59,1081.8741304347825,4923.7,18.04,-5288.57,3415.4,14.571121976928032,3230.59,3880.4300000000003,1330.1799999999998,0.0,9088.13,2579.84,24815.53,299.68,538.1800000000001,2639.73,889.8,474.12,1.0,0.0649153311051816,0.07797318702790508,0.026728577482593108,0.0,0.1826164781284329,0.05183918968312034,0.4986421509695032,0.006021756529179136,0.01081416487210901,0.05304261666701161,0.01787960144041509,0.009526946094548893,17,1,0.1016949152542373,0.2033898305084746,0.1694915254237288,0.03389830508474576,0.06779661016949153,0.2542372881355932,0.1694915254237288
340,31,Masculino,Casado,0,Campo Grande,MS,Técnico em Informática,Fundamental,4894.01,956.89,3.61,948,4784.83,13779.88,Sempre,21.02,9.8,0,0,1,Saudável,17131.91,17631.370000000003,27,744.8656521739131,4476.7,18.8,499.46000000000276,4894.01,3.5005874528249836,2619.6400000000003,385.11,1317.17,0.0,3621.08,1000.79,6117.619999999999,0.0,480.52,0.0,367.96000000000004,1222.02,1.0,0.15290997909748535,0.022479104781661825,0.07688401351629795,0.0,0.21136464060341198,0.058416720610836734,0.3570891978769442,0.0,0.028048244474784188,0.0,0.021478048857366167,0.07133005018121155,6,0,0.1111111111111111,0.2222222222222222,0.07407407407407407,0.037037037037037035,0.037037037037037035,0.37037037037037035,0.14814814814814814
341,41,Masculino,Solteiro,3,São Luís,MA,Pedreiro,Fundamental,2967.95,0.0,58.0,583,1531.45,4076.62,Às vezes,3.47,6.4,0,0,0,Em observação,43287.26,28803.42,57,921.0055319148937,5707.52,17.87,-14483.840000000004,2967.95,14.584902036759381,7983.55,3216.16,1526.89,1275.56,1296.08,5702.13,16303.29,0.0,0.0,3513.27,871.97,1598.36,1.0,0.18443186286219085,0.07429807292030033,0.035273426869707164,0.02946733057255183,0.029941373050638913,0.1317276722989628,0.37663021406298297,0.0,0.0,0.08116175521388971,0.020143802125613865,0.036924490023161546,13,2,0.05263157894736842,0.3157894736842105,0.07017543859649122,0.03508771929824561,0.03508771929824561,0.3684210526315789,0.12280701754385964
342,41,Masculino,Solteiro,3,Natal,RN,Advogado,Pós-graduação,11975.27,517.13,45.95,561,2851.98,10210.41,Raramente,1.55,13.7,1,1,1,Em observação,14137.22,29607.530000000002,20,883.57625,2803.47,70.24,15470.310000000003,11975.27,1.1805345516218004,1785.21,1527.13,0.0,2803.47,0.0,0.0,6441.46,0.0,590.51,172.56,816.88,0.0,1.0,0.12627730204382476,0.10802194490854639,0.0,0.19830419276208477,0.0,0.0,0.455638378691143,0.0,0.041769881207196324,0.012206077291009124,0.05778222309619572,0.0,9,0,0.15,0.2,0.2,0.0,0.05,0.2,0.2
343,43,Masculino,Solteiro,2,Juazeiro do Norte,CE,Corretor de Imóveis,Médio,8936.66,0.0,14.02,797,21241.95,15127.05,Às vezes,14.79,22.3,1,0,1,Saudável,18824.29,23357.59,22,1045.793888888889,3626.77,19.25,4533.299999999999,8936.66,2.106412239024423,1933.6,1565.6599999999999,0.0,1830.44,3033.62,418.04,8963.9,0.0,288.08,0.0,510.65,280.3,1.0,0.10271834953668903,0.0831723268181695,0.0,0.09723819596914413,0.16115455084892974,0.02220747767910503,0.47618794653078544,0.0,0.01530363163763414,0.0,0.027127185142175346,0.01489033583736757,5,0,0.09090909090909091,0.09090909090909091,0.18181818181818182,0.0,0.18181818181818182,0.2727272727272727,0.18181818181818182
344,53,Masculino,Solteiro,3,Guarulhos,SP,Vendedor,Pós-graduação,3178.27,0.0,58.0,501,1267.86,1843.43,Às vezes,2.21,23.7,1,0,0,Em observação,37453.94,24161.989999999998,50,891.7604761904762,5839.36,25.99,-13291.950000000004,3178.27,11.784379552398004,3832.62,5983.24,0.0,310.65,3643.8,2035.74,15899.15,63.15,0.0,3383.14,1101.45,1201.0,1.0,0.10232888716113711,0.1597492813840146,0.0,0.008294187474001399,0.09728749498717625,0.05435316017487078,0.42449873097463175,0.001686070944739058,0.0,0.0903280135547822,0.02940812101477174,0.03206605232987504,14,0,0.06,0.32,0.12,0.08,0.1,0.16,0.16
345,47,Feminino,Divorciado,0,Palmas,TO,Engenheiro Civil,Superior,12962.88,0.0,51.02,548,3454.9,13031.33,Frequentemente,10.18,16.4,0,0,0,Em observação,15393.42,55724.009999999995,35,549.765,3007.61,17.5,40330.59,12962.88,1.1875,1386.77,2663.41,1411.43,3007.61,0.0,1750.45,1138.62,169.46,426.86,1976.6200000000001,917.5,544.69,1.0,0.09008849235582476,0.17302262914933783,0.09169047554084797,0.1953828324050146,0.0,0.11371417137971938,0.07396796813183815,0.011008599778346853,0.027730030103771612,0.1284068127810454,0.05960338898048647,0.03538459939376695,6,1,0.05714285714285714,0.2857142857142857,0.14285714285714285,0.14285714285714285,0.05714285714285714,0.11428571428571428,0.2
346,35,Masculino,Divorciado,3,Anápolis,GO,Empresário,Fundamental,17625.17,0.0,37.19,582,3999.22,14458.21,Às vezes,3.45,14.9,1,1,1,Em observação,18936.63,63872.66,23,1113.919411764706,4692.17,41.61,44936.03,17625.17,1.0744083603165249,1576.76,2345.1400000000003,934.08,354.3,4692.17,2502.31,4395.31,0.0,0.0,1411.02,0.0,725.54,1.0,0.08326507937262331,0.12384146492802575,0.049326622529985535,0.018709770429057335,0.2477827364214224,0.13214125216577605,0.23210624065633642,0.0,0.0,0.07451273008977838,0.0,0.0383141034069948,6,1,0.13043478260869565,0.30434782608695654,0.0,0.043478260869565216,0.043478260869565216,0.30434782608695654,0.17391304347826086
347,34,Feminino,União Estável,2,Juazeiro do Norte,CE,Professor,Superior,4743.03,0.0,34.09,530,1943.41,7295.5,Nunca,4.65,16.0,1,1,1,Em observação,18015.36,12603.769999999999,20,1125.96,5172.36,29.13,-5411.590000000002,4743.03,3.798280845788452,714.6,4655.4,1664.9,0.0,0.0,824.66,8123.959999999999,0.0,0.0,1252.37,219.18,560.29,1.0,0.03966615155067676,0.25841282105936264,0.09241558314682582,0.0,0.0,0.04577538278446836,0.4509463035987068,0.0,0.0,0.06951679011687803,0.012166284770329319,0.031100682972752137,4,0,0.05,0.0,0.2,0.1,0.1,0.4,0.15
348,51,Feminino,União Estável,2,Anápolis,GO,Enfermeiro,Superior,4857.41,0.0,13.47,872,6166.37,6668.81,Raramente,10.0,28.5,0,0,0,Saudável,14162.79,24773.92,27,643.7631818181818,4394.76,22.56,10611.129999999997,4857.41,2.9157081654626644,3190.23,1178.88,0.0,0.0,4394.76,1836.71,0.0,0.0,0.0,2677.12,217.6,667.49,1.0,0.22525434607164266,0.08323783661270132,0.0,0.0,0.3103032665174023,0.12968560573163904,0.0,0.0,0.0,0.18902490257922341,0.015364204369336831,0.04712983811805442,6,0,0.037037037037037035,0.14814814814814814,0.18518518518518517,0.07407407407407407,0.1111111111111111,0.25925925925925924,0.18518518518518517
349,25,Feminino,Solteiro,0,Cuiabá,MT,Veterinário,Superior,8242.08,1135.33,31.21,569,1335.73,12008.94,Às vezes,8.31,3.4,1,1,0,Em observação,16177.66,33628.909999999996,31,647.1064,3252.5,40.88,17451.249999999996,8242.08,1.9628127851222021,2987.66,2198.84,4059.8,0.0,0.0,1202.79,3314.1,0.0,0.0,387.95000000000005,961.72,1064.8,1.0,0.18467813021166224,0.13591829720738352,0.25095100280263033,0.0,0.0,0.07434882424281386,0.20485657381846323,0.0,0.0,0.02398060040821726,0.0594474108121941,0.06581916049663548,6,3,0.06451612903225806,0.1935483870967742,0.2903225806451613,0.06451612903225806,0.0,0.22580645161290322,0.16129032258064516
350,41,Feminino,Solteiro,1,Juiz de Fora,MG,Cabeleireiro,Médio,3806.89,0.0,39.78,658,2212.23,5834.41,Frequentemente,3.26,13.2,0,0,1,Em observação,31258.079999999998,34204.18,41,1041.936,5349.7,23.44,2946.100000000002,3806.89,8.210922826769357,2609.67,3800.36,0.0,7039.8099999999995,0.0,3988.6800000000003,9534.99,471.9,458.7,2473.6,342.21000000000004,538.16,1.0,0.08348785338062992,0.12158008425341545,0.0,0.22521568823165083,0.0,0.1276047665115708,0.30504080864851585,0.015096896546428956,0.014674605733941432,0.07913473892190435,0.010947889313739042,0.01721666845820345,9,2,0.12195121951219512,0.1951219512195122,0.1951219512195122,0.04878048780487805,0.04878048780487805,0.17073170731707318,0.21951219512195122
351,18,Feminino,Solteiro,1,Manaus,AM,Advogado,Pós-graduação,11909.18,0.0,31.86,593,1564.92,7402.72,Raramente,3.22,0.0,1,0,1,Em observação,18262.61,50758.14,25,961.19,5496.6,29.4,32495.53,11909.18,1.5334901311425304,2331.11,473.62,844.22,1766.92,0.0,545.4,6876.290000000001,704.63,409.15,2696.7200000000003,378.57,1235.98,1.0,0.12764385813418783,0.025933861589334712,0.046226689394341776,0.0967506835003321,0.0,0.02986429650526403,0.3765228518815219,0.03858320360561825,0.02240369804754085,0.14766345007641296,0.020729238591855163,0.06767816867359047,6,0,0.12,0.16,0.2,0.0,0.04,0.24,0.24
352,18,Feminino,Divorciado,0,Olinda,PE,Técnico em Informática,Médio,2225.64,0.0,65.22,393,-38.46,700.85,Às vezes,1.95,0.0,0,0,0,Em risco,54940.6,26061.66,55,1194.3608695652174,5506.0,30.0,-28878.94,2225.64,24.68530400244424,3026.87,15574.49,0.0,3883.1,0.0,5346.42,22587.86,0.0,1199.76,0.0,1149.79,2172.31,1.0,0.05509350098105954,0.2834787024531949,0.0,0.07067815058444939,0.0,0.09731273411648217,0.41113238661390666,0.0,0.02183740257660091,0.0,0.020927874832091384,0.03953924784221505,10,3,0.14545454545454545,0.3090909090909091,0.18181818181818182,0.0,0.05454545454545454,0.14545454545454545,0.16363636363636364
353,31,Feminino,Casado,1,Uberlândia,MG,Recepcionista,Fundamental,3003.12,0.0,44.85,591,1817.45,4488.24,Raramente,3.35,8.7,1,1,0,Em observação,25013.5,17735.96,39,781.671875,4252.69,19.55,-7277.540000000001,3003.12,8.329170995498016,5239.23,1772.45,1345.35,3584.52,0.0,310.56,10729.89,353.51,0.0,229.19,859.04,589.76,1.0,0.2094560937093969,0.07085973574269895,0.0537849561236932,0.14330341615527614,0.0,0.012415695524416815,0.42896395946189053,0.014132768305115237,0.0,0.009162652167829372,0.03434305475043476,0.023577668059248005,9,1,0.1282051282051282,0.23076923076923078,0.15384615384615385,0.0,0.10256410256410256,0.2564102564102564,0.1282051282051282
354,22,Masculino,Solteiro,0,Vitória,ES,Funcionário Público,Superior,15517.69,5004.81,0.0,928,18705.31,46850.6,Frequentemente,11.14,4.0,1,0,1,Saudável,43984.93,98918.42,46,1256.7122857142858,4498.54,16.53,54933.49,15517.69,2.8345024291631034,3714.0,350.64,0.0,3036.97,8870.86,2788.37,20145.33,438.88,0.0,3214.41,0.0,1425.47,1.0,0.08443801092783369,0.00797182125787173,0.0,0.06904569360460502,0.2016795297844057,0.06339375781659763,0.4580052758979042,0.009977962906841047,0.0,0.07307980255964941,0.0,0.03240814524429163,13,0,0.06521739130434782,0.06521739130434782,0.2608695652173913,0.0,0.10869565217391304,0.2826086956521739,0.21739130434782608
355,18,Feminino,Solteiro,0,Londrina,PR,Engenheiro de Produção,Superior,16734.22,0.0,14.18,753,32866.06,31467.8,Sempre,20.04,0.0,0,1,1,Saudável,64268.58,82754.55,53,1428.1906666666666,5360.01,16.94,18485.97,16734.22,3.8405482896723,4834.9800000000005,2047.04,2232.52,10614.59,16735.8,116.24,21448.010000000002,424.24,209.06,3648.92,1215.42,741.76,1.0,0.0752308515296277,0.031851333886636364,0.034737347549922526,0.1651598650538101,0.26040407303226554,0.0018086598459153757,0.3337246598571184,0.006601048288292661,0.0032529114537772578,0.05677611050376405,0.01891157389816299,0.011541565100707064,17,0,0.1509433962264151,0.1320754716981132,0.16981132075471697,0.03773584905660377,0.09433962264150944,0.2830188679245283,0.1320754716981132
356,48,Feminino,Solteiro,1,Maringá,PR,Vendedor,Médio,4414.23,622.96,33.07,555,804.14,4683.43,Às vezes,2.46,28.8,0,0,0,Em observação,18238.41,28364.96,26,911.9205,4774.88,36.76,10126.55,4414.23,4.131730788835199,2385.54,912.04,40.52,0.0,11899.73,1274.33,0.0,0.0,555.0799999999999,922.26,248.91,0.0,1.0,0.13079758597377733,0.05000655210624171,0.002221684894681061,0.0,0.6524543532029382,0.06987067403353692,0.0,0.0,0.03043467056612939,0.05056690797059612,0.013647571252099278,0.0,3,1,0.038461538461538464,0.15384615384615385,0.11538461538461539,0.11538461538461539,0.0,0.38461538461538464,0.19230769230769232
357,20,Feminino,Solteiro,0,Duque de Caxias,RJ,Funcionário Público,Fundamental,10808.07,0.0,9.05,867,17971.07,21963.53,Sempre,22.16,0.6,1,1,1,Saudável,40279.7,56263.01,41,1258.740625,4901.01,50.96,15983.310000000005,10808.07,3.7268170913030723,3915.74,4791.16,1583.47,3958.12,0.0,794.9,20905.55,866.59,0.0,2925.37,50.96,487.84000000000003,1.0,0.09721373297219195,0.11894726127553086,0.03931186180631931,0.09826587586302778,0.0,0.0197345064635536,0.5190095755430155,0.021514311179080283,0.0,0.07262640982926884,0.001265153414747379,0.01211131165326455,11,0,0.0975609756097561,0.17073170731707318,0.21951219512195122,0.0,0.04878048780487805,0.2682926829268293,0.1951219512195122
358,47,Masculino,Casado,3,Palmas,TO,Advogado,Pós-graduação,9661.95,457.36,38.0,709,1176.41,9114.53,Às vezes,9.42,19.1,0,1,1,Em observação,40144.68,96563.20999999999,54,1003.617,5934.97,12.11,56418.52999999999,9661.95,4.154925248008942,3129.75,3110.46,3247.12,0.0,0.0,2100.33,23297.13,779.18,0.0,1100.8899999999999,1566.3700000000001,1813.45,1.0,0.07796176230574013,0.07748125031760124,0.08088543737302177,0.0,0.0,0.052319012133114524,0.5803291992861819,0.019409296574290788,0.0,0.02742306078912573,0.03901812145469836,0.045172859766225565,17,2,0.037037037037037035,0.16666666666666666,0.2037037037037037,0.037037037037037035,0.018518518518518517,0.2962962962962963,0.24074074074074073
359,25,Masculino,Casado,0,Londrina,PR,Farmacêutico,Superior,5490.49,0.0,72.56,300,840.0,4156.34,Raramente,0.78,3.1,1,1,1,Em risco,37349.95,49343.6,53,868.603488372093,4864.04,25.79,11993.650000000001,5490.49,6.802662421751064,3601.66,8279.19,2177.55,2859.47,5751.540000000001,3212.79,7938.46,824.1400000000001,218.57,823.27,422.79,1240.52,1.0,0.09643011570296614,0.22166535698173628,0.058301282866509874,0.0765588708954095,0.1539905675911213,0.08601858904764265,0.21254272094072416,0.022065357517212208,0.005851948931658543,0.022042064313339108,0.011319693868398754,0.033213431343281585,10,1,0.09433962264150944,0.24528301886792453,0.1320754716981132,0.03773584905660377,0.03773584905660377,0.2830188679245283,0.16981132075471697
360,35,Feminino,Solteiro,2,Curitiba,PR,Analista Financeiro,Superior,8185.11,0.0,54.73,707,3981.62,12699.84,Às vezes,7.35,17.0,1,0,1,Em observação,31443.18,19966.32,25,1497.2942857142857,5622.93,71.29,-11476.86,8185.11,3.841509765904185,1165.92,1846.6599999999999,0.0,7552.12,1850.16,494.53,16029.86,0.0,0.0,1777.92,336.37,389.64,1.0,0.037080218985484296,0.058730064834409235,0.0,0.24018308580747874,0.0588413767309795,0.01572773491739703,0.5098040338159181,0.0,0.0,0.05654389918576938,0.01069770932838218,0.012391876394181505,10,0,0.16,0.32,0.0,0.04,0.16,0.2,0.12
361,54,Feminino,Solteiro,1,Pelotas,RS,Aposentado,Médio,2969.91,0.0,29.12,662,1009.25,3930.79,Frequentemente,1.0,1.4,0,1,0,Em observação,30960.84,23885.53,43,836.7794594594594,2850.14,54.25,-7075.310000000001,2969.91,10.424841156802731,6209.23,914.17,3075.25,7176.84,0.0,3219.49,5746.09,0.0,0.0,1574.8899999999999,2340.35,704.53,1.0,0.20055108323934362,0.02952665366960328,0.0993270854408343,0.23180378826931053,0.0,0.10398587376828276,0.1855921867752942,0.0,0.0,0.050867159934937164,0.07559064934930705,0.02275551955308706,7,1,0.09302325581395349,0.2558139534883721,0.20930232558139536,0.06976744186046512,0.046511627906976744,0.18604651162790697,0.13953488372093023
362,32,Feminino,Casado,0,Vila Velha,ES,Vendedor,Médio,2635.58,0.0,47.58,576,1609.49,2998.53,Às vezes,5.57,5.2,0,0,1,Em observação,32827.01,15819.6,24,1641.3505,5597.42,37.68,-17007.410000000003,2635.58,12.455326721253009,1651.92,790.7,0.0,9232.67,152.87,2732.3599999999997,16227.56,0.0,0.0,1728.1,0.0,310.83,1.0,0.050321975714510706,0.02408687236516515,0.0,0.28125223710596853,0.004656835940891358,0.08323511644831495,0.4943356096092821,0.0,0.0,0.05264262569146565,0.0,0.00946872712440152,6,0,0.125,0.20833333333333334,0.125,0.125,0.125,0.125,0.16666666666666666
363,43,Masculino,Solteiro,1,Joinville,SC,Motoboy,Superior,2791.94,0.0,36.24,549,1516.72,2254.89,Raramente,3.66,22.5,0,1,1,Em observação,12112.36,18030.29,26,605.618,3512.45,104.31,5917.93,2791.94,4.338331052959591,3587.02,0.0,214.19,0.0,0.0,450.13,3512.45,0.0,0.0,1911.53,1064.72,1372.32,1.0,0.2961454250038803,0.0,0.017683589325284254,0.0,0.0,0.03716286504033896,0.2899889038965156,0.0,0.0,0.15781647837415663,0.08790359599615599,0.11329914236366817,3,0,0.038461538461538464,0.2692307692307692,0.19230769230769232,0.038461538461538464,0.0,0.23076923076923078,0.23076923076923078
364,53,Masculino,Divorciado,4,São Luís,MA,Aposentado,Médio,5019.45,0.0,33.26,580,612.56,7944.56,Raramente,12.0,23.3,1,1,0,Em observação,31127.75,34935.840000000004,42,915.5220588235294,5984.73,33.09,3808.090000000004,5019.45,6.201426451105201,4165.83,2726.17,2346.64,918.42,0.0,1699.3999999999999,13374.199999999999,0.0,0.0,2531.28,2304.16,1061.65,1.0,0.13383010336436138,0.0875800531679932,0.07538739549116141,0.029504863024150476,0.0,0.054594373187911105,0.42965521118616024,0.0,0.0,0.08131908024190634,0.07402269678984186,0.034106223546513964,11,1,0.09523809523809523,0.2857142857142857,0.07142857142857142,0.047619047619047616,0.047619047619047616,0.2857142857142857,0.16666666666666666
365,21,Masculino,Solteiro,0,Anápolis,GO,Funcionário Público,Superior,6641.23,0.0,98.0,461,323.44,3999.57,Nunca,1.32,1.0,0,1,1,Em risco,18889.71,30401.04,26,944.4855,5840.38,16.3,11511.330000000002,6641.23,2.8443089608400856,1494.52,2600.69,2502.6499999999996,0.0,0.0,605.33,10003.09,0.0,219.77,1137.42,0.0,326.24,1.0,0.07911820774379279,0.13767760330889148,0.13248747598560273,0.0,0.0,0.0320454893166703,0.52955233298976,0.0,0.011634376599746636,0.06021373541467816,0.0,0.01727077864085791,10,0,0.07692307692307693,0.38461538461538464,0.07692307692307693,0.0,0.07692307692307693,0.19230769230769232,0.19230769230769232
366,50,Masculino,União Estável,1,Maringá,PR,Gerente Comercial,Superior,11437.92,0.0,39.68,602,2697.42,17037.63,Frequentemente,5.21,17.2,0,0,0,Em observação,34729.63,47209.62,33,1335.7549999999999,5726.24,83.13,12479.990000000005,11437.92,3.0363588834333513,4635.6,3220.77,2358.79,3822.12,0.0,1688.04,16979.23,211.01,0.0,345.99,895.2,572.88,1.0,0.13347680352482882,0.09273839082074875,0.0679186619609826,0.11005357672972618,0.0,0.04860518237597118,0.48889752064735503,0.006075791766281415,0.0,0.009962386584596496,0.025776260789418144,0.01649542480009145,11,0,0.24242424242424243,0.15151515151515152,0.15151515151515152,0.0,0.09090909090909091,0.18181818181818182,0.18181818181818182
367,41,Feminino,Casado,0,Santos,SP,Pedreiro,Fundamental,1746.95,0.0,63.02,346,184.82,353.06,Nunca,0.0,8.5,1,0,0,Em risco,15899.99,13368.72,25,794.9995,5402.62,78.54,-2531.2700000000004,1746.95,9.101571309997423,2433.71,2372.81,1004.19,505.13,0.0,880.74,5769.79,639.73,180.32,1577.8,213.19,322.58,1.0,0.15306361827900522,0.1492334271908347,0.06315664349474434,0.03176920237056753,0.0,0.05539248766823124,0.362880102440316,0.040234616499758805,0.011340887635778387,0.09923276681306088,0.013408184533449392,0.020288063074253505,5,0,0.16,0.4,0.08,0.0,0.04,0.16,0.16
368,52,Feminino,Casado,1,Duque de Caxias,RJ,Corretor de Imóveis,Fundamental,2119.33,0.0,66.31,465,58.2,445.18,Nunca,2.03,8.8,0,0,0,Em risco,21930.170000000002,13242.900000000001,20,1462.0113333333334,4601.75,50.11,-8687.27,2119.33,10.347690071862335,0.0,6110.25,2701.37,0.0,4601.75,0.0,6133.25,0.0,0.0,1840.75,0.0,542.8000000000001,1.0,0.0,0.27862301113032867,0.12318053166026527,0.0,0.20983649465553617,0.0,0.2796717946098913,0.0,0.0,0.08393687782630048,0.0,0.024751290117678067,4,1,0.05,0.35,0.15,0.0,0.1,0.1,0.25
369,42,Feminino,Solteiro,4,Curitiba,PR,Motorista,Médio,4098.32,0.0,10.06,813,2713.17,6924.07,Sempre,19.38,18.0,0,0,0,Saudável,32898.34,19086.39,29,1430.362608695652,5713.37,27.54,-13811.949999999997,4098.32,8.027274590563938,3329.4,2836.2,247.63,4101.45,7364.570000000001,0.0,13686.529999999999,0.0,0.0,587.03,328.18,417.34999999999997,1.0,0.10120267466382804,0.08621103678787441,0.007527127508561223,0.12467042410042574,0.2238584074454821,0.0,0.4160249422919211,0.0,0.0,0.017843757466182185,0.00997557931494416,0.01268605042078111,8,0,0.06896551724137931,0.1724137931034483,0.1724137931034483,0.0,0.20689655172413793,0.20689655172413793,0.1724137931034483
370,38,Masculino,Divorciado,0,Vitória,ES,Professor,Médio,6603.85,0.0,2.31,907,5741.78,14978.01,Sempre,20.91,10.1,0,1,1,Saudável,40233.3,36446.59,44,1087.3864864864865,4839.9,36.91,-3786.7100000000064,6603.85,6.09240064507825,5964.3,5506.45,3676.99,7902.3099999999995,7316.49,916.8,6330.13,0.0,321.16,1314.26,947.5,36.91,1.0,0.14824287344065737,0.13686299657249093,0.09139170786388388,0.19641217598357577,0.1818516005398513,0.02278709427265474,0.15733559017033152,0.0,0.007982442404674734,0.03266597569674871,0.02355014378636602,0.0009173992687649284,7,0,0.09090909090909091,0.13636363636363635,0.22727272727272727,0.0,0.045454545454545456,0.3409090909090909,0.1590909090909091
371,42,Feminino,Casado,2,Brasília,DF,Cabeleireiro,Médio,3972.48,778.34,10.92,885,7856.65,10082.58,Às vezes,22.39,3.3,0,0,1,Saudável,22959.65,11815.06,21,1350.5676470588237,5459.97,10.5,-11144.590000000002,3972.48,5.7796766755276305,1272.36,0.0,0.0,3222.02,1596.82,2924.37,12031.14,682.53,0.0,0.0,0.0,1230.41,1.0,0.055417221081331805,0.0,0.0,0.14033402077122256,0.06954896960537289,0.12736997297432667,0.5240123433937364,0.029727369537427613,0.0,0.0,0.0,0.053590102636582,5,0,0.19047619047619047,0.2857142857142857,0.09523809523809523,0.0,0.09523809523809523,0.19047619047619047,0.14285714285714285
372,39,Masculino,Solteiro,1,Natal,RN,Designer Gráfico,Superior,7612.66,0.0,14.09,799,20685.15,22689.09,Frequentemente,21.39,11.4,0,1,1,Saudável,39999.86,36875.21,38,1249.995625,4521.06,46.15,-3124.6500000000015,7612.66,5.254386771509565,1805.65,827.23,900.38,0.0,20667.02,0.0,10135.05,0.0,0.0,3171.57,364.91999999999996,2128.04,1.0,0.04514140799492798,0.02068082238287834,0.022509578783525743,0.0,0.5166773083705793,0.0,0.25337713681997887,0.0,0.0,0.0792895275133463,0.009123031930611756,0.053201186204151714,7,0,0.05263157894736842,0.10526315789473684,0.21052631578947367,0.05263157894736842,0.10526315789473684,0.3684210526315789,0.10526315789473684
373,57,Feminino,Casado,2,Goiânia,GO,Vendedor,Médio,4880.36,0.0,15.94,700,5523.99,10571.0,Sempre,18.23,26.2,0,1,0,Saudável,46324.159999999996,51315.16,42,1494.3277419354838,5996.87,106.33,4991.000000000007,4880.36,9.491955511478661,2471.38,4154.37,2825.38,4191.11,5833.48,1579.05,21107.08,0.0,1217.08,2402.68,542.5500000000001,0.0,1.0,0.05334969916346028,0.08968041730276383,0.06099149989983629,0.09047352396675946,0.12592737785207547,0.03408696455586027,0.45563869911510546,0.0,0.026273115367877152,0.05186667173241782,0.011712031043844079,0.0,9,0,0.07142857142857142,0.07142857142857142,0.11904761904761904,0.023809523809523808,0.07142857142857142,0.38095238095238093,0.2619047619047619
374,38,Feminino,Casado,2,Juazeiro do Norte,CE,Gerente Comercial,Superior,13262.96,658.55,26.69,599,4097.7,13954.35,Às vezes,8.24,10.2,0,1,1,Em observação,16587.829999999998,41527.96,24,873.0436842105262,4931.45,14.8,24940.13,13262.96,1.2506883832869886,1012.7,3363.8199999999997,2699.44,0.0,1370.55,887.5699999999999,6271.7,138.77,0.0,239.76,166.53,436.99,1.0,0.06105078241096033,0.2027884298307856,0.16273617465334528,0.0,0.08262382722755177,0.0535073002315553,0.3780904434154438,0.008365771773643692,0.0,0.014453970169696701,0.010039287839337637,0.026344012447680018,7,0,0.08333333333333333,0.20833333333333334,0.041666666666666664,0.08333333333333333,0.16666666666666666,0.20833333333333334,0.20833333333333334
375,40,Feminino,Divorciado,3,Joinville,SC,Corretor de Imóveis,Pós-graduação,14623.24,2350.03,21.42,835,12396.71,44863.73,Às vezes,13.28,9.4,0,1,1,Saudável,31040.63,97306.37,45,886.8751428571429,3882.54,38.06,66265.73999999999,14623.24,2.1226916880253626,2041.01,3828.64,2969.39,529.25,9984.6,2917.0699999999997,4722.55,38.06,359.63,2176.63,424.39,1049.41,1.0,0.0657528535986544,0.12334285740978838,0.09566139604769619,0.017050233838681754,0.32166228584922407,0.09397586324762093,0.1521409198202485,0.0012261349077000048,0.011585782891648784,0.0701219659523663,0.013672080753515633,0.03380762568285502,10,1,0.022222222222222223,0.17777777777777778,0.13333333333333333,0.0,0.15555555555555556,0.28888888888888886,0.2222222222222222
376,22,Feminino,Casado,0,São Paulo,SP,Motoboy,Fundamental,3466.03,761.57,10.82,855,9035.8,10717.49,Frequentemente,20.84,1.5,1,0,0,Saudável,41382.91,35545.96,34,1591.6503846153848,5959.67,23.09,-5836.950000000004,3466.03,11.939570632683504,2643.89,2119.5299999999997,4995.47,500.96,10526.86,1263.71,16877.15,0.0,0.0,1209.48,476.45,769.41,1.0,0.06388845057053744,0.051217519502615924,0.12071335727719486,0.012105480257429937,0.2543769879885199,0.030537001868645774,0.407828980610595,0.0,0.0,0.029226557533049268,0.011513206780286837,0.018592457611124977,9,0,0.14705882352941177,0.08823529411764706,0.08823529411764706,0.029411764705882353,0.14705882352941177,0.29411764705882354,0.20588235294117646
377,36,Feminino,Casado,0,Juiz de Fora,MG,Técnico em Informática,Pós-graduação,3287.76,0.0,82.35,381,339.6,2492.65,Raramente,0.0,11.7,1,1,0,Em risco,20387.18,30543.22,28,970.8180952380952,2780.8,42.26,10156.04,3287.76,6.200933158138064,1369.32,3832.46,4458.18,0.0,0.0,4359.5599999999995,4730.79,0.0,0.0,779.64,279.01,578.22,1.0,0.06716573846897902,0.18798382120528684,0.2186756579379787,0.0,0.0,0.2138383042676819,0.23204729638920144,0.0,0.0,0.03824167932985337,0.013685561220335525,0.028361941180683154,7,4,0.17857142857142858,0.25,0.03571428571428571,0.0,0.10714285714285714,0.25,0.17857142857142858
378,48,Feminino,Divorciado,3,Recife,PE,Vendedor,Médio,5316.26,688.91,14.79,804,9649.78,6916.53,Às vezes,23.85,13.8,0,1,1,Saudável,34386.02,39190.29,40,1109.226451612903,3698.0,31.76,4804.270000000004,5316.26,6.4680847061656115,1533.15,3118.39,5769.76,2222.2,9255.67,1247.26,7095.65,0.0,0.0,3440.5699999999997,0.0,703.37,1.0,0.04458643367275422,0.09068772716353914,0.1677937720038551,0.06462510054958381,0.2691695636773317,0.03627229903315359,0.20635275614915596,0.0,0.0,0.10005723256137232,0.0,0.02045511518925424,11,0,0.075,0.075,0.175,0.025,0.15,0.3,0.2
379,32,Feminino,Solteiro,0,Belém,PA,Pedreiro,Pós-graduação,2801.29,153.82,60.42,396,472.72,1011.32,Nunca,0.49,5.3,0,1,1,Em risco,41458.5,53445.58,56,987.1071428571429,5711.46,15.54,11987.080000000002,2801.29,14.799788668791878,4883.38,5664.27,0.0,1506.45,827.07,6082.91,15906.54,398.59000000000003,0.0,4693.28,898.59,597.42,1.0,0.1177895968257414,0.1366250587937335,0.0,0.03633633633633634,0.019949346937298745,0.14672286744575902,0.38367379427620396,0.009614192505758772,0.0,0.11320428862597537,0.021674445529867217,0.014410072723325734,12,1,0.16071428571428573,0.23214285714285715,0.05357142857142857,0.017857142857142856,0.03571428571428571,0.26785714285714285,0.23214285714285715
380,23,Masculino,Casado,0,Blumenau,SC,Eletricista,Médio,6372.35,0.0,15.66,874,4916.82,8999.42,Frequentemente,24.53,5.0,1,1,0,Saudável,42721.02,30370.29,46,1095.4107692307691,5855.61,36.26,-12350.729999999996,6372.35,6.704123282619441,5177.68,1931.0300000000002,0.0,542.21,6694.63,4393.21,15620.86,1018.67,0.0,5610.81,432.38,1299.54,1.0,0.12119748077176061,0.04520093387283357,0.0,0.012691878611512554,0.15670576217515408,0.10283485740743083,0.36564810484393867,0.023844702209825517,0.0,0.13133604956061445,0.010121013028246986,0.03041921751868284,5,0,0.06521739130434782,0.15217391304347827,0.2391304347826087,0.021739130434782608,0.08695652173913043,0.2826086956521739,0.15217391304347827
381,54,Feminino,Casado,0,São Luís,MA,Vendedor,Superior,5259.23,327.0,2.51,916,3516.69,16481.01,Frequentemente,15.94,12.7,0,1,0,Saudável,20166.23,16705.71,25,1008.3115,5379.35,17.11,-3460.5200000000004,5259.23,3.8344453465621395,2964.02,0.0,3948.8599999999997,0.0,0.0,523.55,11594.77,21.72,362.6,0.0,361.69,389.02,1.0,0.14697938087585039,0.0,0.1958154796409641,0.0,0.0,0.025961719171109322,0.5749597222683666,0.0010770481145955392,0.0179805546202736,0.0,0.01793542967624588,0.01929066563259469,10,0,0.08,0.24,0.24,0.0,0.12,0.16,0.16
382,39,Feminino,União Estável,0,Palmas,TO,Designer Gráfico,Superior,5805.89,0.0,37.13,703,797.76,4140.58,Raramente,5.51,4.2,0,0,1,Em observação,34253.4,39034.5,42,1007.4529411764706,4761.11,30.07,4781.0999999999985,5805.89,5.899767305271026,2680.62,2212.34,810.14,0.0,0.0,3499.4900000000002,23063.88,0.0,104.51,0.0,362.25,1520.17,1.0,0.07825850864439733,0.06458745701156673,0.023651374754039015,0.0,0.0,0.10216474860889722,0.6733311145754874,0.0,0.0030510839799844686,0.0,0.010575592495927412,0.04438011992970041,14,1,0.11904761904761904,0.21428571428571427,0.11904761904761904,0.047619047619047616,0.07142857142857142,0.2619047619047619,0.16666666666666666
383,18,Feminino,Solteiro,0,Niterói,RJ,Funcionário Público,Fundamental,10587.11,0.0,42.46,630,3366.2,13374.16,Às vezes,6.15,0.0,0,0,1,Em observação,19661.54,30067.600000000002,24,1034.8178947368422,2981.73,149.0,10406.060000000001,10587.11,1.857120592871898,1576.04,4852.41,4477.97,0.0,3553.59,1934.5900000000001,0.0,0.0,0.0,2358.18,0.0,908.76,1.0,0.08015852267930182,0.24679704641650652,0.22775275995674804,0.0,0.1807381313976423,0.0983946323634873,0.0,0.0,0.0,0.11993872300948957,0.0,0.0462201841768244,3,0,0.041666666666666664,0.2916666666666667,0.16666666666666666,0.08333333333333333,0.0,0.25,0.16666666666666666
384,41,Feminino,Solteiro,1,Maceió,AL,Funcionário Público,Fundamental,6684.55,0.0,76.67,428,1311.72,5428.14,Nunca,0.28,8.9,0,0,0,Em risco,39432.5,42160.95,55,838.9893617021277,5515.46,11.06,2728.449999999997,6684.55,5.899050796239089,4365.04,9963.61,2116.1,214.63,0.0,1336.08,13311.9,122.92,0.0,3857.92,2076.26,2068.04,1.0,0.11069650668864515,0.25267507766436315,0.05366385595638116,0.0054429721676282255,0.0,0.03388271096177011,0.33758701578647055,0.0031172256387497622,0.0,0.09783604894439865,0.05265352184112091,0.052445064350472324,11,3,0.10909090909090909,0.2909090909090909,0.14545454545454545,0.01818181818181818,0.09090909090909091,0.2,0.14545454545454545
385,18,Masculino,Casado,0,Joinville,SC,Desenvolvedor de Software,Superior,12555.22,0.0,36.75,656,1942.58,14621.7,Raramente,10.33,0.0,1,1,1,Em observação,31048.78,60269.34,49,757.2873170731707,5632.34,29.19,29220.559999999998,12555.22,2.47297777338828,4141.83,8278.02,0.0,0.0,0.0,2649.6,10180.27,0.0,345.25,1974.0700000000002,1422.15,2057.59,1.0,0.13339751191512195,0.2666133741808857,0.0,0.0,0.0,0.08533668633679005,0.3278798716084819,0.0,0.011119599546262366,0.06357963179229588,0.045803732062902315,0.06626959255725991,9,1,0.061224489795918366,0.24489795918367346,0.24489795918367346,0.0,0.061224489795918366,0.24489795918367346,0.14285714285714285
386,36,Feminino,União Estável,1,Salvador,BA,Analista Financeiro,Superior,7305.93,0.0,64.89,364,1417.11,2559.86,Nunca,0.58,0.4,1,0,1,Em risco,37143.97,58568.68,57,825.4215555555555,4828.56,62.02,21424.71,7305.93,5.0840851198957555,2969.3199999999997,8166.6,110.53,4089.26,4828.56,3422.96,7582.639999999999,682.19,485.19,2777.81,925.54,1103.37,1.0,0.07994083561880971,0.21986341255390848,0.002975718535202349,0.11009216300788527,0.12999579743360767,0.092153854313365,0.20414188359510302,0.01836610356943536,0.013062416322218653,0.07478495163548753,0.024917638044613968,0.029705225370362937,11,4,0.15789473684210525,0.24561403508771928,0.03508771929824561,0.08771929824561403,0.03508771929824561,0.2631578947368421,0.17543859649122806
387,41,Feminino,Solteiro,2,Brasília,DF,Vendedor,Fundamental,4582.81,0.0,16.66,700,4935.65,11636.77,Sempre,12.78,14.3,1,0,0,Saudável,34723.6,21457.62,28,1509.7217391304348,4304.39,20.28,-13265.98,4582.81,7.576923328700076,879.55,2897.83,0.0,8549.26,13949.36,1270.9,1989.01,0.0,0.0,3891.17,0.0,1296.52,1.0,0.025330034904215,0.08345419253764011,0.0,0.24620891843011672,0.4017256275270998,0.036600467693441927,0.057281215081385575,0.0,0.0,0.11206124940962343,0.0,0.037338294416477555,4,0,0.17857142857142858,0.17857142857142858,0.17857142857142858,0.0,0.07142857142857142,0.2857142857142857,0.10714285714285714
388,46,Feminino,Casado,0,Juazeiro do Norte,CE,Advogado,Pós-graduação,14349.91,0.0,8.18,851,14805.02,37024.93,Frequentemente,17.18,13.6,0,1,1,Saudável,11488.2,42270.42,24,604.642105263158,4038.26,23.33,30782.219999999998,14349.91,0.8005764496083948,2569.26,1108.08,0.0,0.0,4233.31,0.0,1257.2,0.0,611.16,0.0,258.93,1450.26,1.0,0.22364339060949495,0.09645375254609076,0.0,0.0,0.3684920178966244,0.0,0.10943402795912327,0.0,0.05319893455893873,0.0,0.022538778920979788,0.1262390975087481,2,0,0.041666666666666664,0.20833333333333334,0.16666666666666666,0.0,0.0,0.375,0.20833333333333334
389,50,Masculino,Solteiro,1,Londrina,PR,Farmacêutico,Pós-graduação,3628.7,0.0,59.9,391,24.98,1254.52,Nunca,0.97,0.9,1,0,0,Em risco,80903.27,37888.0,58,1651.087142857143,5614.96,33.11,-43015.270000000004,3628.7,22.295386777633865,2444.62,17978.0,5278.1,2957.9,3920.45,4193.08,41016.69,0.0,345.3,1571.26,913.74,284.13,1.0,0.03021657839046555,0.22221598706702458,0.06523963740897,0.03656094494079164,0.0484584862886259,0.051828312996495686,0.5069843283219578,0.0,0.004268059869520725,0.01942146467009306,0.01129422828026605,0.0035119717657889475,18,7,0.08620689655172414,0.3103448275862069,0.13793103448275862,0.034482758620689655,0.1206896551724138,0.1724137931034483,0.13793103448275862
390,43,Feminino,Casado,0,Joinville,SC,Pedreiro,Fundamental,2224.15,0.0,96.21,309,224.64,1690.21,Frequentemente,0.44,4.3,1,0,0,Em risco,21099.670000000002,16386.27,25,1110.508947368421,4011.31,47.08,-4713.4000000000015,2224.15,9.486621855540319,742.0,2833.8900000000003,1553.14,0.0,0.0,866.36,13252.09,0.0,0.0,551.66,592.25,708.28,1.0,0.0351664267734993,0.1343096835163773,0.07360968204715998,0.0,0.0,0.04106035781602271,0.6280709603515126,0.0,0.0,0.026145432606291943,0.02806915937547838,0.033568297513657794,9,1,0.08,0.36,0.08,0.0,0.12,0.12,0.24
391,46,Feminino,Solteiro,1,Florianópolis,SC,Desenvolvedor de Software,Superior,9310.57,517.25,72.26,313,1438.26,1646.62,Às vezes,1.67,6.3,1,0,1,Em risco,24389.91,41498.19,32,975.5964,5445.81,94.92,17108.280000000002,9310.57,2.6195936446425945,2795.81,4484.46,1414.79,0.0,0.0,3291.13,8830.12,0.0,0.0,1789.28,880.13,904.19,1.0,0.11462977928167836,0.18386537711701273,0.058007184118350576,0.0,0.0,0.1349381773036473,0.36203987632590695,0.0,0.0,0.07336148431872032,0.03608582401493077,0.03707229751975305,6,1,0.125,0.28125,0.0625,0.03125,0.0625,0.21875,0.21875
392,36,Feminino,Solteiro,1,Maringá,PR,Motoboy,Fundamental,2745.4,0.0,49.54,690,910.08,4276.12,Às vezes,3.3,2.1,0,0,0,Em observação,43992.31,25500.73,42,1374.7596875,5833.67,15.96,-18491.579999999998,2745.4,16.024007430611203,1225.44,6863.67,1590.8400000000001,7835.32,685.3,1225.01,21183.69,0.0,178.88,1958.86,258.78,986.52,1.0,0.027855777521116763,0.15601976800036188,0.036161774637430956,0.1781065827186615,0.015577722561056693,0.027846003085539268,0.4815316586012419,0.0,0.004066165200236132,0.04452732761703125,0.005882391718007079,0.022424828339316576,14,1,0.19047619047619047,0.19047619047619047,0.047619047619047616,0.11904761904761904,0.047619047619047616,0.19047619047619047,0.21428571428571427
393,51,Feminino,Solteiro,3,Natal,RN,Autônomo,Pós-graduação,4821.68,0.0,41.89,620,2690.94,3074.29,Raramente,11.97,32.2,0,0,1,Em observação,22992.77,29377.6,32,851.5840740740741,3506.38,69.99,6384.829999999998,4821.68,4.768622140000995,4737.33,1970.54,0.0,0.0,5105.32,2071.55,5619.38,0.0,209.71,1624.33,1326.5,328.11,1.0,0.20603563641962233,0.08570259259758611,0.0,0.0,0.22204023264704512,0.0900957126957735,0.2443976954494826,0.0,0.009120693157022838,0.07064525065922896,0.05769204841347954,0.01427013796075897,6,1,0.0,0.25,0.09375,0.0,0.125,0.40625,0.125
394,46,Masculino,União Estável,0,Maringá,PR,Enfermeiro,Superior,2859.57,0.0,77.0,464,60.94,907.76,Raramente,1.12,5.9,1,0,0,Em risco,26801.83,12509.3,26,1410.6226315789474,5960.49,13.21,-14292.530000000002,2859.57,9.372678409690968,1948.8799999999999,3652.5,0.0,1521.65,0.0,1942.53,17299.190000000002,0.0,104.76,0.0,84.84,247.48000000000002,1.0,0.07271443778279318,0.13627800788229757,0.0,0.0567741083351398,0.0,0.07247751366231335,0.6454480906714206,0.0,0.003908688324640519,0.0,0.003165455493151027,0.009233697848243945,8,1,0.19230769230769232,0.19230769230769232,0.11538461538461539,0.07692307692307693,0.07692307692307693,0.19230769230769232,0.15384615384615385
395,52,Masculino,Casado,1,Juazeiro do Norte,CE,Motorista,Médio,3455.9,260.56,0.94,803,5876.53,9956.05,Sempre,17.58,12.3,0,0,0,Saudável,27369.88,18622.75,24,1520.548888888889,4847.28,65.14,-8747.130000000001,3455.9,7.919754622529587,2157.55,871.17,65.14,0.0,18294.28,1416.63,2542.73,645.6,0.0,0.0,545.24,831.54,1.0,0.07882935548128088,0.031829514780481315,0.002379988512920042,0.0,0.6684092148010878,0.05175872163122382,0.0929024898903466,0.02358797334880533,0.0,0.0,0.019921168817693024,0.03038157273616106,5,0,0.0,0.08333333333333333,0.125,0.041666666666666664,0.041666666666666664,0.5,0.20833333333333334
396,39,Feminino,Solteiro,2,Manaus,AM,Analista Financeiro,Superior,5088.19,0.0,75.3,429,948.53,2219.72,Raramente,1.49,7.3,1,1,0,Em risco,29296.19,22164.53,30,1220.6745833333332,5800.76,22.45,-7131.66,5088.19,5.757683970134763,2122.29,0.0,4218.33,2815.45,0.0,771.95,15545.44,0.0,0.0,2004.76,1365.35,452.62,1.0,0.07244252580284331,0.0,0.1439890306555221,0.09610294034821593,0.0,0.026349842761123548,0.5306300921723952,0.0,0.0,0.06843074133530674,0.046605036354556685,0.015449790570036582,11,0,0.06666666666666667,0.3333333333333333,0.0,0.03333333333333333,0.13333333333333333,0.23333333333333334,0.2
397,54,Masculino,Casado,0,Juazeiro do Norte,CE,Engenheiro Civil,Superior,10684.01,0.0,76.51,453,1922.78,2015.11,Raramente,0.8,7.4,1,1,0,Em risco,14983.36,24548.43,23,788.5978947368421,2873.45,70.02,9565.07,10684.01,1.4024097693656221,3930.86,4351.08,2873.45,0.0,0.0,2260.41,0.0,896.41,0.0,467.03,204.12,0.0,1.0,0.2623483651197061,0.2903941439036371,0.19177607692800544,0.0,0.0,0.1508613555304017,0.0,0.05982703479059436,0.0,0.03116991115477436,0.013623112572880848,0.0,4,2,0.17391304347826086,0.30434782608695654,0.08695652173913043,0.043478260869565216,0.0,0.2608695652173913,0.13043478260869565
398,57,Masculino,Casado,2,João Pessoa,PB,Motorista,Pós-graduação,2975.66,60.01,45.61,595,1402.49,2854.23,Às vezes,2.89,2.6,0,1,0,Em observação,49505.76,37281.46,55,1151.2967441860465,5648.35,15.85,-12224.300000000003,2975.66,16.636900721184546,2566.98,5379.0,693.77,9207.8,1733.48,1240.91,25379.510000000002,562.95,0.0,432.56,1140.1,1168.6999999999998,1.0,0.05185214811367404,0.10865402328941116,0.014013924844300946,0.18599451861763155,0.03501572342289059,0.025065972121223874,0.5126577190209786,0.011371404054800896,0.0,0.008737569123269695,0.023029643419270805,0.023607353972547835,18,0,0.09090909090909091,0.14545454545454545,0.12727272727272726,0.01818181818181818,0.05454545454545454,0.4,0.16363636363636364
399,44,Feminino,União Estável,0,Cuiabá,MT,Farmacêutico,Superior,3038.28,0.0,78.68,345,288.81,2378.44,Nunca,1.22,3.1,0,0,1,Em risco,50823.840000000004,31116.54,53,1303.1753846153847,5685.13,12.83,-19707.300000000003,3038.28,16.727832852798294,4842.07,6312.780000000001,4123.62,2879.87,0.0,1293.94,29912.600000000002,0.0,425.97,107.03,879.59,46.37,1.0,0.09527162843264105,0.12420903261146737,0.08113554583833098,0.05666376251774757,0.0,0.0254593120079081,0.5885545051298761,0.0,0.008381302947593098,0.0021059014824539035,0.017306641922373436,0.0009123671096084041,16,3,0.09433962264150944,0.24528301886792453,0.1320754716981132,0.018867924528301886,0.07547169811320754,0.22641509433962265,0.20754716981132076
400,26,Masculino,Casado,0,Duque de Caxias,RJ,Professor,Superior,3388.28,0.0,68.42,462,653.28,1547.17,Raramente,0.13,0.9,1,0,0,Em risco,34172.55,30155.61,59,697.3989795918368,3463.85,10.4,-4016.9400000000023,3388.28,10.085515364727828,3974.87,5364.56,1764.83,2371.93,0.0,4999.73,5855.53,0.0,87.81,6728.79,857.26,2167.24,1.0,0.11631762920823877,0.15698448023340372,0.05164466801570265,0.06941038933295875,0.0,0.1463083673884448,0.1713518598992466,0.0,0.002569606306816436,0.19690628881953495,0.025086216861194142,0.06342049393445907,10,3,0.13559322033898305,0.3559322033898305,0.1016949152542373,0.05084745762711865,0.05084745762711865,0.1694915254237288,0.13559322033898305
401,36,Masculino,Divorciado,1,Vila Velha,ES,Eletricista,Médio,5517.97,0.0,18.75,801,7275.82,13500.42,Às vezes,20.7,8.6,1,1,0,Saudável,44389.84,68132.63,54,1109.7459999999999,5351.1,22.63,23742.790000000008,5517.97,8.044596110526152,2695.63,7541.629999999999,2351.33,3101.8,1979.1399999999999,3037.98,20969.92,365.43,0.0,1142.84,509.59999999999997,694.54,1.0,0.06072628331167673,0.1698954084988817,0.0529700039468491,0.06987635008371286,0.04458542765641867,0.06843863370537043,0.4724035950568869,0.008232289190499448,0.0,0.02574553095933664,0.011480104456335053,0.015646373134032474,16,0,0.07407407407407407,0.16666666666666666,0.2037037037037037,0.018518518518518517,0.07407407407407407,0.2037037037037037,0.25925925925925924
402,29,Masculino,Casado,0,Brasília,DF,Aposentado,Médio,2294.85,0.0,68.85,360,-30.15,461.89,Raramente,0.92,5.9,0,0,0,Em risco,52064.0,31243.339999999997,58,1062.530612244898,5740.49,40.36,-20820.660000000003,2294.85,22.6873216114343,4899.45,9830.46,2924.79,796.04,0.0,5551.6900000000005,18989.35,1394.82,0.0,5637.849999999999,753.62,1285.93,1.0,0.09410437154271666,0.1888149200983405,0.05617682083589429,0.015289643515673017,0.0,0.10663202980946529,0.36473090811309156,0.026790488629379224,0.0,0.10828691610325752,0.014474877074370006,0.024699024277811926,17,6,0.13793103448275862,0.3275862068965517,0.1206896551724138,0.06896551724137931,0.05172413793103448,0.15517241379310345,0.13793103448275862
403,33,Masculino,Divorciado,1,Brasília,DF,Eletricista,Superior,3929.4,0.0,40.98,641,1890.2,5729.32,Raramente,1.97,9.0,0,0,0,Em observação,24015.23,9956.84,29,960.6092,4184.53,50.23,-14058.39,3929.4,6.111678627780322,3203.39,3207.95,0.0,4947.1900000000005,0.0,0.0,8057.5599999999995,594.26,0.0,1563.53,2091.64,349.71,1.0,0.1333899363029211,0.1335798158085515,0.0,0.20600219110955842,0.0,0.0,0.3355187520585895,0.024745130485945795,0.0,0.06510576829786764,0.08709639674489897,0.01456200919166712,5,0,0.10344827586206896,0.2413793103448276,0.20689655172413793,0.10344827586206896,0.06896551724137931,0.1724137931034483,0.10344827586206896
404,69,Masculino,União Estável,0,Santos,SP,Professor,Superior,2341.6,0.0,82.18,402,242.88,1141.99,Nunca,1.38,11.9,0,0,0,Em risco,44215.33,26483.07,51,1052.7459523809525,5701.13,10.95,-17732.260000000002,2341.6,18.88252903997267,2450.9300000000003,4290.139999999999,2642.7900000000004,0.0,0.0,3700.5299999999997,26976.25,0.0,0.0,2382.58,208.51999999999998,1563.59,1.0,0.05543167946501813,0.09702833836137827,0.05977089846440138,0.0,0.0,0.08369337060245846,0.6101107918905049,0.0,0.0,0.05388583552356162,0.004716011392428825,0.03536307430024835,16,2,0.13725490196078433,0.4117647058823529,0.0784313725490196,0.0196078431372549,0.0196078431372549,0.1568627450980392,0.17647058823529413
405,44,Masculino,Casado,1,Natal,RN,Gerente Comercial,Médio,15780.17,0.0,1.44,714,44069.33,42631.4,Frequentemente,14.63,1.3,0,1,1,Saudável,43203.950000000004,112786.67,51,1080.09875,4180.68,20.55,69582.72,15780.17,2.7378634070482133,3446.4,3313.9,6623.2300000000005,3506.38,5457.15,2362.92,12746.82,430.31,0.0,3995.25,613.87,707.7199999999999,1.0,0.0797704839488056,0.07670363473710158,0.15330149210893912,0.0811587829353566,0.1263113673634008,0.05469222142882769,0.29503830089609856,0.009959968938025341,0.0,0.09247418349479618,0.01420865453274527,0.01638090961590317,15,0,0.0392156862745098,0.1568627450980392,0.17647058823529413,0.0,0.1568627450980392,0.2549019607843137,0.21568627450980393
406,40,Masculino,Solteiro,1,Juiz de Fora,MG,Veterinário,Superior,4124.57,0.0,93.95,357,777.62,1263.27,Às vezes,0.72,12.7,1,0,1,Em risco,30218.46,26372.78,33,1162.2484615384615,5289.53,32.9,-3845.6800000000003,4124.57,7.32645099974058,783.5,6116.210000000001,0.0,0.0,0.0,3409.49,13583.67,828.42,396.18,4112.25,796.8,191.94,1.0,0.025927859990217902,0.20239979138579534,0.0,0.0,0.0,0.112828052786277,0.4495156272027099,0.02741436856808719,0.01311052912689793,0.13608403604948763,0.026367988309132895,0.006351746581394287,10,3,0.12121212121212122,0.3939393939393939,0.0,0.09090909090909091,0.09090909090909091,0.12121212121212122,0.18181818181818182
407,42,Feminino,Solteiro,1,Guarulhos,SP,Advogado,Pós-graduação,17186.27,0.0,42.21,688,3052.61,8608.06,Frequentemente,12.0,15.8,1,0,1,Em observação,34635.659999999996,92283.2,33,1443.1525,5659.92,26.91,57647.54,17186.27,2.0153098956318036,2243.19,1670.15,5243.09,3414.17,7697.379999999999,1117.17,10714.66,101.49,0.0,1375.32,570.97,488.07,1.0,0.06476533145319016,0.048220533404011945,0.15137837708304103,0.09857383979401578,0.2222385830095341,0.032254907225674354,0.30935342361023294,0.0029302170075581066,0.0,0.039708208245490345,0.016485033055527166,0.014091546111724161,8,1,0.09090909090909091,0.18181818181818182,0.18181818181818182,0.06060606060606061,0.030303030303030304,0.24242424242424243,0.21212121212121213
408,30,Masculino,Solteiro,2,Goiânia,GO,Designer Gráfico,Superior,6463.47,0.0,13.61,1000,6313.53,17343.27,Frequentemente,14.84,2.1,0,0,1,Saudável,20149.74,20162.420000000002,20,1343.316,4185.59,14.25,12.680000000000291,6463.47,3.117480238942859,0.0,1771.48,2056.19,0.0,2301.19,17.9,13199.150000000001,0.0,0.0,0.0,433.11,370.71999999999997,1.0,0.0,0.08791577459560272,0.1020454854504326,0.0,0.11420445127331667,0.0008883489315494889,0.6550531173106948,0.0,0.0,0.0,0.021494570153262522,0.018398252285141144,9,0,0.05,0.2,0.15,0.05,0.2,0.1,0.25
409,19,Masculino,Solteiro,1,Cuiabá,MT,Advogado,Pós-graduação,12580.47,0.0,69.56,425,-353.14,5335.08,Raramente,0.0,0.4,0,0,1,Em risco,27311.4,62323.41,39,881.0129032258066,2341.92,56.72,35012.01,12580.47,2.1709363799603674,5039.72,11635.72,4003.92,0.0,0.0,2554.3900000000003,731.84,0.0,313.78,1174.8,474.02,1383.21,1.0,0.18452807252649076,0.4260389434448618,0.14660251763000065,0.0,0.0,0.09352834347561825,0.026796136411901258,0.0,0.011488975299691702,0.04301500472330235,0.017356122351838425,0.050645884136294735,8,3,0.07692307692307693,0.38461538461538464,0.02564102564102564,0.07692307692307693,0.05128205128205128,0.1794871794871795,0.20512820512820512
410,38,Masculino,Solteiro,0,Goiânia,GO,Aposentado,Médio,4949.38,0.0,24.72,832,8612.32,10448.16,Às vezes,20.13,0.3,0,0,0,Saudável,28686.16,26716.629999999997,45,796.8377777777778,5738.0,25.87,-1969.5300000000025,4949.38,5.795909790721262,2018.65,5108.31,4049.88,3506.86,4350.8,521.54,5738.0,0.0,419.27,1117.56,875.15,980.14,1.0,0.07037017153916732,0.17807576894223556,0.1411788820811151,0.1222491961280283,0.15166895813172623,0.01818089280684483,0.2000267724923796,0.0,0.014615758958326942,0.038958159614253,0.03050774310678041,0.03416769619914272,8,1,0.06666666666666667,0.24444444444444444,0.26666666666666666,0.0,0.06666666666666667,0.2,0.15555555555555556
411,45,Feminino,Casado,1,Manaus,AM,Contador,Superior,7650.88,1366.95,10.46,946,4602.59,23516.56,Às vezes,25.19,7.4,0,1,1,Saudável,29413.870000000003,37518.64,37,980.4623333333334,5384.77,29.63,8104.769999999997,7650.88,3.844508082730353,1215.53,3039.96,2490.35,1041.42,5804.73,335.62,10622.580000000002,0.0,499.47,1975.51,375.96,2012.74,1.0,0.041325061952065464,0.10335124211808917,0.08466583961920005,0.03540574565672589,0.19734669392364892,0.011410263253356324,0.3611418694649837,0.0,0.01698076451687588,0.06716253250592322,0.012781725084118477,0.06842826190501283,10,2,0.05405405405405406,0.16216216216216217,0.2702702702702703,0.02702702702702703,0.08108108108108109,0.21621621621621623,0.1891891891891892
412,46,Feminino,Solteiro,0,Belo Horizonte,MG,Analista de TI,Pós-graduação,4254.32,0.0,80.38,391,31.82,2174.65,Nunca,0.07,15.3,0,0,0,Em risco,31282.86,38448.69,48,823.2331578947369,4612.49,20.76,7165.830000000002,4254.32,7.353198631038569,2514.23,4322.56,2689.67,4914.37,0.0,5846.75,4041.1400000000003,170.31,0.0,4710.4,199.44,1873.99,1.0,0.08037084844544265,0.13817662451578916,0.08597903132897695,0.15709465183170593,0.0,0.1868994714677622,0.12918064396925347,0.00544419531973739,0.0,0.15057446793547646,0.006375376164455552,0.05990468902140022,13,2,0.10416666666666667,0.3958333333333333,0.08333333333333333,0.041666666666666664,0.08333333333333333,0.10416666666666667,0.1875
413,56,Feminino,Viúvo,3,Teresina,PI,Médico,Pós-graduação,13367.3,0.0,67.66,351,1.57,5873.94,Nunca,0.91,2.9,0,0,0,Em risco,37653.26,49699.44,34,1344.7592857142859,5905.75,20.91,12046.18,13367.3,2.8168186544777183,3457.35,5780.09,2514.57,4687.62,0.0,538.44,17311.58,75.59,0.0,1463.71,213.69,1610.6200000000001,1.0,0.09182073477834322,0.15350835492066292,0.06678226533373206,0.12449439968810136,0.0,0.014299957028953137,0.4597631121448714,0.002007528697382378,0.0,0.038873393698181775,0.005675205812192622,0.04277504789757912,8,1,0.17647058823529413,0.2647058823529412,0.14705882352941177,0.0,0.058823529411764705,0.17647058823529413,0.17647058823529413
414,49,Masculino,Casado,0,Vila Velha,ES,Engenheiro de Produção,Superior,11046.96,0.0,37.25,615,6160.77,11526.54,Raramente,9.5,9.7,1,0,0,Em observação,38129.74,37377.83,34,1314.818620689655,5882.04,25.31,-751.9099999999962,11046.96,3.4516047853889216,3402.23,0.0,4153.52,0.0,2139.04,2758.19,23062.98,0.0,63.38,1430.89,0.0,1119.51,1.0,0.08922772617909276,0.0,0.10893124369586576,0.0,0.056098992544926875,0.07233697371133399,0.6048554225651683,0.0,0.001662219569291582,0.037526875347169954,0.0,0.02936054638715082,11,0,0.058823529411764705,0.11764705882352941,0.20588235294117646,0.058823529411764705,0.08823529411764706,0.35294117647058826,0.11764705882352941
415,37,Feminino,Casado,0,Blumenau,SC,Engenheiro de Produção,Superior,9159.13,0.0,25.0,501,5818.15,6531.27,Raramente,9.07,0.2,1,0,1,Em observação,42892.08,44699.31,46,1159.2454054054056,4915.47,48.65,1807.229999999996,9159.13,4.6829862661628345,6097.05,3769.34,643.65,13406.75,6161.389999999999,2695.0099999999998,5115.24,0.0,348.9,3911.2,403.8,339.75,1.0,0.14214862044461354,0.08787962719457765,0.015006266891230267,0.3125693601242933,0.14364866427554923,0.0628323457384207,0.11925838056816082,0.0,0.008134368862503287,0.09118699769281415,0.009414325441899763,0.007921042765937207,10,0,0.08695652173913043,0.2826086956521739,0.06521739130434782,0.021739130434782608,0.043478260869565216,0.34782608695652173,0.15217391304347827
416,65,Masculino,Casado,1,Vila Velha,ES,Engenheiro Civil,Pós-graduação,9540.99,0.0,56.81,586,3838.27,14088.22,Raramente,4.02,7.4,0,1,1,Em observação,35263.64,76990.93,55,820.0846511627907,3891.45,16.97,41727.28999999999,9540.99,3.6960147741481753,1795.5,5358.780000000001,2689.0499999999997,7401.69,4127.7699999999995,1867.3,5002.32,0.0,0.0,5082.8,742.12,1196.31,1.0,0.05091646806739179,0.15196332539692445,0.07625559925180724,0.20989580202157235,0.11705456385103749,0.05295255963366232,0.1418548964315652,0.0,0.0,0.14413713388634866,0.02104490631143013,0.03392474514826036,11,0,0.12727272727272726,0.18181818181818182,0.18181818181818182,0.01818181818181818,0.03636363636363636,0.2545454545454545,0.2
417,24,Masculino,Divorciado,1,Fortaleza,CE,Recepcionista,Médio,3011.66,917.44,9.83,822,3514.4,8944.19,Frequentemente,31.28,1.9,0,0,1,Saudável,37983.7,26256.12,42,1117.1676470588234,4918.17,74.15,-11727.579999999998,3011.66,12.61221386212255,4039.96,1726.67,2999.5,0.0,9704.6,1263.35,11992.44,0.0,357.48,2394.27,1716.13,1789.3000000000002,1.0,0.10636035983856235,0.0454581833786598,0.07896808367799872,0.0,0.25549380392115567,0.03326031955812625,0.3157259561338153,0.0,0.009411405418640103,0.06303414359317286,0.04518069593009634,0.04710704854977268,7,0,0.07142857142857142,0.14285714285714285,0.14285714285714285,0.0,0.09523809523809523,0.35714285714285715,0.19047619047619047
418,32,Masculino,Viúvo,1,Maceió,AL,Enfermeiro,Médio,6029.86,0.0,20.99,901,5226.58,8607.77,Frequentemente,13.29,10.7,0,1,1,Saudável,43172.68,70434.87,55,1052.9921951219512,4974.64,21.23,27262.189999999995,6029.86,7.159814655729984,4126.22,4383.9,2711.21,5666.870000000001,12717.82,2792.57,4481.48,766.37,0.0,3173.33,1215.22,1137.69,1.0,0.09557479405957657,0.10154338345453652,0.06279920542342982,0.13126055644449222,0.2945802762302456,0.06468373054440911,0.10380360913429511,0.01775127233241022,0.0,0.0735031969291691,0.028147893528963224,0.026352081918472516,11,0,0.10909090909090909,0.07272727272727272,0.2,0.03636363636363636,0.03636363636363636,0.2909090909090909,0.2545454545454545
419,30,Masculino,Divorciado,1,Londrina,PR,Gerente Comercial,Superior,10441.81,565.17,44.48,591,4405.33,9348.27,Às vezes,2.83,8.3,1,0,1,Em observação,18685.77,30273.17,22,1038.0983333333334,4880.64,16.44,11587.399999999998,10441.81,1.789514461573233,2855.68,1640.15,0.0,0.0,0.0,16.44,12154.82,0.0,0.0,1302.93,137.76999999999998,577.98,1.0,0.15282645563977293,0.08777534990530227,0.0,0.0,0.0,0.0008798138904631707,0.6504853693479048,0.0,0.0,0.0697284618188065,0.007372990248729379,0.030931559149020887,6,0,0.0,0.22727272727272727,0.045454545454545456,0.0,0.18181818181818182,0.36363636363636365,0.18181818181818182
420,25,Masculino,Casado,3,Maringá,PR,Gerente Comercial,Superior,6812.67,0.0,71.02,366,1181.61,3548.49,Raramente,0.91,0.4,0,0,1,Em risco,9551.33,22100.48,24,477.5665,2455.23,24.2,12549.15,6812.67,1.401995106177167,2717.05,1411.3200000000002,2455.23,0.0,0.0,979.77,198.71,0.0,24.2,711.13,138.4,915.52,1.0,0.28446823636080004,0.14776162063293805,0.25705634712652586,0.0,0.0,0.10257943134621042,0.02080443247170813,0.0,0.002533678555761344,0.07445350542803987,0.014490128599891326,0.09585261947812504,3,2,0.041666666666666664,0.2916666666666667,0.125,0.041666666666666664,0.041666666666666664,0.2916666666666667,0.16666666666666666
421,36,Masculino,Solteiro,0,Campinas,SP,Designer Gráfico,Superior,2508.24,0.0,62.02,450,490.77,1494.74,Nunca,0.65,3.7,0,0,0,Em risco,31624.71,20712.85,41,958.3245454545454,2439.14,32.87,-10911.86,2508.24,12.608326954358436,2993.6,6052.85,4301.15,2439.14,0.0,4177.7,2898.09,0.0,0.0,7356.7,233.97,1171.51,1.0,0.09466015656744363,0.19139622149894814,0.13600599025255883,0.07712766377936746,0.0,0.13210239714451136,0.09164004982180074,0.0,0.0,0.23262505806377354,0.007398328711947082,0.03704413415964921,10,3,0.17073170731707318,0.3170731707317073,0.07317073170731707,0.04878048780487805,0.0,0.1951219512195122,0.1951219512195122
422,49,Feminino,Solteiro,2,Teresina,PI,Advogado,Pós-graduação,6867.64,279.56,87.23,436,434.83,4838.48,Raramente,1.33,3.2,0,0,1,Em risco,37022.6,39436.89,55,787.7148936170213,4353.95,18.76,2414.290000000001,6867.64,5.39087663302095,2615.91,6334.71,6069.61,0.0,0.0,2025.18,13677.37,1022.97,489.22,2522.69,232.26,2032.68,1.0,0.07065711214231307,0.17110386628707872,0.16394337512762475,0.0,0.0,0.05470118252094667,0.36943299498144383,0.027630960548421776,0.01321409085261435,0.06813919065651791,0.006273465396811677,0.05490376148622734,13,6,0.10909090909090909,0.43636363636363634,0.07272727272727272,0.01818181818181818,0.09090909090909091,0.12727272727272726,0.14545454545454545
423,27,Feminino,União Estável,0,Olinda,PE,Autônomo,Pós-graduação,9523.01,0.0,7.24,774,25042.27,22254.74,Frequentemente,21.71,2.6,0,0,1,Saudável,33808.92,30665.079999999998,32,1252.1822222222222,4575.23,175.22,-3143.84,9523.01,3.550234642198212,1331.72,2545.51,0.0,0.0,8410.0,3184.5699999999997,16059.289999999999,1181.9,0.0,288.01,175.22,632.7,1.0,0.039389604873506755,0.0752910770293757,0.0,0.0,0.2487509213544828,0.0941931892530137,0.4750015676336304,0.03495822995824771,0.0,0.008518757771617667,0.005182655938137036,0.01871399618798826,7,0,0.0625,0.125,0.1875,0.0,0.09375,0.40625,0.125
424,35,Masculino,Solteiro,2,Belém,PA,Farmacêutico,Superior,7134.78,581.61,50.91,540,4222.01,7474.8,Frequentemente,12.0,7.4,0,1,1,Em observação,23405.35,55382.55,44,709.2530303030303,2809.16,15.81,31977.200000000004,7134.78,3.2804585425198813,1143.4099999999999,5298.79,2696.0,0.0,5359.03,777.56,3988.9900000000002,0.0,242.38,1957.63,1334.75,606.81,1.0,0.04885250594415379,0.2263922564712769,0.11518733964670472,0.0,0.22896602699810087,0.03322146432332779,0.17043069212808185,0.0,0.01035575199687251,0.08364027882514041,0.05702755993821926,0.02592612372812199,12,0,0.13636363636363635,0.1590909090909091,0.25,0.0,0.045454545454545456,0.18181818181818182,0.22727272727272727
425,31,Masculino,Divorciado,1,Fortaleza,CE,Pedreiro,Fundamental,3668.68,0.0,16.33,790,8612.76,5128.58,Frequentemente,18.27,4.9,0,0,0,Saudável,28120.899999999998,17628.52,20,1757.5562499999999,5964.22,134.59,-10492.379999999997,3668.68,7.66512751180261,1558.38,365.88,4403.0199999999995,0.0,11046.93,0.0,9063.87,0.0,0.0,1215.28,0.0,467.54,1.0,0.055417145254952734,0.013010963375994368,0.1565746473263658,0.0,0.392837000238257,0.0,0.32231792012346694,0.0,0.0,0.04321625552524991,0.0,0.016626068155713367,6,0,0.0,0.15,0.15,0.0,0.05,0.5,0.15
426,32,Feminino,Casado,0,João Pessoa,PB,Designer Gráfico,Superior,6921.65,0.0,56.27,648,2205.92,6021.45,Raramente,7.87,8.3,0,0,1,Em observação,35565.95,26766.37,31,1367.9211538461536,4628.07,26.74,-8799.579999999998,6921.65,5.1383629625884,4344.24,1385.05,3527.79,2898.08,4628.07,205.91000000000003,14214.45,0.0,0.0,3536.67,0.0,825.69,1.0,0.12214604136821876,0.03894314646452576,0.09919009614533002,0.08148467846353043,0.1301264271023268,0.00578952621819465,0.3996645668117962,0.0,0.0,0.09943977315381708,0.0,0.02321574427226041,11,0,0.0967741935483871,0.0967741935483871,0.25806451612903225,0.03225806451612903,0.0967741935483871,0.25806451612903225,0.16129032258064516
427,18,Feminino,Casado,0,Teresina,PI,Pedreiro,Fundamental,2735.04,0.0,37.88,643,1526.97,2119.53,Às vezes,9.37,0.0,0,0,0,Em observação,12532.39,23011.23,30,569.6540909090909,2313.59,25.19,10478.84,2735.04,4.582159675909676,3538.35,1016.98,758.88,493.92,2313.59,1867.02,0.0,1643.83,0.0,0.0,572.8499999999999,326.97,1.0,0.2823364098946809,0.08114812896821756,0.060553493786899386,0.03941147698084723,0.18460884156972454,0.14897557449137794,0.0,0.13116652130998158,0.0,0.0,0.045709557394878385,0.026089995603392493,5,0,0.03333333333333333,0.3333333333333333,0.1,0.03333333333333333,0.03333333333333333,0.23333333333333334,0.23333333333333334
428,33,Feminino,Casado,2,Uberlândia,MG,Empresário,Superior,18095.53,0.0,69.48,510,3510.89,9456.96,Às vezes,0.0,1.6,1,0,0,Em risco,34880.64,78899.54,53,775.1253333333333,4774.17,19.49,44018.899999999994,18095.53,1.9275832208285693,3404.2799999999997,4048.0600000000004,347.28,449.81,0.0,4105.13,14381.77,0.0,150.93,4791.4,912.81,2289.17,1.0,0.09759797985358067,0.11605463661217227,0.009956239335058072,0.01289569228087558,0.0,0.1176907877837104,0.4123138222234455,0.0,0.004327042164363957,0.13736559879635235,0.026169531293003798,0.06562866965743748,14,3,0.09433962264150944,0.39622641509433965,0.09433962264150944,0.018867924528301886,0.07547169811320754,0.16981132075471697,0.1509433962264151
429,22,Masculino,Divorciado,0,Belo Horizonte,MG,Funcionário Público,Superior,9597.56,572.76,43.95,494,4819.0,7355.59,Raramente,4.01,1.4,0,0,1,Em observação,50685.0,39030.68,48,1236.219512195122,4939.26,24.02,-11654.32,9597.56,5.281029761731107,4873.51,2031.8899999999999,3838.99,4655.97,8574.35,2505.69,18328.61,299.53999999999996,0.0,4506.26,637.23,432.96,1.0,0.09615290519877676,0.040088586366775175,0.07574213278090164,0.09186090559337083,0.16916937950083852,0.049436519680378814,0.3616180329486041,0.005909835256979382,0.0,0.08890717174706521,0.012572358686001777,0.008542172240307783,9,2,0.125,0.2708333333333333,0.125,0.0,0.10416666666666667,0.25,0.125
430,22,Feminino,Solteiro,1,Fortaleza,CE,Cabeleireiro,Superior,5679.0,0.0,18.46,896,11010.77,17842.34,Frequentemente,15.76,0.3,0,0,0,Saudável,35189.14,39061.73,41,1066.3375757575757,5841.24,17.59,3872.590000000004,5679.0,6.196362035569642,2685.7,1088.38,1398.71,1448.98,10530.89,820.46,13431.61,92.02,482.1,0.0,1350.16,1860.13,1.0,0.0763218424775371,0.0309294287953613,0.03974834281258366,0.041176908557583394,0.29926534152298123,0.023315716155609373,0.38169759192750946,0.0026150113358837414,0.013700249565633035,0.0,0.038368655784142496,0.05286091106517522,8,0,0.07317073170731707,0.1951219512195122,0.0975609756097561,0.0,0.12195121951219512,0.34146341463414637,0.17073170731707318
431,18,Feminino,Casado,0,João Pessoa,PB,Motoboy,Fundamental,3139.17,1052.51,14.32,809,3625.6,7121.02,Sempre,23.29,0.0,1,0,1,Saudável,43428.770000000004,27126.03,56,944.103695652174,4506.53,18.67,-16302.740000000005,3139.17,13.834475354950513,3714.32,2224.62,6453.62,0.0,8809.24,2098.19,16596.3,742.32,477.08,0.0,959.27,1353.81,1.0,0.08552671420351071,0.05122456841397994,0.1486024126402843,0.0,0.20284341463043967,0.04831336461981308,0.38214989740671906,0.017092816582187337,0.010985344507799782,0.0,0.02208835295128091,0.031173114043985123,18,0,0.05357142857142857,0.10714285714285714,0.16071428571428573,0.08928571428571429,0.07142857142857142,0.375,0.14285714285714285
432,28,Feminino,Divorciado,4,Maringá,PR,Pedreiro,Superior,1670.99,0.0,93.01,365,73.65,675.47,Nunca,0.0,1.9,0,0,0,Em risco,20357.47,27840.949999999997,32,814.2988,3880.32,43.24,7483.479999999996,1670.99,12.182879610290906,1040.56,3366.3,0.0,3880.32,0.0,5714.59,3908.2799999999997,0.0,82.07,603.83,217.71,1543.81,1.0,0.05111440665269308,0.1653594479078196,0.0,0.1906091474038768,0.0,0.2807121906602343,0.19198259901647893,0.0,0.004031443985917699,0.029661347898339036,0.010694354455637168,0.07583506201900334,6,2,0.125,0.34375,0.125,0.0,0.03125,0.1875,0.1875
433,18,Masculino,Solteiro,0,Olinda,PE,Eletricista,Médio,4768.66,0.0,38.85,544,1108.94,7294.8,Às vezes,4.62,0.0,1,0,1,Em observação,8244.48,25965.8,27,412.224,1087.85,19.76,17721.32,4768.66,1.728888199200614,3472.9700000000003,391.81,1128.83,774.01,0.0,123.3,1245.81,0.0,0.0,374.05,0.0,733.6999999999999,1.0,0.42124791375562803,0.04752391903431145,0.1369194903741655,0.09388220967241112,0.0,0.014955461108523522,0.15110837796925944,0.0,0.0,0.04536975042695234,0.0,0.08899287765874864,7,0,0.14814814814814814,0.18518518518518517,0.18518518518518517,0.0,0.037037037037037035,0.18518518518518517,0.25925925925925924
434,31,Feminino,Casado,0,Curitiba,PR,Cozinheiro,Médio,3572.14,249.22,3.28,795,9506.49,6981.76,Sempre,12.38,1.8,0,1,1,Saudável,23279.43,10835.880000000001,20,1454.964375,4446.23,27.92,-12443.55,3572.14,6.5169422251087585,189.27,3760.18,0.0,0.0,2927.66,1633.38,11510.65,164.28,0.0,3094.01,0.0,0.0,1.0,0.008130353707113963,0.16152371428338236,0.0,0.0,0.1257616702814459,0.07016408906919112,0.4944558350440711,0.007056873815209393,0.0,0.13290746379958618,0.0,0.0,6,1,0.1,0.1,0.15,0.05,0.05,0.35,0.2
435,34,Masculino,Solteiro,1,Palmas,TO,Analista Financeiro,Superior,10518.78,0.0,9.6,1000,13563.01,18830.91,Sempre,21.79,3.3,0,1,0,Saudável,49685.840000000004,107105.98,59,1104.129777777778,5963.79,36.57,57420.13999999999,10518.78,4.723536379694223,2617.28,4762.21,2670.01,0.0,15611.95,4175.92,13975.7,88.54,0.0,4867.65,118.03,798.55,1.0,0.05267657747156936,0.09584642224021975,0.05373784563167293,0.0,0.314213264785299,0.08404648084846708,0.28128134695921414,0.0017819966412965947,0.0,0.09796855603125557,0.002375525904362289,0.016071983486643276,16,2,0.06779661016949153,0.11864406779661017,0.0847457627118644,0.03389830508474576,0.13559322033898305,0.3220338983050847,0.23728813559322035
436,46,Feminino,Solteiro,1,São Luís,MA,Desenvolvedor de Software,Fundamental,10394.56,482.19,25.0,674,4414.93,6305.43,Às vezes,5.32,23.0,0,0,1,Em observação,34823.16,45849.59,32,1392.9264,5668.18,49.28,11026.429999999993,10394.56,3.350133146568975,2358.4700000000003,3750.76,1410.3,5797.94,3974.84,702.69,13715.79,0.0,0.0,2611.13,501.24,0.0,1.0,0.06772705291535863,0.1077087777214934,0.04049890934653833,0.16649666486326914,0.11414357571225586,0.0201788120319925,0.39386976942931085,0.0,0.0,0.07498256907184758,0.014393868907933684,0.0,10,1,0.1875,0.125,0.1875,0.03125,0.03125,0.25,0.1875
437,49,Feminino,Casado,0,São Luís,MA,Motorista,Médio,4199.98,0.0,20.27,869,10957.97,11741.48,Sempre,11.78,0.3,0,0,0,Saudável,49018.21,39869.67,48,1324.8164864864864,5318.1,17.38,-9148.54,4199.98,11.671057957418846,2414.17,3604.31,3915.3799999999997,6450.42,6459.09,708.87,19079.39,0.0,0.0,4416.52,75.2,1894.86,1.0,0.049250472426471716,0.07353002078207262,0.0798760297448642,0.131592320486611,0.1317691935303227,0.014461360380152602,0.3892306553013666,0.0,0.0,0.09009957727954572,0.0015341237470727716,0.0386562463215201,14,0,0.0625,0.1875,0.10416666666666667,0.08333333333333333,0.10416666666666667,0.25,0.20833333333333334
438,33,Outro,Casado,2,Belém,PA,Eletricista,Médio,2192.6,0.0,82.24,431,-97.58,1582.65,Nunca,0.24,3.5,0,0,0,Em risco,52611.49,43890.15,58,1223.523023255814,4606.71,17.74,-8721.339999999997,2192.6,23.995024172215633,3640.82,19235.170000000002,7052.99,0.0,0.0,2316.83,15116.55,1057.46,197.02,2444.3,1147.67,402.68,1.0,0.06920199370897878,0.36560777883310286,0.13405797858984797,0.0,0.0,0.04403657832157956,0.287324118742883,0.020099411744468748,0.0037448093562832,0.04645943310102033,0.021814056207113696,0.007653841394721952,14,3,0.08620689655172414,0.25862068965517243,0.06896551724137931,0.08620689655172414,0.05172413793103448,0.20689655172413793,0.2413793103448276
439,45,Masculino,Casado,1,Maceió,AL,Enfermeiro,Superior,4665.6,0.0,58.0,643,2640.79,4597.49,Nunca,1.0,14.3,1,0,0,Em observação,40793.05,36873.96,44,1236.1530303030304,4350.01,15.36,-3919.090000000004,4665.6,8.743366340877914,2312.4700000000003,2081.44,2493.8199999999997,2919.28,2988.44,1370.03,20105.23,151.01,0.0,3816.85,1146.96,1407.52,1.0,0.05668784265947263,0.05102437792712239,0.06113345287984104,0.07156317068716363,0.07325855752389193,0.03358488762178851,0.4928592002804399,0.0037018560759737255,0.0,0.09356618345526994,0.028116554167928114,0.03450391672110813,14,0,0.20454545454545456,0.1590909090909091,0.09090909090909091,0.022727272727272728,0.06818181818181818,0.22727272727272727,0.22727272727272727
440,44,Masculino,Casado,0,Pelotas,RS,Gerente Comercial,Pós-graduação,16773.99,4805.46,15.22,909,17993.13,21481.78,Frequentemente,13.91,9.1,1,1,1,Saudável,29934.65,115981.0,45,880.4308823529412,5850.76,34.04,86046.35,16773.99,1.784587328357773,1380.5,4072.96,496.21,0.0,8229.79,2823.6,7194.34,843.4300000000001,0.0,2202.08,407.24,2284.5,1.0,0.046117125137591385,0.13606172111583065,0.016576442350252966,0.0,0.27492521208699616,0.09432547232053823,0.24033486277608054,0.028175709420354005,0.0,0.07356291120824864,0.013604301369817252,0.07631624221429012,10,0,0.044444444444444446,0.06666666666666667,0.26666666666666666,0.0,0.08888888888888889,0.28888888888888886,0.24444444444444444
441,18,Feminino,Casado,0,Rio de Janeiro,RJ,Corretor de Imóveis,Médio,9985.51,3096.33,10.76,885,16865.15,14597.44,Sempre,22.55,0.0,1,1,0,Saudável,55144.39,53284.450000000004,59,1081.2625490196078,4845.6,37.68,-1859.939999999995,9985.51,5.522441017033682,4801.01,5523.92,2537.2599999999998,2408.43,23479.5,3741.68,10300.91,0.0,0.0,717.75,1084.91,549.02,1.0,0.08706252802868977,0.10017193045385034,0.04601120803040889,0.043674977635984366,0.425782205587912,0.06785241436164223,0.18679887473594323,0.0,0.0,0.013015829896749244,0.01967398678269902,0.00995604448612089,10,0,0.03389830508474576,0.13559322033898305,0.2033898305084746,0.05084745762711865,0.06779661016949153,0.3898305084745763,0.11864406779661017
442,36,Masculino,Casado,2,Joinville,SC,Aposentado,Médio,2609.05,0.0,88.35,389,483.3,1279.64,Nunca,1.98,9.0,0,0,0,Em risco,36592.67,39272.729999999996,50,938.2735897435897,5042.8,25.11,2680.0599999999977,2609.05,14.025285065445276,4368.1900000000005,2139.65,420.73,4590.49,2985.27,6736.28,11038.560000000001,0.0,244.91,2425.94,996.95,645.7,1.0,0.1193733608397529,0.05847209290822452,0.01149765786426626,0.12544834798881851,0.08158109260679804,0.18408823406436317,0.30166041450377906,0.0,0.006692870457389417,0.06629579093299287,0.02724452738758883,0.01764561044602649,9,4,0.16,0.24,0.08,0.04,0.02,0.26,0.2
443,63,Masculino,Solteiro,3,Fortaleza,CE,Veterinário,Superior,7288.76,0.0,35.77,553,1859.08,7900.61,Nunca,2.98,28.4,1,1,1,Em observação,20720.77,23671.82,23,1151.153888888889,4099.88,9.25,2951.0499999999993,7288.76,2.842838836784309,700.48,1334.3400000000001,2864.66,3508.48,4099.88,0.0,3204.54,0.0,107.06,4076.4700000000003,389.44,435.42,1.0,0.033805693514285425,0.06439625554455747,0.13825065381257548,0.1693218929605415,0.1978633033424916,0.0,0.1546535191501088,0.0,0.005166796407662456,0.1967335190728916,0.01879466834485398,0.021013697850031637,3,1,0.08695652173913043,0.2608695652173913,0.21739130434782608,0.0,0.0,0.2608695652173913,0.17391304347826086
444,50,Masculino,Casado,2,Uberlândia,MG,Jornalista,Superior,6134.63,0.0,25.0,480,3122.22,6986.18,Raramente,2.27,7.5,1,0,1,Em observação,37405.58,31471.04,44,1039.043888888889,4624.96,33.14,-5934.540000000001,6134.63,6.097446789781943,4749.34,3066.74,1302.17,9241.26,0.0,4066.91,11579.96,331.43,0.0,1790.56,315.8,961.41,1.0,0.12696875706779576,0.08198616356169319,0.03481218577549125,0.2470556531939887,0.0,0.10872468760008533,0.3095784104938354,0.008860442746777351,0.0,0.04786879390721919,0.00844259065091358,0.025702315002200205,12,1,0.13636363636363635,0.2727272727272727,0.13636363636363635,0.022727272727272728,0.09090909090909091,0.20454545454545456,0.13636363636363635
445,22,Masculino,Viúvo,0,Fortaleza,CE,Vendedor,Médio,2558.45,0.0,75.7,355,259.69,544.29,Às vezes,0.95,2.5,0,0,0,Em risco,30543.49,18248.1,43,898.3379411764706,4467.64,73.11,-12295.390000000003,2558.45,11.938279036135162,2636.12,9551.3,1808.7,465.94,251.36,6228.379999999999,6650.49,0.0,0.0,1700.98,101.46,1148.76,1.0,0.08630709850118633,0.3127114812354449,0.05921720143965212,0.015254969225848125,0.008229576908205317,0.20391841272886624,0.21773837894752693,0.0,0.0,0.05569042699442663,0.0033218207873428997,0.03761063323150039,10,5,0.09302325581395349,0.27906976744186046,0.06976744186046512,0.06976744186046512,0.09302325581395349,0.2558139534883721,0.13953488372093023
446,47,Masculino,Casado,1,Pelotas,RS,Advogado,Pós-graduação,6778.95,0.0,74.98,300,421.12,5670.28,Nunca,0.95,1.3,1,0,0,Em risco,37218.53,35803.67,45,979.435,4771.16,12.37,-1414.8600000000006,6778.95,5.4903089711533495,3043.21,5338.240000000001,2072.91,3200.51,0.0,5675.91,10433.19,0.0,0.0,5328.37,787.54,1338.65,1.0,0.08176599129519624,0.14342963034810888,0.05569564407836634,0.08599238067704448,0.0,0.15250226164225186,0.2803224630311837,0.0,0.0,0.14316443986369157,0.02115988997953439,0.035967299084622636,11,2,0.08888888888888889,0.3333333333333333,0.1111111111111111,0.08888888888888889,0.022222222222222223,0.2,0.15555555555555556
447,30,Masculino,Solteiro,0,Anápolis,GO,Veterinário,Superior,3244.95,0.0,80.28,378,-67.43,2726.09,Nunca,0.19,1.5,1,1,0,Em risco,44986.57,35818.68,53,1071.1088095238094,5321.07,33.47,-9167.89,3244.95,13.863563383102976,4263.5,8151.88,2129.36,4922.15,0.0,4165.150000000001,18114.16,0.0,496.89,1063.95,401.58,1277.95,1.0,0.09477272883885124,0.18120696910211204,0.047333237452866495,0.10941376504143346,0.0,0.09258652082165857,0.4026570596513582,0.0,0.011045296407350016,0.023650391661333595,0.00892666411331204,0.028407366909724393,12,4,0.07547169811320754,0.49056603773584906,0.07547169811320754,0.018867924528301886,0.03773584905660377,0.11320754716981132,0.18867924528301888
448,33,Masculino,Casado,0,Curitiba,PR,Farmacêutico,Superior,3672.22,0.0,74.5,346,-18.67,2322.23,Raramente,2.24,1.3,0,0,1,Em risco,20066.09,35960.33,46,542.3267567567567,3113.89,48.17,15894.240000000002,3672.22,5.4642940782415,3133.0,2153.21,1022.18,0.0,0.0,2860.08,4760.88,0.0,0.0,1926.8000000000002,1846.43,2363.5099999999998,1.0,0.15613405501520225,0.10730590762824248,0.05094066656732826,0.0,0.0,0.14253299970248315,0.23725997441454713,0.0,0.0,0.09602269301094533,0.09201742840782634,0.11778627525342504,8,2,0.10869565217391304,0.41304347826086957,0.043478260869565216,0.08695652173913043,0.06521739130434782,0.13043478260869565,0.15217391304347827
449,31,Masculino,Solteiro,1,Fortaleza,CE,Engenheiro de Produção,Pós-graduação,10571.39,0.0,56.35,583,6651.54,15768.65,Raramente,6.9,13.0,0,1,1,Em observação,20741.07,40762.55,32,797.7334615384615,4552.16,38.35,20021.480000000003,10571.39,1.96200026675773,3159.9700000000003,2462.92,0.0,0.0,1108.53,547.15,10554.66,0.0,0.0,1882.19,178.94,846.71,1.0,0.15235327782028604,0.11874604347798837,0.0,0.0,0.053446133685484884,0.026380027645632555,0.5088773144297762,0.0,0.0,0.09074700581985404,0.008627327326892972,0.04082286979408488,11,0,0.15625,0.21875,0.0625,0.03125,0.03125,0.3125,0.1875
450,18,Feminino,Solteiro,0,Florianópolis,SC,Estudante,Pós-graduação,1526.76,154.71,13.29,864,1202.23,3817.18,Sempre,24.22,0.0,0,0,0,Saudável,37407.31,11904.550000000001,41,1068.7802857142856,4953.44,23.95,-25502.759999999995,1526.76,24.501106919227645,4386.09,3496.48,5824.04,0.0,11998.69,0.0,5481.65,825.17,214.7,3834.41,397.09000000000003,948.99,1.0,0.11725221621121648,0.09347050081922491,0.15569256383311178,0.0,0.320757894646795,0.0,0.14653953999900018,0.02205905744091195,0.005739519895977551,0.10250429662009912,0.010615304869556245,0.02536910566410683,9,0,0.07317073170731707,0.21951219512195122,0.17073170731707318,0.024390243902439025,0.04878048780487805,0.34146341463414637,0.12195121951219512
451,39,Masculino,Solteiro,1,Manaus,AM,Funcionário Público,Superior,4682.13,0.0,78.71,426,-76.04,2238.32,Às vezes,0.41,16.7,1,0,1,Em risco,23277.55,17383.6,31,931.102,5038.42,22.27,-5893.950000000001,4682.13,4.971572767095317,3027.17,8517.57,810.76,0.0,0.0,2032.1799999999998,7515.41,0.0,0.0,0.0,383.25,991.21,1.0,0.13004676179408917,0.36591350893887026,0.03483012602271287,0.0,0.0,0.08730214305199645,0.32286086808964004,0.0,0.0,0.0,0.0164643615844451,0.042582230518246125,8,2,0.03225806451612903,0.3548387096774194,0.0967741935483871,0.0,0.12903225806451613,0.22580645161290322,0.16129032258064516
452,29,Feminino,Solteiro,4,Campo Grande,MS,Designer Gráfico,Superior,4556.1,0.0,25.0,636,1177.13,3207.85,Às vezes,6.54,8.3,0,0,1,Em observação,40237.89,45946.82,56,894.1753333333334,4452.2,83.21,5708.93,4556.1,8.831652070850069,2781.63,7441.26,2855.09,4572.95,7153.77,2255.63,8239.38,888.72,557.68,706.31,991.69,1793.78,1.0,0.06912961887415071,0.18493166515441045,0.07095526132210213,0.11364785777783079,0.17778690681842413,0.05605736284879749,0.20476670123607374,0.022086645199338235,0.01385957365060643,0.017553355804690553,0.024645676003388847,0.04457937531018649,12,0,0.10714285714285714,0.23214285714285715,0.17857142857142858,0.07142857142857142,0.03571428571428571,0.17857142857142858,0.19642857142857142
453,52,Feminino,Casado,0,Cuiabá,MT,Motoboy,Pós-graduação,2658.01,0.0,38.68,565,915.05,3613.54,Às vezes,6.1,31.8,0,1,0,Em observação,37672.28,42842.9,58,876.0995348837209,5493.42,32.28,5170.620000000003,2658.01,14.173114472857511,4268.65,8331.46,1034.18,0.0,3952.91,1090.85,11788.380000000001,1300.72,408.34,1652.58,709.12,3135.09,1.0,0.11331010493657405,0.22115624538785544,0.02745201511562348,0.0,0.10492887608607708,0.028956304210947678,0.31291920743846674,0.03452724390453671,0.010839269616811087,0.043867267922196376,0.018823389505493164,0.08322007587541821,13,0,0.034482758620689655,0.25862068965517243,0.1206896551724138,0.05172413793103448,0.034482758620689655,0.27586206896551724,0.22413793103448276
454,40,Feminino,Solteiro,3,São Paulo,SP,Veterinário,Superior,5035.97,0.0,92.52,412,597.0,3590.56,Raramente,1.59,8.3,1,0,0,Em risco,16840.97,14807.21,30,673.6388000000001,2328.23,20.62,-2033.760000000002,5035.97,3.3441362835759545,3794.2,5380.15,0.0,0.0,0.0,0.0,3374.75,0.0,293.51,2203.09,1136.68,658.59,1.0,0.2252958113457835,0.3194679403858566,0.0,0.0,0.0,0.0,0.20038928874049414,0.0,0.017428331028438385,0.13081728665272843,0.06749492457975996,0.0391064172669389,6,2,0.06666666666666667,0.4666666666666667,0.1,0.0,0.06666666666666667,0.2,0.1
455,41,Feminino,Casado,2,Salvador,BA,Analista Financeiro,Superior,8766.4,1999.72,7.09,885,8548.7,26253.95,Sempre,23.06,11.6,0,0,0,Saudável,48046.62,51054.22,60,942.0905882352941,5116.38,19.19,3007.5999999999985,8766.4,5.480769757254974,4419.49,5139.49,1526.64,6037.72,7699.5599999999995,2981.6899999999996,13273.35,2600.5099999999998,499.09,1980.44,306.61,1582.03,1.0,0.09198336948572032,0.106968814871889,0.031774139367139666,0.1256637823846922,0.16025185538545686,0.062058267574285134,0.27625980766180847,0.05412472302942433,0.010387619358031844,0.041219132584144315,0.00638151029146275,0.03292697800594506,11,0,0.06666666666666667,0.15,0.18333333333333332,0.06666666666666667,0.1,0.3,0.13333333333333333
456,36,Feminino,Casado,1,Guarulhos,SP,Autônomo,Médio,5176.96,0.0,48.28,629,716.62,6447.24,Raramente,4.73,1.2,1,1,0,Em observação,35465.520000000004,35508.56,38,1182.1840000000002,5218.02,38.53,43.0399999999936,5176.96,6.850645938929411,3696.71,4423.42,0.0,315.15,0.0,2360.67,19592.66,332.09,0.0,3039.8,466.22,1238.8,1.0,0.10423391508146503,0.12472452116872951,0.0,0.008886095565495725,0.0,0.06656239637822876,0.5524424849825971,0.00936374258716635,0.0,0.08571141773756595,0.013145725764066056,0.034929700734685404,8,2,0.10526315789473684,0.2631578947368421,0.10526315789473684,0.0,0.02631578947368421,0.3157894736842105,0.18421052631578946
457,34,Feminino,Casado,3,Goiânia,GO,Técnico em Informática,Médio,5678.16,1157.91,14.56,911,3526.06,11389.14,Sempre,22.68,9.2,0,0,1,Saudável,21762.19,29757.800000000003,31,906.7579166666666,3118.12,21.66,7995.610000000004,5678.16,3.83261302957296,1657.8700000000001,666.12,0.0,0.0,0.0,0.0,13619.529999999999,890.61,90.23,3430.06,537.53,870.24,1.0,0.0761812115416693,0.030609051754441997,0.0,0.0,0.0,0.0,0.6258345322782312,0.04092464958719688,0.004146181978927673,0.15761557085936664,0.024700179531563688,0.03998862246860266,9,0,0.06451612903225806,0.0967741935483871,0.16129032258064516,0.0,0.0967741935483871,0.3548387096774194,0.22580645161290322
458,63,Feminino,Casado,3,Vila Velha,ES,Jornalista,Superior,4627.73,0.0,42.54,480,2212.54,3585.82,Às vezes,2.5,14.6,0,0,0,Em observação,31429.010000000002,37054.11,38,1083.7589655172414,4668.73,33.15,5625.0999999999985,4627.73,6.791452828924766,1351.42,4800.62,5318.02,0.0,5920.34,4359.79,4668.73,0.0,0.0,3394.77,785.86,829.46,1.0,0.04299912723945171,0.15274486851478936,0.16920736606084633,0.0,0.18837182590224763,0.13871865515331216,0.14854842707422217,0.0,0.0,0.1080139018060066,0.02500428744017072,0.026391540808953257,10,1,0.07894736842105263,0.18421052631578946,0.18421052631578946,0.0,0.07894736842105263,0.2631578947368421,0.21052631578947367
459,35,Masculino,União Estável,0,Palmas,TO,Recepcionista,Médio,2462.32,242.12,9.42,938,1587.91,5931.67,Frequentemente,20.05,5.1,0,0,0,Saudável,25143.129999999997,25068.5,36,931.2270370370369,5147.2,23.34,-74.62999999999738,2462.32,10.2111545209396,3266.68,4627.99,1414.25,0.0,5994.25,48.71,7379.5599999999995,261.61,428.46,710.35,416.01,595.26,1.0,0.12992336276350638,0.1840657865587936,0.05624796912715323,0.0,0.23840508321756285,0.0019373085212541163,0.2935020421085203,0.01040483026576246,0.01704083779545347,0.028252250217057306,0.01654567271457452,0.02367485671036184,10,0,0.08333333333333333,0.2222222222222222,0.16666666666666666,0.0,0.05555555555555555,0.3055555555555556,0.16666666666666666
460,18,Masculino,Divorciado,0,Duque de Caxias,RJ,Autônomo,Médio,8922.38,0.0,7.12,935,13695.9,15622.14,Frequentemente,22.23,0.0,0,0,1,Saudável,20156.6,27236.18,27,876.3739130434782,4016.87,15.23,7079.580000000002,8922.38,2.2591057542942576,3123.36,1878.95,2666.34,0.0,4089.3900000000003,15.23,6360.03,982.26,468.45,0.0,517.77,54.82,1.0,0.1549547046624927,0.09321760614389332,0.13228123790718674,0.0,0.20288094222239864,0.0007555837790103491,0.3155308931069724,0.048731432880545336,0.023240526676125934,0.0,0.025687367909270415,0.002719704712104224,8,0,0.037037037037037035,0.1111111111111111,0.1111111111111111,0.07407407407407407,0.14814814814814814,0.37037037037037035,0.14814814814814814
461,27,Feminino,Casado,0,Teresina,PI,Designer Gráfico,Médio,7489.41,0.0,16.87,754,13344.42,12036.01,Às vezes,10.0,4.3,0,0,1,Saudável,44403.28,72279.88,53,1110.0819999999999,5851.74,15.22,27876.600000000006,7489.41,5.928808811374995,3974.59,3205.8199999999997,3459.2799999999997,790.29,5776.34,3168.68,21338.649999999998,28.33,67.58,414.94,448.53000000000003,1730.25,1.0,0.08951118025515233,0.07219781962053254,0.07790595649690743,0.017798009516414103,0.13008813763307575,0.07136139492397858,0.4805647240474127,0.0006380159303546945,0.0015219596390176583,0.009344805158537839,0.01010128080628278,0.038966715972333574,14,0,0.05660377358490566,0.1320754716981132,0.18867924528301888,0.03773584905660377,0.03773584905660377,0.32075471698113206,0.22641509433962265
462,73,Masculino,Casado,0,Manaus,AM,Funcionário Público,Superior,8014.23,1004.94,39.0,500,1066.22,6876.64,Raramente,5.96,18.7,0,1,1,Em observação,45921.56,53078.21,60,918.4312,5960.66,22.96,7156.6500000000015,8014.23,5.730002757594928,6312.87,4896.79,4949.19,0.0,6547.39,2259.25,12001.92,1427.26,0.0,5654.33,646.44,1226.12,1.0,0.13747072181345757,0.1066337903154858,0.10777486653327979,0.0,0.14257769117599664,0.04919802376051685,0.261356974806605,0.03108039012611941,0.0,0.12313018111754044,0.014077047905166987,0.026700312445831542,15,2,0.1,0.2833333333333333,0.13333333333333333,0.016666666666666666,0.08333333333333333,0.23333333333333334,0.15
463,32,Masculino,Solteiro,1,Juazeiro do Norte,CE,Gerente Comercial,Superior,10301.75,0.0,44.15,585,2095.71,10001.16,Às vezes,5.64,0.2,1,0,1,Em observação,22626.02,37850.31,30,942.7508333333334,5236.0,42.54,15224.289999999997,10301.75,2.196327808382071,2412.19,3791.17,0.0,113.12,0.0,2381.79,12618.72,0.0,0.0,0.0,875.4,433.63000000000005,1.0,0.10661132625181097,0.16755797086716975,0.0,0.004999553611284707,0.0,0.10526774041568071,0.5577083375688698,0.0,0.0,0.0,0.03868996845225099,0.01916510283293306,6,1,0.03333333333333333,0.16666666666666666,0.3,0.03333333333333333,0.13333333333333333,0.16666666666666666,0.16666666666666666
464,39,Feminino,Casado,3,Cuiabá,MT,Motoboy,Fundamental,3160.47,0.0,44.29,522,772.57,3333.86,Às vezes,3.74,1.5,0,0,0,Em observação,47125.12,29140.84,60,981.7733333333334,5637.34,28.29,-17984.280000000002,3160.47,14.91079491341478,5406.83,2211.87,1565.69,7976.91,7597.86,4528.96,10962.32,852.81,876.48,1929.21,374.92,2841.26,1.0,0.11473350094387026,0.04693611390273383,0.03322410637893336,0.1692708687001752,0.16122738785598847,0.09610500726576399,0.2326215827142721,0.01809671784390151,0.018598997731995165,0.040938038990669945,0.00795584181005799,0.060291835861638124,11,2,0.1,0.16666666666666666,0.2,0.03333333333333333,0.03333333333333333,0.3,0.16666666666666666
465,49,Feminino,Viúvo,2,Palmas,TO,Contador,Superior,5249.18,0.0,60.01,438,388.07,1938.39,Raramente,1.08,9.1,1,0,0,Em risco,38495.29,45886.45,50,987.058717948718,5127.15,16.52,7391.159999999996,5249.18,7.33358162608255,4051.46,8882.33,1321.31,1807.82,0.0,4445.06,15700.15,0.0,154.67,806.59,1141.85,184.04999999999998,1.0,0.10524560277374193,0.23073809808940263,0.034323939370245034,0.04696210887098136,0.0,0.11547023025414278,0.4078459988221936,0.0,0.00401789413717886,0.020952952945672055,0.02966207034678788,0.0047811043896539025,11,5,0.14,0.3,0.1,0.06,0.06,0.14,0.2
466,30,Feminino,Solteiro,2,Olinda,PE,Cozinheiro,Médio,2515.29,0.0,29.25,480,1610.14,2339.73,Nunca,3.35,7.7,1,0,0,Em observação,10390.11,12089.58,20,649.381875,3165.09,17.68,1699.4699999999993,2515.29,4.130780148611095,1773.4899999999998,1309.78,559.19,0.0,0.0,2301.15,3165.09,0.0,0.0,210.23,549.35,521.83,1.0,0.1706902044347942,0.12606026307709928,0.05381944945722423,0.0,0.0,0.22147503731914292,0.30462526383262545,0.0,0.0,0.020233664513657698,0.052872394998705496,0.05022372236675069,6,0,0.05,0.35,0.2,0.0,0.05,0.15,0.2
467,30,Masculino,Casado,0,Maceió,AL,Estudante,Superior,1412.0,0.0,11.32,717,1628.24,2184.57,Sempre,22.7,3.0,0,0,1,Saudável,28453.39,15850.84,31,1094.361153846154,4963.62,17.04,-12602.55,1412.0,20.151126062322945,1598.35,1070.99,1728.73,2417.96,9453.84,465.17,7824.6,599.55,0.0,2099.12,0.0,1195.08,1.0,0.05617432580089753,0.03764015465292536,0.06075655660010987,0.08497968080429082,0.33225707024716566,0.016348491339696253,0.27499710930753773,0.021071302927348903,0.0,0.07377398615771266,0.0,0.04200132216231528,7,0,0.12903225806451613,0.0967741935483871,0.12903225806451613,0.0,0.0967741935483871,0.45161290322580644,0.0967741935483871
468,33,Masculino,Casado,3,Campinas,SP,Designer Gráfico,Superior,2942.5,0.0,74.92,431,-53.57,1262.31,Nunca,1.28,2.4,1,0,0,Em risco,22425.91,21156.05,33,897.0364,3114.76,22.71,-1269.8600000000006,2942.5,7.621379779099406,4304.1900000000005,6246.06,36.6,1352.51,0.0,3354.27,3929.8700000000003,0.0,393.17,1817.61,240.32,751.31,1.0,0.19192933530902428,0.2785198014261183,0.0016320407956689385,0.0603101501789671,0.0,0.14957118796962976,0.17523792791463091,0.0,0.017531952995441434,0.08104955384196226,0.010716176065987957,0.03350187350256913,8,0,0.12121212121212122,0.2727272727272727,0.12121212121212122,0.12121212121212122,0.0,0.15151515151515152,0.21212121212121213
469,46,Feminino,Solteiro,3,Belém,PA,Cozinheiro,Médio,3173.66,0.0,6.93,901,5198.02,6955.52,Sempre,31.43,19.4,1,0,1,Saudável,23008.29,15622.03,26,1045.8313636363637,5916.08,26.57,-7386.26,3173.66,7.249765255257338,229.59,3255.96,2630.51,0.0,2327.9900000000002,26.57,9997.220000000001,917.2,0.0,1652.67,244.22,1726.3600000000001,1.0,0.009978577286708399,0.14151247224369998,0.11432879192673598,0.0,0.10118048755470312,0.001154801160798999,0.4345051283689488,0.039863892536125024,0.0,0.07182932760322475,0.010614435057972582,0.07503208626108242,9,1,0.0,0.19230769230769232,0.19230769230769232,0.07692307692307693,0.11538461538461539,0.3076923076923077,0.11538461538461539
470,43,Feminino,Casado,0,Campinas,SP,Eletricista,Médio,3140.23,0.0,66.39,396,442.47,1038.74,Nunca,0.0,12.9,0,0,0,Em risco,28580.19,27710.39,39,952.673,4222.68,35.34,-869.7999999999993,3140.23,9.101304681504221,3018.02,5387.17,2358.21,0.0,0.0,2436.33,7124.51,0.0,520.45,6368.69,50.9,1315.9099999999999,1.0,0.10559831827570076,0.18849314857598917,0.08251204768057875,0.0,0.0,0.08524540949517831,0.2492814078562809,0.0,0.01821016585264129,0.22283581739659533,0.0017809538704956125,0.04604273099653991,8,4,0.07692307692307693,0.38461538461538464,0.10256410256410256,0.02564102564102564,0.05128205128205128,0.1794871794871795,0.1794871794871795
471,32,Masculino,Solteiro,2,Campo Grande,MS,Cozinheiro,Médio,3768.33,851.1,2.89,920,5098.49,5154.12,Sempre,10.0,1.1,1,0,1,Saudável,52644.19,30227.82,51,1224.2834883720932,5733.82,41.92,-22416.370000000003,3768.33,13.970164502578067,3454.74,5607.48,0.0,6386.95,14255.16,4809.67,12969.09,0.0,624.01,2553.95,781.2,1201.94,1.0,0.06562433575291024,0.1065165975580591,0.0,0.12132297980080992,0.27078315764759603,0.09136183878980757,0.246353681194449,0.0,0.011853349818849905,0.04851342569806848,0.014839244368656827,0.022831389370792866,15,0,0.13725490196078433,0.1568627450980392,0.1568627450980392,0.0,0.11764705882352941,0.27450980392156865,0.1568627450980392
472,22,Feminino,Solteiro,0,Joinville,SC,Engenheiro Civil,Superior,8669.55,0.0,89.05,405,1611.59,1554.59,Nunca,2.24,1.3,1,0,0,Em risco,38255.81,64751.920000000006,43,1195.4940625,5828.49,30.12,26496.110000000008,8669.55,4.41266386375302,1847.13,4862.09,4049.95,7047.43,2145.58,2270.08,12437.51,254.58,307.53,2246.48,335.72,451.73,1.0,0.04828364632718534,0.12709415903100732,0.10586496534774718,0.184218553992191,0.05608507570484065,0.05933948333599524,0.32511427675953014,0.006654675459753696,0.00803877894625679,0.05872258357619405,0.008775660481375248,0.011808141037923391,11,3,0.13953488372093023,0.3023255813953488,0.11627906976744186,0.0,0.09302325581395349,0.11627906976744186,0.23255813953488372
473,43,Feminino,Divorciado,3,Anápolis,GO,Advogado,Médio,18794.8,3415.18,9.6,786,39799.99,40665.83,Às vezes,19.82,1.7,1,1,1,Saudável,27824.23,65930.55,31,1159.3429166666667,3764.36,18.73,38106.32000000001,18794.8,1.480421712388533,1387.8,2120.64,2882.98,2292.64,10613.22,1826.23,1921.55,0.0,0.0,3744.19,561.12,473.86,1.0,0.04987739103651745,0.07621558619951029,0.10361400836608956,0.08239724872889564,0.38143804877978654,0.06563452070371759,0.06906031182174673,0.0,0.0,0.1345658082901126,0.020166595805166936,0.017030480268456667,8,0,0.0967741935483871,0.0967741935483871,0.1935483870967742,0.0,0.06451612903225806,0.3548387096774194,0.1935483870967742
474,54,Masculino,Casado,0,Belo Horizonte,MG,Engenheiro de Produção,Superior,9497.57,0.0,75.29,485,1066.29,3753.11,Às vezes,0.0,7.1,1,0,1,Em risco,33121.45,36070.619999999995,25,1743.2342105263156,5432.34,48.09,2949.1699999999983,9497.57,3.4873604511469773,1624.9099999999999,2608.2000000000003,0.0,8532.38,1134.07,3120.63,15318.07,0.0,0.0,0.0,309.84,473.35,1.0,0.049059144451707275,0.07874655246071656,0.0,0.25760889091510186,0.03423974493870287,0.09421779541656541,0.46248186598110896,0.0,0.0,0.0,0.00935466291481804,0.014291342921279112,6,0,0.2,0.12,0.12,0.0,0.08,0.32,0.16
475,34,Feminino,Solteiro,1,Juiz de Fora,MG,Empresário,Superior,17993.61,0.0,33.95,588,9819.8,22648.05,Às vezes,5.83,5.3,0,1,1,Em observação,33188.96,65812.18,41,976.1458823529412,5915.61,39.81,32623.219999999994,17993.61,1.8444859036068915,1802.09,3867.7,0.0,3539.82,1244.83,41.86,18243.05,0.0,0.0,1272.61,1225.73,1951.27,1.0,0.05429787495600947,0.11653573959533531,0.0,0.10665655085305475,0.037507351842299363,0.0012612627813586206,0.5496722404076536,0.0,0.0,0.03834437716638304,0.03693185926886531,0.0587927431290405,12,0,0.12195121951219512,0.1951219512195122,0.0975609756097561,0.024390243902439025,0.1951219512195122,0.24390243902439024,0.12195121951219512
476,34,Feminino,Solteiro,1,Palmas,TO,Cabeleireiro,Médio,1765.21,0.0,74.96,391,314.47,1229.23,Raramente,1.22,6.6,1,0,0,Em risco,19853.44,12138.710000000001,23,1044.917894736842,3992.0,85.32,-7714.729999999998,1765.21,11.247069753740346,2306.74,3447.25,0.0,0.0,0.0,5585.24,7847.02,0.0,0.0,0.0,238.09,429.1,1.0,0.1161884288062925,0.1736348965217111,0.0,0.0,0.0,0.281323538893008,0.39524737274749366,0.0,0.0,0.0,0.01199238016182586,0.021613382869668938,5,1,0.13043478260869565,0.30434782608695654,0.0,0.08695652173913043,0.13043478260869565,0.21739130434782608,0.13043478260869565
477,43,Feminino,Solteiro,1,Santos,SP,Corretor de Imóveis,Médio,11525.68,3443.35,14.28,1000,20280.08,14711.44,Frequentemente,10.25,4.1,0,1,1,Saudável,16471.56,27565.93,21,968.9152941176471,3578.83,59.22,11094.369999999999,11525.68,1.4291182819582013,3299.32,1691.1899999999998,1398.32,0.0,6599.93,0.0,3351.73,0.0,0.0,0.0,59.22,71.85,1.0,0.20030403920454407,0.10267333513037015,0.0848929913135125,0.0,0.4006863952169679,0.0,0.20348588718979865,0.0,0.0,0.0,0.0035952878780151965,0.004362064066791487,5,0,0.047619047619047616,0.14285714285714285,0.14285714285714285,0.047619047619047616,0.14285714285714285,0.2857142857142857,0.19047619047619047
478,37,Feminino,Solteiro,2,Fortaleza,CE,Recepcionista,Médio,2664.92,0.0,42.28,548,1576.15,2473.56,Raramente,6.73,7.8,1,0,0,Em observação,31958.99,27658.36,42,998.7184375,3770.4,17.04,-4300.630000000001,2664.92,11.992476321990905,6121.7,5589.84,5030.41,6381.780000000001,0.0,749.66,6680.77,0.0,370.31,0.0,79.83,954.69,1.0,0.19154860651103178,0.17490665380852147,0.15740203304297162,0.19968653577600545,0.0,0.02345693653022201,0.20904196284050278,0.0,0.011587037012120846,0.0,0.002497888700487719,0.029872345778136293,9,1,0.11904761904761904,0.21428571428571427,0.07142857142857142,0.07142857142857142,0.07142857142857142,0.23809523809523808,0.21428571428571427
479,47,Masculino,União Estável,0,Londrina,PR,Aposentado,Superior,3015.49,0.0,70.03,443,-146.76,1644.57,Nunca,0.36,14.0,1,0,0,Em risco,16675.739999999998,10042.64,26,794.082857142857,3948.72,17.66,-6633.0999999999985,3015.49,5.530026629171378,2412.05,3473.19,303.08,0.0,0.0,2310.9900000000002,4809.96,704.75,0.0,1021.17,947.26,693.2900000000001,1.0,0.1446442556672148,0.20827801344947813,0.018174905581401488,0.0,0.0,0.13858395489495523,0.2884405729520849,0.04226199257124422,0.0,0.06123686265197227,0.05680467553463895,0.04157476669701016,5,1,0.15384615384615385,0.3076923076923077,0.07692307692307693,0.0,0.038461538461538464,0.2692307692307692,0.15384615384615385
480,39,Feminino,Solteiro,1,Salvador,BA,Eletricista,Médio,4613.43,0.0,25.0,682,1911.05,2645.46,Raramente,7.79,6.0,0,1,0,Em observação,35045.95,70752.77,58,815.0220930232557,5434.71,27.62,35706.82000000001,4613.43,7.596506287079244,4217.64,3735.3199999999997,2444.75,7111.87,2023.57,466.47,10819.48,1113.4,834.98,0.0,707.88,1570.59,1.0,0.12034600289049094,0.10658349966258583,0.06975841716375217,0.20292986778786137,0.05774048071175129,0.013310239842264229,0.3087226912096833,0.031769719468298055,0.023825292223495158,0.0,0.020198624948103847,0.04481516409171388,13,1,0.15517241379310345,0.15517241379310345,0.15517241379310345,0.017241379310344827,0.08620689655172414,0.1724137931034483,0.25862068965517243
481,18,Masculino,Casado,0,Feira de Santana,BA,Técnico em Informática,Médio,4709.75,0.0,45.51,667,1904.55,2413.88,Às vezes,10.19,0.0,1,0,0,Em observação,29165.54,14681.91,31,1080.2051851851852,5169.19,17.54,-14483.630000000001,4709.75,6.192587716970116,2044.95,2770.6,3281.04,0.0,3805.95,876.27,11422.81,0.0,0.0,3699.55,550.27,714.1,1.0,0.07011527988166857,0.0949956695470065,0.11249714560402448,0.0,0.13049475511168315,0.030044703441115782,0.39165432904722486,0.0,0.0,0.12684661418921098,0.0188671288102329,0.024484374367832722,11,0,0.0967741935483871,0.1935483870967742,0.1935483870967742,0.03225806451612903,0.1935483870967742,0.16129032258064516,0.12903225806451613
482,28,Feminino,Casado,0,Olinda,PE,Jornalista,Superior,5798.52,240.63,34.13,696,1970.49,6917.85,Raramente,6.6,6.4,1,0,0,Em observação,47932.77,65127.65,59,1065.1726666666666,4168.42,16.81,17194.880000000005,5798.52,8.26638004180377,4848.6900000000005,5572.14,3331.0599999999995,3546.15,2255.13,2284.41,22484.12,67.83,699.95,100.43,848.67,1894.19,1.0,0.10115605670191814,0.1162490713555674,0.0694944189538806,0.07398174568254662,0.04704777128465558,0.04765862686425174,0.46907616647233197,0.0014151070342899024,0.014602744635872288,0.0020952262929932906,0.017705423659012405,0.03951764106268009,19,1,0.0847457627118644,0.1694915254237288,0.11864406779661017,0.05084745762711865,0.0847457627118644,0.288135593220339,0.2033898305084746
483,27,Feminino,Solteiro,0,Blumenau,SC,Contador,Superior,5439.56,0.0,27.34,596,1359.38,7934.69,Às vezes,5.11,5.2,1,0,0,Em observação,40657.64,31387.21,36,1452.0585714285714,5170.03,34.9,-9270.43,5439.56,7.47443543227761,3276.04,2915.7,419.15,3995.49,4941.67,0.0,21146.43,0.0,0.0,2646.04,0.0,1317.12,1.0,0.08057624594049237,0.0717134590202481,0.010309255529834,0.09827156716425252,0.12154345407160869,0.0,0.5201096276124242,0.0,0.0,0.06508100322596196,0.0,0.03239538743517823,10,1,0.08333333333333333,0.25,0.1388888888888889,0.0,0.1111111111111111,0.2222222222222222,0.19444444444444445
484,18,Masculino,Solteiro,0,Feira de Santana,BA,Enfermeiro,Superior,4794.82,0.0,31.75,555,2710.83,6277.81,Raramente,6.95,0.0,1,0,1,Em observação,31420.53,23242.39,43,872.7925,5300.37,18.42,-8178.139999999999,4794.82,6.553015545943331,2822.2999999999997,5681.69,480.34,0.0,5785.16,1794.37,6793.11,812.1800000000001,0.0,5579.9800000000005,168.60000000000002,1502.8,1.0,0.08982343709670078,0.18082731258829815,0.015287456958873704,0.0,0.18412038243785195,0.057108202821531014,0.2161997267391734,0.025848704652658632,0.0,0.17759025707077508,0.005365918397939182,0.047828601236198115,7,1,0.11627906976744186,0.16279069767441862,0.11627906976744186,0.09302325581395349,0.023255813953488372,0.3488372093023256,0.13953488372093023
485,32,Feminino,Casado,4,Anápolis,GO,Motoboy,Superior,2770.92,0.0,39.6,601,339.25,2345.61,Às vezes,9.93,12.9,0,0,1,Em observação,35578.19,18448.38,50,847.099761904762,3780.97,32.86,-17129.81,2770.92,12.839847415298891,3550.9500000000003,3433.75,3921.58,1170.6,4800.26,3716.38,12462.789999999999,867.74,0.0,107.35,519.96,1026.83,1.0,0.09980693228070343,0.0965127793178911,0.11022426941898955,0.03290217967805557,0.13492142236578084,0.10445669102334885,0.35029297443180774,0.024389661194119203,0.0,0.0030172979569786994,0.014614571455152721,0.02886122087717222,11,1,0.1,0.18,0.16,0.04,0.1,0.3,0.12
486,42,Feminino,Casado,1,Juiz de Fora,MG,Enfermeiro,Superior,3182.82,0.0,81.33,372,-54.26,2452.72,Raramente,0.8,6.3,1,0,0,Em risco,36311.23,22226.49,51,864.5530952380954,3324.51,8.79,-14084.740000000002,3182.82,11.408508806655734,1476.46,13392.7,2055.95,0.0,0.0,1854.48,10563.630000000001,411.13,208.02,4639.21,375.80999999999995,1333.84,1.0,0.04066124997693551,0.3688307997277977,0.05662022465226321,0.0,0.0,0.051071803406274034,0.2909190903199919,0.011322392549081923,0.005728806212293001,0.1277624029811163,0.010349690715516932,0.03673353945872943,10,5,0.11764705882352941,0.4117647058823529,0.13725490196078433,0.0392156862745098,0.0392156862745098,0.11764705882352941,0.13725490196078433
487,47,Feminino,Solteiro,1,Niterói,RJ,Designer Gráfico,Superior,6570.78,0.0,18.52,760,5940.71,13128.95,Sempre,26.97,18.4,0,1,1,Saudável,34378.3,58464.46,51,881.4948717948719,4595.36,72.18,24086.159999999996,6570.78,5.231996810119956,6212.39,4878.32,1198.6399999999999,0.0,9174.23,3487.0,3568.17,96.86,375.46,4742.3,244.94,399.99,1.0,0.18070672488168407,0.14190114112681546,0.0348661801194358,0.0,0.26686107224615524,0.1014302626947813,0.10379134512177739,0.0028174749769476672,0.010921424270542754,0.13794457550256992,0.0071248432877716456,0.01163495577151866,10,1,0.0196078431372549,0.21568627450980393,0.17647058823529413,0.0196078431372549,0.058823529411764705,0.3137254901960784,0.19607843137254902
488,60,Masculino,Viúvo,0,Porto Alegre,RS,Engenheiro de Produção,Superior,11220.53,0.0,11.2,814,20960.98,31238.03,Frequentemente,23.62,4.7,0,1,1,Saudável,45464.94,83602.5,48,1228.7821621621622,4743.88,45.36,38137.56,11220.53,4.051942287931141,3388.2599999999998,884.94,1551.57,3735.58,18804.57,3488.95,10187.060000000001,783.01,0.0,1434.5700000000002,696.74,509.69,1.0,0.0745246776967043,0.019464228920130545,0.03412673589803483,0.08216397074317044,0.413605956589847,0.07673935124515725,0.224064081025951,0.017222281608641733,0.0,0.031553324385779465,0.015324775530331724,0.011210616356251651,12,0,0.0625,0.14583333333333334,0.10416666666666667,0.041666666666666664,0.125,0.2916666666666667,0.22916666666666666
489,31,Masculino,União Estável,1,Feira de Santana,BA,Advogado,Pós-graduação,9590.25,0.0,82.64,300,660.9,5485.29,Frequentemente,0.45,9.0,0,0,0,Em risco,45006.74,60188.880000000005,49,1184.387894736842,5681.99,23.14,15182.140000000007,9590.25,4.692968379343604,3881.2200000000003,8594.55,7170.5,3356.63,1678.04,787.06,16271.84,342.21,0.0,1775.51,207.95999999999998,941.22,1.0,0.0862364170344264,0.19096139822613234,0.15932058176175393,0.07458060726015704,0.037284193434138975,0.017487602967911027,0.36154229344315986,0.007603527827165443,0.0,0.03944986906405574,0.00462064126395291,0.020912867717146368,16,1,0.08163265306122448,0.3469387755102041,0.12244897959183673,0.061224489795918366,0.04081632653061224,0.20408163265306123,0.14285714285714285
490,35,Masculino,Casado,1,Pelotas,RS,Vendedor,Médio,2984.12,0.0,85.36,407,51.15,2069.86,Raramente,2.14,3.1,0,0,0,Em risco,28142.329999999998,14995.23,35,938.0776666666666,3530.37,21.12,-13147.099999999999,2984.12,9.430696486736458,1782.52,4570.17,2487.38,3530.37,0.0,5536.0,4704.21,697.96,185.8,3253.1099999999997,492.31,902.5,1.0,0.06333946052085951,0.1623948692236926,0.08838571646342006,0.12544696903205954,0.0,0.19671434454787504,0.1671578010775938,0.02480107368508578,0.00660215412156705,0.11559490632083413,0.017493576402522464,0.032069128604490106,6,4,0.11428571428571428,0.4857142857142857,0.05714285714285714,0.02857142857142857,0.05714285714285714,0.11428571428571428,0.14285714285714285
491,58,Feminino,Solteiro,1,Caxias do Sul,RS,Pedreiro,Fundamental,2727.42,247.5,40.77,577,474.93,2852.02,Raramente,12.0,32.6,1,0,0,Em observação,12185.02,18148.98,27,609.251,3861.91,54.61,5963.959999999999,2727.42,4.467599416298187,1810.38,327.6,942.34,3861.91,0.0,2119.08,570.5,851.08,241.22,550.85,311.33,598.73,1.0,0.1485742329516078,0.026885470848632173,0.07733594200091588,0.3169391597223476,0.0,0.1739086189435881,0.046819783635972695,0.06984641797879691,0.019796438577860356,0.04520714779294577,0.02555022478420224,0.04913656276313046,6,2,0.1111111111111111,0.1111111111111111,0.2962962962962963,0.0,0.037037037037037035,0.18518518518518517,0.25925925925925924
492,47,Masculino,Divorciado,1,Juazeiro do Norte,CE,Corretor de Imóveis,Médio,11490.08,0.0,38.25,609,2237.2,9169.77,Raramente,6.86,25.7,1,1,1,Em observação,27902.86,46814.73,29,1213.1678260869564,4517.25,40.17,18911.870000000003,11490.08,2.428430437385989,1594.1000000000001,1636.0900000000001,0.0,3659.26,0.0,377.16,13977.619999999999,511.52,154.65,5176.98,410.53999999999996,404.94,1.0,0.05713034434462991,0.05863520800376736,0.0,0.1311428290863374,0.0,0.01351689396714172,0.500938613461129,0.01833217096742054,0.0055424426026579356,0.18553581962565843,0.014713187106984731,0.014512490834272902,9,1,0.20689655172413793,0.2413793103448276,0.06896551724137931,0.06896551724137931,0.06896551724137931,0.1724137931034483,0.1724137931034483
493,27,Feminino,Divorciado,1,Uberlândia,MG,Analista de TI,Médio,8078.56,1444.42,7.5,745,16864.09,21038.14,Sempre,18.66,0.0,0,0,0,Saudável,49927.64,48405.92,56,1062.2902127659574,4980.67,41.69,-1521.7200000000012,8078.56,6.180264799667267,8831.27,2909.58,2236.62,5211.25,15171.68,1799.0500000000002,8941.1,0.0,469.55,3738.55,143.55,475.44,1.0,0.17688138273709714,0.058275936935933685,0.04479723055205493,0.10437605302393624,0.3038733655346017,0.03603314717058528,0.179081166263817,0.0,0.009404610352101562,0.0748793654176324,0.002875160932902096,0.009522581079338018,9,1,0.14285714285714285,0.14285714285714285,0.125,0.017857142857142856,0.07142857142857142,0.35714285714285715,0.14285714285714285
494,46,Masculino,Casado,1,Joinville,SC,Estudante,Médio,1566.37,0.0,24.74,1000,3668.74,3706.09,Sempre,20.07,1.9,0,0,1,Saudável,11986.39,11690.44,25,630.8626315789473,4932.66,15.95,-295.9499999999989,1566.37,7.652336293468338,1620.43,1456.53,310.98,0.0,1028.52,370.07000000000005,6223.96,0.0,54.98,149.64,206.53,564.75,1.0,0.13518916037272274,0.12151531862387258,0.025944425302363766,0.0,0.0858073198018753,0.03087418313604013,0.5192522519290629,0.0,0.004586868940523377,0.012484159117132014,0.01723037545082381,0.04711593732558343,9,0,0.04,0.08,0.16,0.0,0.08,0.48,0.16
495,43,Masculino,Divorciado,0,Recife,PE,Contador,Superior,5512.82,532.56,25.0,486,3278.47,8380.05,Às vezes,6.71,10.0,0,0,0,Em observação,10194.01,25445.190000000002,23,599.6476470588235,1733.59,38.13,15251.180000000002,5512.82,1.8491461720135975,1079.85,2339.79,1385.45,0.0,0.0,42.46,204.93,0.0,73.04,4767.11,100.43,200.95,1.0,0.10592985488536895,0.22952596671967165,0.13590824415514602,0.0,0.0,0.004165191126946118,0.02010298204533839,0.0,0.007164991990394359,0.46763834840264035,0.009851863986792244,0.019712556687701895,9,1,0.043478260869565216,0.21739130434782608,0.17391304347826086,0.08695652173913043,0.0,0.21739130434782608,0.2608695652173913
496,58,Feminino,Solteiro,0,Niterói,RJ,Pedreiro,Fundamental,2844.9,0.0,37.03,524,1372.72,3608.75,Às vezes,9.75,32.0,0,0,0,Em observação,41832.61,22074.260000000002,58,853.7267346938776,5670.87,13.29,-19758.35,2844.9,14.704421948047383,2528.09,5919.65,4870.0199999999995,0.0,0.0,3386.06,17131.03,767.29,438.05999999999995,3524.16,1945.65,1322.6,1.0,0.060433475224232966,0.14150802448137947,0.116416833661586,0.0,0.0,0.0809430728802243,0.4095137740628662,0.018341910772481086,0.010471734849917324,0.08424432518076208,0.04651036595612849,0.031616482930421984,14,0,0.05172413793103448,0.27586206896551724,0.13793103448275862,0.06896551724137931,0.06896551724137931,0.27586206896551724,0.1206896551724138
497,30,Feminino,Casado,0,Guarulhos,SP,Cabeleireiro,Pós-graduação,3369.14,0.0,31.2,547,785.71,2311.11,Às vezes,9.36,5.9,1,0,0,Em observação,16664.18,12441.55,24,833.2090000000001,5561.69,19.7,-4222.630000000001,3369.14,4.94612274942567,1823.58,536.1,1218.03,1377.68,0.0,2443.62,5561.69,589.31,0.0,1686.05,846.38,581.74,1.0,0.10943112712416692,0.03217079988334259,0.0730927054316504,0.0826731348317169,0.0,0.14663907855051972,0.3337511956783952,0.035363876290342516,0.0,0.10117809577188916,0.050790377924386315,0.03490960851359023,3,1,0.20833333333333334,0.25,0.16666666666666666,0.0,0.0,0.2916666666666667,0.08333333333333333
498,51,Feminino,Solteiro,0,Londrina,PR,Cabeleireiro,Pós-graduação,3933.36,0.0,15.45,739,6876.09,9941.21,Frequentemente,13.3,11.4,0,1,0,Saudável,12467.75,14808.179999999998,22,733.3970588235294,2870.72,31.83,2340.4299999999985,3933.36,3.169745459352818,3520.96,3251.76,1263.27,0.0,3713.67,31.83,436.01,0.0,0.0,0.0,0.0,250.25,1.0,0.28240540594734415,0.2608136993443083,0.10132301337450622,0.0,0.29786208417717713,0.0025529867057007077,0.03497102524513244,0.0,0.0,0.0,0.0,0.020071785205831045,5,0,0.13636363636363635,0.2727272727272727,0.09090909090909091,0.09090909090909091,0.0,0.18181818181818182,0.22727272727272727
499,45,Masculino,Solteiro,2,Londrina,PR,Cabeleireiro,Superior,3211.06,0.0,73.59,464,163.85,979.54,Nunca,1.13,8.8,1,0,0,Em risco,27817.39,12247.64,21,1636.3170588235294,5647.71,36.24,-15569.75,3211.06,8.662992905769434,1966.25,1627.28,4615.139999999999,3336.75,0.0,2198.08,9921.310000000001,0.0,0.0,3469.27,0.0,683.31,1.0,0.0706842015012911,0.05849865857292866,0.16590844791693252,0.11995194373016305,0.0,0.07901819689050626,0.35665855064044477,0.0,0.0,0.12471587018048783,0.0,0.024564130567245882,4,0,0.14285714285714285,0.38095238095238093,0.09523809523809523,0.047619047619047616,0.0,0.14285714285714285,0.19047619047619047
500,40,Masculino,Solteiro,0,São Paulo,SP,Enfermeiro,Superior,3738.63,0.0,78.62,400,512.22,924.46,Nunca,1.77,1.8,0,0,0,Em risco,30787.56,56224.9,53,769.6890000000001,3786.15,88.12,25437.34,3738.63,8.2349844729219,7783.48,9858.01,999.8,0.0,0.0,630.48,7195.65,1939.04,161.32,394.31,367.06000000000006,1458.41,1.0,0.2528124995939918,0.32019458508566445,0.03247415514577966,0.0,0.0,0.020478401016514464,0.23371939835440025,0.06298128205028264,0.005239778663849944,0.012807445604653307,0.01192234785738136,0.04737010662748201,11,4,0.07547169811320754,0.2641509433962264,0.1509433962264151,0.03773584905660377,0.09433962264150944,0.18867924528301888,0.18867924528301888
501,27,Masculino,Solteiro,2,Juazeiro do Norte,CE,Enfermeiro,Superior,4600.74,0.0,52.78,668,990.6,6777.55,Às vezes,8.59,1.8,1,0,0,Em observação,37959.47,57329.08,54,903.7969047619048,4684.44,23.06,19369.61,4600.74,8.250731404078476,3098.7999999999997,4965.62,1018.78,0.0,5632.35,2152.43,14123.42,0.0,0.0,4818.63,751.99,1397.45,1.0,0.08163443799399728,0.13081373370070762,0.026838625512948414,0.0,0.14837799368642396,0.056703373361113835,0.3720657849016332,0.0,0.0,0.12694144570511653,0.01981033981770557,0.03681426532035353,15,1,0.07407407407407407,0.18518518518518517,0.12962962962962962,0.0,0.05555555555555555,0.35185185185185186,0.2037037037037037
502,30,Masculino,Casado,2,João Pessoa,PB,Estudante,Médio,1412.0,0.0,30.01,542,305.27,1688.67,Frequentemente,10.5,6.0,1,0,0,Em observação,40532.62,19905.51,47,1095.4762162162162,5834.03,31.11,-20627.110000000004,1412.0,28.705821529745045,2015.61,5170.26,4369.23,2924.61,3515.09,1545.75,18210.59,591.76,0.0,747.87,920.11,521.74,1.0,0.0497280955437867,0.1275580014319331,0.10779540034668371,0.07215447706069827,0.08672249659656839,0.038135950747817435,0.449282331119972,0.014599599038996245,0.0,0.01845106484604252,0.022700481735451594,0.012872101532049988,13,0,0.0425531914893617,0.2553191489361702,0.1276595744680851,0.0425531914893617,0.06382978723404255,0.2978723404255319,0.1702127659574468
503,43,Feminino,União Estável,2,Florianópolis,SC,Motorista,Médio,4552.98,1117.12,16.26,906,4751.68,6176.05,Sempre,17.95,4.2,0,0,0,Saudável,41999.84,48656.78,41,1399.9946666666665,5473.4,16.29,6656.940000000002,4552.98,9.224692399263779,3103.3900000000003,6767.3099999999995,3914.7799999999997,0.0,8723.6,2460.29,12590.13,709.04,142.74,1913.08,912.3,763.18,1.0,0.07389051958293176,0.1611270423887329,0.09320940270248648,0.0,0.20770555316401207,0.05857855648973901,0.2997661419662551,0.0168819690741679,0.0033985843755595263,0.04554969733218032,0.021721511320043126,0.018171021603891824,10,2,0.024390243902439025,0.14634146341463414,0.14634146341463414,0.024390243902439025,0.14634146341463414,0.2682926829268293,0.24390243902439024
504,53,Feminino,Solteiro,0,Curitiba,PR,Analista Financeiro,Superior,6376.34,0.0,75.94,476,942.67,3551.34,Raramente,0.91,1.3,1,1,1,Em risco,47124.97,74866.81999999999,58,1095.9295348837209,5866.97,29.56,27741.84999999999,6376.34,7.390598682002528,2772.95,11133.99,7155.2,0.0,4904.59,5114.01,13773.83,0.0,0.0,236.47,1792.3,241.63,1.0,0.05884247777770468,0.23626519019534653,0.15183457941723888,0.0,0.1040762466267883,0.10852017518525742,0.29228305079027106,0.0,0.0,0.005017934228923647,0.03803291545861992,0.005127430319849541,15,3,0.034482758620689655,0.3103448275862069,0.10344827586206896,0.06896551724137931,0.05172413793103448,0.1896551724137931,0.2413793103448276
505,28,Masculino,Solteiro,0,Londrina,PR,Analista de TI,Superior,7602.95,0.0,54.99,480,2996.93,11132.68,Frequentemente,9.54,5.1,1,0,0,Em observação,22771.67,21518.37,23,1265.0927777777777,4646.84,125.9,-1253.2999999999993,7602.95,2.995109792909331,3074.01,1317.3600000000001,1577.06,4646.84,6802.45,0.0,2191.79,0.0,0.0,1852.98,766.41,542.77,1.0,0.13499273439321754,0.057850829561468274,0.06925535105681753,0.20406232832286786,0.2987242481557128,0.0,0.0962507361120199,0.0,0.0,0.08137216111071345,0.03365629310454613,0.023835318182636584,2,0,0.08695652173913043,0.30434782608695654,0.08695652173913043,0.0,0.0,0.391304347826087,0.13043478260869565
506,28,Feminino,Solteiro,1,Maringá,PR,Engenheiro Civil,Superior,15341.59,0.0,22.04,876,19361.42,23538.12,Frequentemente,10.0,5.9,0,1,1,Saudável,28626.06,133207.4,59,636.1346666666667,4207.73,17.83,104581.34,15341.59,1.8659122033635367,3356.17,2512.7200000000003,3127.44,0.0,3350.48,3075.54,6897.03,1977.9099999999999,144.48,2278.4,794.11,1111.78,1.0,0.117241772007744,0.08777736090820742,0.10925150020645523,0.0,0.11704300207573098,0.1074384669074263,0.24093535750291864,0.06909473395919662,0.005047149345736018,0.07959181249532768,0.027740806803311386,0.038838037787945666,15,0,0.11864406779661017,0.15254237288135594,0.22033898305084745,0.01694915254237288,0.01694915254237288,0.2711864406779661,0.2033898305084746
507,43,Masculino,Solteiro,1,Manaus,AM,Farmacêutico,Superior,3230.33,0.0,63.91,316,264.58,1654.65,Às vezes,1.3,7.6,1,0,0,Em risco,34279.72,43344.590000000004,58,779.0845454545455,4624.1,20.25,9064.870000000003,3230.33,10.611832227667144,2120.2799999999997,4881.79,3784.56,0.0,0.0,4682.73,10158.07,271.28,318.89,3345.3,1865.19,2851.63,1.0,0.0618523138462041,0.1424104397585511,0.11040230200246676,0.0,0.0,0.13660350784662184,0.2963288498272448,0.00791371691484061,0.009302584735231208,0.09758831168982711,0.05441088783689015,0.08318708554212229,12,6,0.06896551724137931,0.3275862068965517,0.10344827586206896,0.017241379310344827,0.06896551724137931,0.1896551724137931,0.22413793103448276
508,47,Feminino,Divorciado,2,Manaus,AM,Recepcionista,Médio,1698.31,0.0,69.19,341,41.39,607.05,Raramente,1.62,0.0,1,0,1,Em risco,34848.27,31494.51,49,941.845135135135,5632.84,18.84,-3353.7599999999984,1698.31,20.519381031731545,2707.9,6177.11,4762.389999999999,4407.1,0.0,5905.09,8733.470000000001,0.0,146.33,751.99,383.6,873.29,1.0,0.07770543559264205,0.1772572928297445,0.13666072949962796,0.12646538838226404,0.0,0.16945145340069967,0.25061416248209745,0.0,0.004199060670730571,0.021578976517342183,0.011007720038900068,0.025059780585951614,11,3,0.14285714285714285,0.2653061224489796,0.061224489795918366,0.061224489795918366,0.02040816326530612,0.2653061224489796,0.1836734693877551
509,30,Feminino,Solteiro,4,Joinville,SC,Contador,Fundamental,5992.65,0.0,58.82,335,372.36,3525.9,Nunca,0.0,4.8,1,0,0,Em risco,38405.83,49609.009999999995,48,1066.828611111111,4745.43,41.88,11203.179999999993,5992.65,6.408822474197559,3057.63,6161.1900000000005,0.0,5313.639999999999,1703.93,2099.9500000000003,14697.67,1534.82,453.53000000000003,1608.3200000000002,543.1700000000001,1231.98,1.0,0.07961369406676018,0.16042330031664465,0.0,0.138355036201535,0.04436644124082203,0.054677896558933896,0.382693721239718,0.03996320350321813,0.011808884224087853,0.041876975448779524,0.014142904866266398,0.0320779423332343,14,2,0.08333333333333333,0.2916666666666667,0.08333333333333333,0.020833333333333332,0.125,0.1875,0.20833333333333334
510,23,Masculino,Solteiro,0,Pelotas,RS,Aposentado,Superior,4163.64,0.0,51.47,480,1481.3,5241.55,Frequentemente,6.59,5.0,1,0,0,Em observação,50319.48,46028.049999999996,60,1093.9017391304349,5800.15,26.2,-4291.430000000008,4163.64,12.085454073839237,3270.02,9801.3,0.0,4803.25,4448.92,4805.93,15888.62,0.0,0.0,4193.32,0.0,3108.12,1.0,0.0649851707529569,0.19478142460931627,0.0,0.09545508021942993,0.08841347327118643,0.09550833991130274,0.3157548527925964,0.0,0.0,0.08333392952391398,0.0,0.06176772891929725,13,1,0.05,0.31666666666666665,0.11666666666666667,0.05,0.06666666666666667,0.21666666666666667,0.18333333333333332
511,33,Feminino,Solteiro,0,São Luís,MA,Analista de TI,Superior,9013.83,0.0,45.6,591,1116.53,7962.15,Raramente,1.0,7.4,0,0,1,Em observação,45760.09,68219.27,51,1144.00225,5435.52,44.28,22459.180000000008,9013.83,5.076653320508596,6321.860000000001,6389.6900000000005,3357.04,0.0,6987.77,4097.0599999999995,16153.46,0.0,0.0,606.6800000000001,757.8199999999999,1088.71,1.0,0.13815226324948227,0.13963455928517626,0.0733617438252416,0.0,0.15270446364943777,0.08953347775321245,0.3530032392855871,0.0,0.0,0.013257841057567853,0.016560719176907213,0.023791692717387576,13,0,0.058823529411764705,0.29411764705882354,0.09803921568627451,0.0196078431372549,0.0392156862745098,0.29411764705882354,0.19607843137254902
512,58,Masculino,União Estável,1,Pelotas,RS,Desenvolvedor de Software,Superior,10041.14,0.0,41.1,602,2595.8,6791.22,Às vezes,3.67,2.7,0,0,1,Em observação,29201.33,70959.0,45,858.8626470588235,5587.17,36.31,41757.67,10041.14,2.908168793583199,6641.0,1573.66,2484.8999999999996,0.0,0.0,6087.77,9268.96,520.82,390.04,1317.21,155.82,761.1500000000001,1.0,0.22742114828331447,0.05389001117414857,0.08509543914609367,0.0,0.0,0.20847577832927472,0.31741567935433074,0.01783548899998733,0.013356925866047881,0.04510787693574231,0.005336058323370887,0.02606559358768933,10,0,0.022222222222222223,0.17777777777777778,0.13333333333333333,0.06666666666666667,0.08888888888888889,0.26666666666666666,0.24444444444444444
513,36,Masculino,Casado,1,Curitiba,PR,Autônomo,Médio,2947.22,0.0,58.62,433,347.58,596.29,Nunca,0.92,1.4,0,0,1,Em risco,27585.9,21014.25,39,919.5300000000001,5591.95,85.34,-6571.6500000000015,2947.22,9.359973127218193,3445.3900000000003,1253.32,1352.36,0.0,0.0,4240.08,14260.88,0.0,0.0,1836.39,85.34,1112.14,1.0,0.12489677697664386,0.045433355446079335,0.04902359538749868,0.0,0.0,0.15370460996378585,0.5169626512094947,0.0,0.0,0.06656987808989374,0.0030936094164047577,0.040315523510199056,12,3,0.10256410256410256,0.358974358974359,0.07692307692307693,0.0,0.07692307692307693,0.1794871794871795,0.20512820512820512
514,35,Masculino,Casado,1,Olinda,PE,Corretor de Imóveis,Médio,6122.58,0.0,82.07,331,223.4,2409.71,Nunca,1.1,0.7,1,1,0,Em risco,23666.34,12558.630000000001,24,1183.317,4697.46,46.79,-11107.71,6122.58,3.8654194800231276,677.81,4121.74,1188.08,342.97,0.0,383.07,13582.42,680.86,0.0,2006.8799999999999,72.9,609.61,1.0,0.02864025447111805,0.17416043207356946,0.050201256299030605,0.01449189016975164,0.0,0.016186279754283932,0.5739129920384817,0.028769129489392954,0.0,0.08479891694279723,0.0030803242072918757,0.02575852455428258,9,0,0.125,0.2916666666666667,0.08333333333333333,0.0,0.16666666666666666,0.20833333333333334,0.125
515,54,Masculino,Solteiro,1,Recife,PE,Designer Gráfico,Superior,7900.44,1785.86,21.21,860,11330.45,14857.17,Frequentemente,31.5,17.4,0,0,1,Saudável,36649.86,31433.08,39,1110.601818181818,4867.46,14.91,-5216.779999999999,7900.44,4.638964412108693,1589.88,1356.7,3685.5600000000004,1624.19,6591.92,2082.74,15995.45,0.0,833.31,1413.04,934.08,542.99,1.0,0.043380247564383606,0.03701787673950187,0.10056136640085393,0.044316403937150105,0.1798620786000274,0.05682804791068778,0.4364395934936723,0.0,0.022737058204315104,0.03855512681358128,0.025486591217538077,0.014815609118288582,13,0,0.1282051282051282,0.15384615384615385,0.10256410256410256,0.02564102564102564,0.1282051282051282,0.3333333333333333,0.1282051282051282
516,36,Feminino,Casado,2,Uberlândia,MG,Estudante,Médio,1412.0,0.0,8.32,764,2548.3,2102.51,Às vezes,14.63,15.3,0,1,0,Saudável,32805.4,18559.52,46,863.3000000000001,4255.93,46.78,-14245.880000000001,1412.0,23.23328611898017,1171.22,1896.75,5404.09,4613.89,7051.6,265.66,5979.15,1074.82,0.0,2529.12,505.31,2313.79,1.0,0.03570204905289983,0.057818225048315214,0.16473172099715291,0.14064422320715492,0.2149524163704756,0.008098057027196742,0.18226115212739363,0.0327635084467801,0.0,0.07709462466545142,0.015403256780895828,0.07053076627628378,13,0,0.06521739130434782,0.17391304347826086,0.1956521739130435,0.021739130434782608,0.10869565217391304,0.2826086956521739,0.15217391304347827
517,52,Masculino,Solteiro,2,Cuiabá,MT,Designer Gráfico,Superior,5359.73,0.0,34.75,545,2003.29,4702.77,Raramente,1.8,0.7,1,0,1,Em observação,18489.11,25003.33,27,880.4338095238096,2510.54,15.53,6514.220000000001,5359.73,3.449634589802099,2489.82,1426.44,4781.21,2368.89,0.0,345.79999999999995,4334.77,0.0,492.06999999999994,1637.37,216.14,396.6,1.0,0.13466413472579264,0.0771502792725015,0.2585960059732459,0.12812352784963688,0.0,0.0187029013294853,0.23444990050900233,0.0,0.026614044699826003,0.08855861639635439,0.01169012461930293,0.021450464624852145,9,1,0.07407407407407407,0.3333333333333333,0.037037037037037035,0.037037037037037035,0.14814814814814814,0.14814814814814814,0.2222222222222222
518,39,Masculino,Divorciado,1,Joinville,SC,Jornalista,Superior,3167.45,0.0,70.56,448,36.64,2478.17,Nunca,1.65,12.2,0,0,0,Em risco,49632.95,32958.590000000004,52,1240.82375,5443.3,34.54,-16674.359999999993,3167.45,15.669686972170043,5334.01,7134.95,5546.32,8057.8,0.0,2013.55,15722.6,659.88,230.03,3250.92,0.0,1682.8899999999999,1.0,0.10746913088986249,0.14375430031863914,0.11174673276522955,0.16234779516430115,0.0,0.04056881567587661,0.31677746335851487,0.013295200063667382,0.004634622765723174,0.0654992298463017,0.0,0.03390670915188398,13,1,0.15384615384615385,0.25,0.09615384615384616,0.07692307692307693,0.07692307692307693,0.17307692307692307,0.17307692307692307
519,35,Feminino,Casado,2,Porto Alegre,RS,Jornalista,Superior,3755.94,0.0,58.96,452,631.19,688.49,Nunca,0.0,4.4,1,0,0,Em risco,47909.86,40229.33,50,1228.4579487179487,5269.05,11.49,-7680.529999999999,3755.94,12.755757546712674,2181.43,5418.2,2753.1400000000003,0.0,4978.53,6534.0,18636.63,0.0,417.16,4635.700000000001,1044.18,1310.8899999999999,1.0,0.04553196356658107,0.11309154316042667,0.05746499781047159,0.0,0.10391451780489444,0.13638111236392675,0.38899362260712095,0.0,0.00870718470060234,0.09675878827448046,0.021794678590169123,0.02736159112132659,10,6,0.08,0.32,0.16,0.0,0.1,0.12,0.22
520,37,Feminino,Casado,1,Niterói,RJ,Funcionário Público,Superior,11224.5,0.0,9.62,801,23335.49,31033.4,Frequentemente,14.27,4.0,0,1,1,Saudável,32406.25,30336.62,36,1045.3629032258063,3745.69,31.36,-2069.630000000001,11224.5,2.887099648091229,3668.74,697.06,5681.53,3504.08,4317.61,1235.2,8883.27,0.0,0.0,3010.88,710.71,697.1700000000001,1.0,0.1132108775313404,0.021510048216007712,0.17532204435872709,0.10812975891996142,0.1332338669238187,0.038116104146576665,0.27412212150433946,0.0,0.0,0.0929104725168756,0.021931263259402124,0.021513442622950824,8,0,0.05555555555555555,0.16666666666666666,0.1111111111111111,0.05555555555555555,0.08333333333333333,0.4444444444444444,0.08333333333333333
521,28,Masculino,Casado,3,Rio de Janeiro,RJ,Cabeleireiro,Médio,3130.26,323.72,33.41,604,752.05,2469.17,Nunca,9.9,8.2,1,1,1,Em observação,19823.89,27712.42,29,825.9954166666666,5082.47,15.56,7888.529999999999,3130.26,6.332985119446946,1852.37,0.0,1542.77,0.0,0.0,3905.91,7259.55,715.64,448.18,2443.98,1060.0900000000001,595.4,1.0,0.09344129734376048,0.0,0.07782377727075766,0.0,0.0,0.19703045164193303,0.3662020925257354,0.03609987747107152,0.02260807540800519,0.12328458239023724,0.05347537743601282,0.0300344685124867,13,1,0.06896551724137931,0.2413793103448276,0.1724137931034483,0.06896551724137931,0.06896551724137931,0.20689655172413793,0.1724137931034483
522,49,Feminino,Casado,1,Teresina,PI,Motoboy,Fundamental,2324.89,0.0,46.34,676,1444.75,1338.27,Às vezes,1.0,16.3,1,1,0,Em observação,18302.0,23209.8,31,762.5833333333334,4739.6,33.47,4907.799999999999,2324.89,7.87220040518046,5677.27,0.0,1289.89,0.0,0.0,33.47,7065.210000000001,878.73,0.0,2320.65,509.65,527.13,1.0,0.31019943175609227,0.0,0.07047808982624851,0.0,0.0,0.0018287618839471094,0.3860348595781882,0.04801278548792482,0.0,0.12679761774669435,0.027846683422576766,0.02880177029832805,8,1,0.0967741935483871,0.22580645161290322,0.16129032258064516,0.0,0.06451612903225806,0.25806451612903225,0.1935483870967742
523,40,Feminino,Solteiro,0,Juiz de Fora,MG,Engenheiro Civil,Superior,8490.16,0.0,90.57,300,1372.33,3810.67,Raramente,0.0,9.7,1,0,0,Em risco,28265.98,70816.59,51,763.9454054054054,3514.33,18.36,42550.61,8490.16,3.329263523891187,2425.7,9861.53,4990.14,0.0,0.0,1589.01,6872.110000000001,0.0,0.0,837.61,572.86,1117.02,1.0,0.08581694319461061,0.3488833573079724,0.17654226034264514,0.0,0.0,0.05621634204793183,0.2431230051107374,0.0,0.0,0.029633149107159914,0.020266765914360656,0.03951817697458217,18,5,0.058823529411764705,0.29411764705882354,0.11764705882352941,0.0196078431372549,0.09803921568627451,0.21568627450980393,0.19607843137254902
524,46,Masculino,Solteiro,0,Belo Horizonte,MG,Recepcionista,Médio,1502.76,0.0,63.91,300,133.34,423.22,Raramente,0.25,3.6,1,0,0,Em risco,24499.18,5807.379999999999,24,1224.959,5144.01,62.26,-18691.800000000003,1502.76,16.302789533924248,2135.96,2082.17,1378.86,0.0,0.0,2552.55,14715.17,513.72,490.19,0.0,430.64,199.92,1.0,0.08718495884352048,0.08498937515459701,0.056281883720189815,0.0,0.0,0.104189201434497,0.600639286702657,0.020968865080382284,0.020008424771767872,0.0,0.017577731173043343,0.008160273119345219,6,4,0.041666666666666664,0.5,0.08333333333333333,0.0,0.125,0.08333333333333333,0.16666666666666666
525,28,Masculino,Divorciado,1,Niterói,RJ,Motoboy,Fundamental,2392.61,0.0,68.61,364,458.29,1733.98,Nunca,1.13,0.5,1,0,0,Em risco,37440.08,22443.34,39,1134.5478787878787,4957.96,11.74,-14996.740000000002,2392.61,15.648216800899435,2126.19,6874.12,2908.95,4957.96,0.0,2053.97,13804.140000000001,519.34,0.0,1487.54,1130.42,1577.45,1.0,0.056789141476193426,0.18360324016401675,0.07769614808515365,0.1324238623421745,0.0,0.05486019260642604,0.36869953269330624,0.01387123104437811,0.0,0.03973121852303734,0.03019277736586033,0.04213265569945363,8,1,0.20512820512820512,0.3333333333333333,0.05128205128205128,0.0,0.07692307692307693,0.1794871794871795,0.15384615384615385
526,46,Masculino,Casado,0,Florianópolis,SC,Advogado,Pós-graduação,11900.11,0.0,47.28,522,5692.77,16323.41,Raramente,8.66,27.1,1,1,1,Em observação,25887.08,73506.98000000001,31,1125.5252173913045,5501.96,34.22,47619.90000000001,11900.11,2.1753647655357806,3373.69,2550.04,0.0,0.0,0.0,2580.8900000000003,16433.08,0.0,0.0,0.0,677.51,271.87,1.0,0.13032331186058838,0.0985062818981515,0.0,0.0,0.0,0.09969799606599122,0.6347985172526218,0.0,0.0,0.0,0.026171742815334905,0.010502150107312218,8,0,0.03225806451612903,0.22580645161290322,0.22580645161290322,0.03225806451612903,0.03225806451612903,0.1935483870967742,0.25806451612903225
527,56,Feminino,Solteiro,0,Santos,SP,Técnico em Informática,Médio,5183.35,0.0,39.57,609,3156.12,3429.23,Frequentemente,2.0,31.0,0,1,0,Em observação,21612.49,23366.5,34,771.8746428571429,4858.78,39.61,1754.0099999999984,5183.35,4.169598811579384,923.51,1978.71,4012.12,782.91,4858.78,1848.79,3497.11,0.0,0.0,2263.37,381.26,1065.93,1.0,0.04273038414361325,0.09155400418924427,0.18563895229101318,0.03622488662805627,0.22481352218092407,0.08554266537543799,0.1618096757939506,0.0,0.0,0.1047250918334722,0.017640725339838213,0.049320092224449844,9,0,0.14705882352941177,0.2647058823529412,0.11764705882352941,0.029411764705882353,0.08823529411764706,0.20588235294117646,0.14705882352941177
528,44,Feminino,Solteiro,1,Campinas,SP,Autônomo,Médio,9911.45,1877.77,7.38,844,14649.52,24092.77,Frequentemente,20.08,18.8,0,0,1,Saudável,22674.45,41532.28,33,872.0942307692308,4546.31,44.17,18857.829999999998,9911.45,2.287702606581277,1829.63,2063.68,0.0,0.0,6333.42,1165.67,5637.63,598.21,0.0,2683.48,882.31,1480.42,1.0,0.08069126263261071,0.0910134534685516,0.0,0.0,0.27931967478814257,0.05140896471579245,0.2486335941996388,0.026382558342098707,0.0,0.11834818485123123,0.03891207945506947,0.06529022754686442,6,0,0.030303030303030304,0.15151515151515152,0.12121212121212122,0.030303030303030304,0.06060606060606061,0.42424242424242425,0.18181818181818182
529,35,Feminino,Casado,0,Porto Alegre,RS,Cozinheiro,Médio,3090.49,634.23,13.05,1000,8148.55,7697.46,Frequentemente,23.12,14.1,0,1,1,Saudável,56602.3,24809.42,56,1179.2145833333334,5781.08,34.57,-31792.880000000005,3090.49,18.314992120990524,5590.31,5400.73,3471.81,9168.67,11022.24,83.93,17650.3,1442.31,0.0,623.3199999999999,615.23,1533.45,1.0,0.09876471450806769,0.09541538064707616,0.061336906804140466,0.16198405365153004,0.19473130950509077,0.0014828019356103903,0.3118300846432035,0.025481473367690004,0.0,0.011012273352849617,0.01086934629864864,0.027091655286092614,18,0,0.10714285714285714,0.16071428571428573,0.16071428571428573,0.017857142857142856,0.07142857142857142,0.3392857142857143,0.14285714285714285
530,45,Masculino,Divorciado,1,Rio de Janeiro,RJ,Técnico em Informática,Fundamental,4172.76,0.0,97.61,344,655.41,1361.56,Raramente,0.87,11.7,0,0,0,Em risco,45420.92,76448.46,60,966.4025531914893,4714.53,25.59,31027.540000000008,4172.76,10.885102426211906,3988.76,9536.84,0.0,5550.9,4714.53,2881.98,12546.32,0.0,686.47,3366.34,967.31,1181.47,1.0,0.0878176840099232,0.20996580430339148,0.0,0.1222102062221549,0.10379644445775206,0.06345049814050442,0.2762233790068541,0.0,0.015113520377834708,0.07411430679959807,0.021296574353843998,0.02601158232814307,12,2,0.06666666666666667,0.35,0.1,0.06666666666666667,0.05,0.15,0.21666666666666667
531,53,Masculino,Casado,0,Joinville,SC,Desenvolvedor de Software,Superior,7340.43,0.0,58.18,393,617.74,5063.39,Raramente,1.97,11.9,1,0,1,Em risco,29278.19,45710.72,34,1171.1276,3687.39,38.48,16432.530000000002,7340.43,3.9886205576512546,2235.3,2647.95,0.0,2040.0,0.0,2838.02,14002.24,54.83,0.0,4541.04,544.72,374.09,1.0,0.07634693264850048,0.09044104160810487,0.0,0.06967643833174114,0.0,0.09693290466384705,0.4782481430716858,0.0018727250557496894,0.0,0.15509975172645576,0.018604975239248055,0.012777087654667178,9,2,0.11764705882352941,0.23529411764705882,0.08823529411764706,0.029411764705882353,0.058823529411764705,0.20588235294117646,0.2647058823529412
532,47,Masculino,Viúvo,4,Uberlândia,MG,Jornalista,Superior,3455.63,0.0,64.06,364,178.66,2569.54,Nunca,1.08,9.4,1,0,1,Em risco,35401.88,18062.35,30,1475.0783333333331,5892.74,72.69,-17339.53,3455.63,10.244696336123948,1959.07,1441.98,8295.53,0.0,0.0,1545.5600000000002,20184.82,0.0,175.58,0.0,910.3999999999999,888.94,1.0,0.05533802159659318,0.04073173515078861,0.23432456129448495,0.0,0.0,0.04365756846811526,0.5701623755574563,0.0,0.004959623613209243,0.0,0.025716148407937657,0.02510996591141488,9,1,0.16666666666666666,0.36666666666666664,0.1,0.03333333333333333,0.1,0.06666666666666667,0.16666666666666666
533,50,Feminino,Solteiro,1,Belém,PA,Designer Gráfico,Pós-graduação,3495.84,0.0,77.62,410,281.07,2808.19,Raramente,0.65,0.1,0,0,0,Em risco,31718.24,12895.35,28,1321.5933333333335,5405.65,15.16,-18822.89,3495.84,9.073138358734953,2087.07,10278.51,8807.21,0.0,3407.18,1564.02,5405.65,0.0,0.0,168.6,0.0,0.0,1.0,0.06580030922270592,0.3240567572475648,0.27767019859866116,0.0,0.10742020994859738,0.049309797769359204,0.1704271737650008,0.0,0.0,0.0053155534481106135,0.0,0.0,5,3,0.07142857142857142,0.2857142857142857,0.21428571428571427,0.0,0.03571428571428571,0.25,0.14285714285714285
534,31,Masculino,Solteiro,0,Anápolis,GO,Autônomo,Médio,6675.68,0.0,32.48,675,2704.61,6443.13,Às vezes,3.53,13.0,1,1,0,Em observação,18939.8,35956.65,38,610.9612903225806,2789.88,16.56,17016.850000000002,6675.68,2.8371341945689426,5755.72,2901.79,2636.8399999999997,2789.88,0.0,1921.54,280.26,0.0,0.0,2133.99,252.04,267.74,1.0,0.3038955004804697,0.15321122715128987,0.13922216707673787,0.14730250583427493,0.0,0.10145513680186696,0.014797410743513659,0.0,0.0,0.11267225630682477,0.013307426688771792,0.014136368916250436,7,0,0.07894736842105263,0.18421052631578946,0.07894736842105263,0.13157894736842105,0.05263157894736842,0.2894736842105263,0.18421052631578946
535,39,Feminino,Solteiro,2,Maceió,AL,Advogado,Pós-graduação,5716.3,0.0,76.82,432,756.85,1258.55,Raramente,1.48,5.9,0,1,0,Em risco,24916.129999999997,26235.989999999998,28,1083.31,5579.82,36.09,1319.8600000000006,5716.3,4.358786277837062,1385.83,9321.349999999999,67.9,0.0,0.0,2459.03,9266.259999999998,493.31,0.0,644.94,0.0,1277.51,1.0,0.055619793282504146,0.3741090610781048,0.002725142307412909,0.0,0.0,0.09869229290423515,0.3718980435565234,0.019798821084975878,0.0,0.02588443710961534,0.0,0.051272408676628356,7,2,0.17857142857142858,0.2857142857142857,0.17857142857142858,0.03571428571428571,0.03571428571428571,0.10714285714285714,0.17857142857142858
536,40,Masculino,Casado,2,Londrina,PR,Técnico em Informática,Médio,2200.48,0.0,61.2,435,-56.69,1264.15,Nunca,0.58,1.1,0,1,0,Em risco,20434.53,10939.789999999999,26,973.0728571428571,4054.39,25.75,-9494.74,2200.48,9.286396604377225,738.11,3231.02,3700.2000000000003,8029.48,0.0,2012.5,150.31,0.0,180.0,2367.16,0.0,25.75,1.0,0.0361207231093644,0.15811569926002703,0.18107585542706392,0.3929368573683858,0.0,0.09848525999863957,0.0073556866734884535,0.0,0.008808619527828632,0.11584117667497124,0.0,0.0012601219602310404,4,4,0.19230769230769232,0.3076923076923077,0.15384615384615385,0.0,0.038461538461538464,0.15384615384615385,0.15384615384615385
537,45,Masculino,Casado,1,Caxias do Sul,RS,Farmacêutico,Superior,3298.51,135.74,70.26,387,-162.35,1195.57,Nunca,0.54,14.0,1,0,0,Em risco,38682.18,40695.66,51,991.8507692307693,4265.32,61.05,2013.4800000000032,3298.51,11.7271677211832,4583.41,14509.119999999999,797.95,10899.439999999999,0.0,2391.9599999999996,2544.16,0.0,466.7,1352.37,1137.07,0.0,1.0,0.11848892694258699,0.37508537522962765,0.020628361690059868,0.28176902129094067,0.0,0.061836225362686376,0.06577085365923016,0.0,0.012064987030203572,0.03496105958867882,0.029395189205985803,0.0,8,2,0.19607843137254902,0.2549019607843137,0.13725490196078433,0.0196078431372549,0.0784313725490196,0.11764705882352941,0.19607843137254902
538,22,Feminino,Solteiro,0,Olinda,PE,Aposentado,Médio,5495.22,0.0,18.78,883,11429.89,10849.0,Frequentemente,10.0,1.7,1,0,0,Saudável,41300.43,49488.46,39,1290.6384375,4946.16,29.89,8188.029999999999,5495.22,7.51570091825259,1698.44,4908.58,1235.43,736.9,11246.8,3766.89,12377.66,555.92,0.0,3686.42,618.56,468.83000000000004,1.0,0.04112402703797515,0.11885057855329835,0.02991324787659596,0.017842429243472766,0.272316777331374,0.09120704070151327,0.29969809031043987,0.013460392543128485,0.0,0.0892586348374581,0.01497708377370405,0.01135169779103995,9,3,0.07692307692307693,0.23076923076923078,0.20512820512820512,0.02564102564102564,0.07692307692307693,0.23076923076923078,0.15384615384615385
539,24,Masculino,Casado,1,Maceió,AL,Autônomo,Médio,6439.9,0.0,46.53,710,3178.27,3996.54,Às vezes,4.94,0.5,1,0,0,Em observação,22010.83,23104.97,31,846.5703846153847,4688.14,58.36,1094.1399999999994,6439.9,3.4178838180717097,2870.96,1786.56,960.75,4688.14,3836.93,2744.91,2426.57,0.0,58.36,0.0,1082.94,1554.71,1.0,0.13043397273069665,0.08116731627112653,0.043648967349254886,0.21299242236662588,0.1743200960618023,0.12470724638734658,0.11024436606888519,0.0,0.002651422049963586,0.0,0.04920032547614061,0.07063386523815776,3,0,0.06451612903225806,0.2903225806451613,0.1935483870967742,0.0967741935483871,0.03225806451612903,0.22580645161290322,0.0967741935483871
540,36,Feminino,Casado,2,Juiz de Fora,MG,Motorista,Médio,4710.36,0.0,7.18,702,9078.35,8591.71,Sempre,27.81,10.6,0,1,1,Saudável,47457.88,40328.65,42,1530.8993548387095,5336.18,45.32,-7129.229999999996,4710.36,10.07521293489245,1685.45,2254.9500000000003,2390.62,1092.89,8306.45,400.33,27792.28,0.0,0.0,1725.5,370.93,1438.48,1.0,0.03551465004336477,0.047514764671325406,0.05037351015258162,0.023028630861724127,0.17502783520882098,0.008435480050942015,0.5856199223395567,0.0,0.0,0.03635855626083593,0.007815983351974426,0.030310667058874103,15,0,0.07142857142857142,0.047619047619047616,0.19047619047619047,0.0,0.14285714285714285,0.2857142857142857,0.2619047619047619
541,18,Feminino,Divorciado,0,Belo Horizonte,MG,Desenvolvedor de Software,Pós-graduação,9431.52,0.0,68.41,326,409.42,3612.63,Nunca,0.41,0.0,1,1,0,Em risco,21335.9,36045.41,35,735.7206896551725,2368.15,17.74,14709.510000000002,9431.52,2.2621910360154036,2661.15,7432.509999999999,2368.15,0.0,0.0,1997.6100000000001,3134.06,473.57,536.43,1809.1100000000001,121.03999999999999,802.27,1.0,0.12472640010498737,0.34835699454909325,0.11099367732319705,0.0,0.0,0.09362670428714046,0.14689138962968518,0.022195923302977608,0.025142131337323473,0.08479182973298525,0.00567306745907133,0.03760188227353896,8,3,0.08571428571428572,0.37142857142857144,0.14285714285714285,0.05714285714285714,0.05714285714285714,0.14285714285714285,0.14285714285714285
542,47,Masculino,Casado,3,Campinas,SP,Vendedor,Médio,3223.68,275.36,47.05,567,783.73,2239.64,Nunca,5.28,0.2,0,0,1,Em observação,33932.840000000004,49213.17,54,789.1358139534884,3538.76,24.46,15280.329999999994,3223.68,10.526119217788368,6714.08,2265.42,2365.86,7441.89,1290.55,5933.05,259.56,0.0,251.89,5846.85,824.44,739.25,1.0,0.19786378033786736,0.06676187433766227,0.06972183878508253,0.21931232399056488,0.03803247827178626,0.17484684453172794,0.007649227120394284,0.0,0.007423192400046679,0.17230653255076792,0.02429622748935839,0.021785680184741387,9,4,0.16666666666666666,0.2777777777777778,0.1111111111111111,0.018518518518518517,0.05555555555555555,0.18518518518518517,0.18518518518518517
543,53,Feminino,União Estável,3,Guarulhos,SP,Aposentado,Médio,6676.93,0.0,20.2,716,17133.18,11905.19,Frequentemente,27.74,32.3,1,1,1,Saudável,27471.93,39964.6,41,832.4827272727273,4806.2,63.45,12492.669999999998,6676.93,4.114455296071697,4373.42,5102.04,2965.0,4806.2,3652.06,223.16,2806.46,863.88,83.37,0.0,940.32,1656.02,1.0,0.1591959501935248,0.18571829500147968,0.10792834722569547,0.17494948480139544,0.1329378751329084,0.008123200663368026,0.10215736571838964,0.031445915885778684,0.003034733999395019,0.0,0.0342283923990779,0.06028043897898691,4,0,0.07317073170731707,0.14634146341463414,0.21951219512195122,0.0,0.0975609756097561,0.3170731707317073,0.14634146341463414
544,56,Masculino,Solteiro,0,Santos,SP,Vendedor,Pós-graduação,4051.44,0.0,43.03,644,1318.4,4365.13,Às vezes,5.73,27.1,1,0,1,Em observação,12731.47,21109.24,31,489.67192307692306,1358.32,51.02,8377.770000000002,4051.44,3.1424555219872436,3728.02,510.95,298.38,0.0,0.0,640.8,2486.49,999.1099999999999,141.03,3513.59,352.83,60.27,1.0,0.29281928952430475,0.040132836192521365,0.023436413862656866,0.0,0.0,0.05033197266301535,0.19530266340022007,0.07847561986164991,0.011077275444233856,0.2759767725172349,0.027713217719556343,0.004733938814606641,5,1,0.06451612903225806,0.06451612903225806,0.1935483870967742,0.03225806451612903,0.0967741935483871,0.3870967741935484,0.16129032258064516
545,20,Feminino,Casado,0,Maceió,AL,Engenheiro de Produção,Fundamental,12699.89,1085.4,44.0,620,3391.46,20081.57,Raramente,9.46,1.3,1,1,0,Em observação,57301.89,98509.85,57,1302.3156818181817,5782.32,38.18,41207.96000000001,12699.89,4.511998922825316,2754.87,5772.15,4599.72,10829.640000000001,5971.82,4223.01,17192.940000000002,357.28,0.0,4006.2700000000004,310.82,1283.37,1.0,0.048076424704316036,0.10073227951119937,0.08027169784452136,0.1889927190883233,0.10421680681038618,0.0736975691377719,0.3000414122466118,0.006235047395469853,0.0,0.06991514590530959,0.005424253894592308,0.02239664346149839,17,1,0.17543859649122806,0.17543859649122806,0.17543859649122806,0.03508771929824561,0.07017543859649122,0.14035087719298245,0.22807017543859648
546,54,Masculino,Casado,0,Recife,PE,Vendedor,Superior,3769.01,0.0,58.0,552,1946.74,2825.63,Raramente,10.91,13.0,1,0,0,Em observação,49934.55,41983.27,59,1062.4372340425532,4999.4,17.06,-7951.280000000006,3769.01,13.248717833064916,5359.29,5044.92,2412.99,0.0,8414.87,1635.15,17504.579999999998,524.12,1070.71,6008.99,906.93,1052.0,1.0,0.10732629011375891,0.10103064911969768,0.04832305487883639,0.0,0.1685179900489741,0.032745864336416367,0.3505504705659708,0.010496139446535515,0.021442267928718693,0.12033732155391406,0.0181623745482837,0.02106757745889369,14,2,0.1016949152542373,0.2711864406779661,0.11864406779661017,0.03389830508474576,0.06779661016949153,0.22033898305084745,0.1864406779661017
547,54,Masculino,Solteiro,0,Fortaleza,CE,Vendedor,Médio,5440.15,1279.89,0.0,741,6390.22,12097.83,Frequentemente,24.34,9.2,1,1,0,Saudável,38026.39,33109.28,44,1056.288611111111,4558.34,13.83,-4917.110000000001,5440.15,6.989952482927861,4569.74,1237.94,3054.83,163.89,13882.0,4376.08,8229.09,158.53,231.17,878.12,814.6500000000001,430.35,1.0,0.1201728589014103,0.03255475999693897,0.08033447298047487,0.0043099016235829905,0.3650622633386972,0.11508007991292363,0.2164047126219449,0.00416894688136318,0.006079199208760022,0.023092383999638148,0.02142327999055393,0.011317140543711881,8,1,0.045454545454545456,0.2727272727272727,0.1590909090909091,0.045454545454545456,0.09090909090909091,0.22727272727272727,0.1590909090909091
548,27,Feminino,Solteiro,1,João Pessoa,PB,Vendedor,Médio,2758.71,0.0,39.84,617,1366.09,1600.78,Frequentemente,5.12,8.5,0,0,0,Em observação,23717.190000000002,29266.059999999998,33,988.2162500000001,5124.93,37.84,5548.869999999995,2758.71,8.597203040551562,3987.83,3134.48,0.0,4424.0,1843.95,698.18,8082.05,347.4,0.0,345.67,245.67,607.9599999999999,1.0,0.16814091382663796,0.13216068176710646,0.0,0.18653137239276657,0.07774740599539827,0.0294377200671749,0.3407676035820432,0.014647603700101064,0.0,0.01457466082617713,0.010358309732308084,0.025633728110286247,8,1,0.09090909090909091,0.24242424242424243,0.12121212121212122,0.030303030303030304,0.09090909090909091,0.15151515151515152,0.2727272727272727
549,29,Feminino,Solteiro,0,Teresina,PI,Cozinheiro,Médio,3051.27,0.0,58.0,689,358.59,3100.8,Frequentemente,12.0,7.5,1,0,0,Em observação,17319.82,18550.64,21,1018.8129411764705,4143.21,205.15,1230.8199999999997,3051.27,5.676265948277274,950.8,923.92,1564.15,4143.21,0.0,0.0,4069.86,0.0,0.0,3571.06,0.0,2096.82,1.0,0.054896644422401615,0.05334466524478892,0.09030983000978071,0.23921784406535404,0.0,0.0,0.23498281159965867,0.0,0.0,0.2061834360865182,0.0,0.12106476857149787,4,0,0.047619047619047616,0.19047619047619047,0.19047619047619047,0.0,0.047619047619047616,0.3333333333333333,0.19047619047619047
550,51,Feminino,Viúvo,0,Vitória,ES,Técnico em Informática,Médio,2760.43,0.0,75.74,320,21.94,2155.84,Raramente,0.45,11.2,1,0,0,Em risco,36341.13,22605.47,45,1038.318,5965.06,22.08,-13735.659999999996,2760.43,13.165025014218799,5010.610000000001,5477.12,1751.64,0.0,0.0,3629.2799999999997,15658.490000000002,1603.73,852.97,1388.31,0.0,968.98,1.0,0.13787711059067237,0.15071408071240494,0.04819993214300161,0.0,0.0,0.0998670101892814,0.4308751544049402,0.04412988809098672,0.023471201913644404,0.03820216927762015,0.0,0.026663452677448393,11,4,0.1111111111111111,0.3111111111111111,0.08888888888888889,0.0,0.1111111111111111,0.17777777777777778,0.2
551,35,Feminino,Casado,1,Anápolis,GO,Gerente Comercial,Superior,11622.78,0.0,30.93,592,2711.95,8168.08,Nunca,2.57,7.7,0,0,1,Em observação,45456.89,99015.08,53,1136.42225,5673.76,22.94,53558.19,11622.78,3.9110169856092947,3964.51,4812.55,4864.47,4616.93,0.0,930.04,20754.79,459.64,0.0,3197.22,1489.6599999999999,367.08000000000004,1.0,0.08721472146466686,0.10587063919243046,0.10701282027873003,0.10156722116273244,0.0,0.02045982468224289,0.4565818295092339,0.010111558445815365,0.0,0.07033521210975938,0.032770829680605074,0.008075343473783624,14,1,0.09433962264150944,0.1320754716981132,0.16981132075471697,0.03773584905660377,0.018867924528301886,0.3584905660377358,0.18867924528301888
552,34,Feminino,Solteiro,1,Belém,PA,Advogado,Pós-graduação,9205.75,0.0,98.0,388,990.54,3321.97,Nunca,0.65,3.0,0,0,0,Em risco,22878.59,45495.88,30,953.2745833333333,4812.22,21.13,22617.289999999997,9205.75,2.485249979632295,4565.83,3906.1400000000003,2635.85,0.0,0.0,2800.02,6885.1,0.0,342.16,503.78,911.31,328.4,1.0,0.19956780553347037,0.17073342369437977,0.11521033420328787,0.0,0.0,0.12238603865010912,0.3009407485338913,0.0,0.014955467098278347,0.022019713627456937,0.039832437226245146,0.014354031432881133,7,3,0.16666666666666666,0.3333333333333333,0.13333333333333333,0.0,0.06666666666666667,0.1,0.2
553,30,Masculino,Solteiro,0,Maceió,AL,Estudante,Médio,1412.0,57.54,33.64,626,271.04,750.2,Às vezes,4.12,4.3,0,1,0,Em observação,23012.76,16679.17,37,767.092,4810.11,52.63,-6333.59,1412.0,16.297988668555238,2824.42,3402.4700000000003,0.0,0.0,878.45,5312.900000000001,9209.829999999998,144.93,0.0,707.88,255.19,276.69,1.0,0.12273277955360419,0.14785145284616016,0.0,0.0,0.0381723009321785,0.23086757086068777,0.4002053643283117,0.006297810432125482,0.0,0.030760326010439428,0.01108906537069,0.0120233296658028,10,1,0.02702702702702703,0.2702702702702703,0.16216216216216217,0.0,0.05405405405405406,0.2972972972972973,0.1891891891891892
554,39,Masculino,Solteiro,1,Juiz de Fora,MG,Gerente Comercial,Superior,8843.09,957.38,41.36,698,4728.61,6306.12,Raramente,7.2,7.3,0,0,1,Em observação,36573.7,82845.79,59,831.2204545454545,4571.05,10.45,46272.09,8843.09,4.135850703769836,1612.51,10041.56,5125.2300000000005,2980.72,0.0,4171.32,9794.28,0.0,0.0,247.9,1357.89,1242.29,1.0,0.04408933195164832,0.274556853695415,0.14013430415845268,0.08149900064800662,0.0,0.11405244752376709,0.26779571112575434,0.0,0.0,0.006778094641778109,0.037127498721759085,0.03396675753341882,12,1,0.01694915254237288,0.2711864406779661,0.1016949152542373,0.0847457627118644,0.05084745762711865,0.288135593220339,0.1864406779661017
555,42,Masculino,Solteiro,2,Belém,PA,Empresário,Superior,9138.08,0.0,91.01,319,629.45,3405.97,Nunca,0.99,2.8,0,0,1,Em risco,17640.54,27872.670000000002,24,882.027,5642.18,10.45,10232.130000000001,9138.08,1.930442718820584,2197.76,4330.4400000000005,1594.75,72.42,0.0,1004.89,5642.18,0.0,58.53,1607.22,767.79,364.56,1.0,0.12458575531134534,0.24548228115465856,0.0904025613728378,0.004105316503916547,0.0,0.056964809467283876,0.31984168285097847,0.0,0.0033179256417320557,0.0911094558329847,0.043524177831290874,0.020666034032971778,4,1,0.08333333333333333,0.25,0.125,0.08333333333333333,0.0,0.2916666666666667,0.16666666666666666
556,25,Feminino,Casado,3,Pelotas,RS,Motorista,Médio,2344.41,0.0,47.62,592,1360.6,1388.83,Às vezes,12.0,5.4,0,0,0,Em observação,23822.72,11260.4,25,1191.136,3596.54,37.89,-12562.320000000002,2344.41,10.161499055199391,1988.92,2447.85,4703.89,0.0,4170.08,1170.06,6483.450000000001,0.0,0.0,1723.47,415.19,719.81,1.0,0.0834883674072482,0.10275275031566504,0.19745394312656153,0.0,0.1750463423152352,0.04911529833704967,0.2721540613330468,0.0,0.0,0.07234564315074013,0.017428320527630766,0.03021527348682266,7,0,0.0,0.28,0.0,0.08,0.24,0.2,0.2
557,37,Feminino,Solteiro,1,Vila Velha,ES,Veterinário,Superior,8358.19,0.0,7.91,862,6644.7,25446.19,Frequentemente,19.7,16.6,0,1,1,Saudável,24208.04,83982.06,46,712.0011764705882,2408.83,26.65,59774.02,8358.19,2.8963256398813617,4444.35,4805.030000000001,1290.24,0.0,0.0,1943.93,9619.73,0.0,0.0,505.71000000000004,810.6800000000001,788.37,1.0,0.18358983213841354,0.19848901439356514,0.05329799521150824,0.0,0.0,0.08030100743389386,0.3973774828528042,0.0,0.0,0.020890167068461554,0.03348804777255821,0.03256645312879523,14,0,0.08695652173913043,0.08695652173913043,0.17391304347826086,0.0,0.13043478260869565,0.2826086956521739,0.2391304347826087
558,18,Masculino,Divorciado,0,Maringá,PR,Desenvolvedor de Software,Superior,10358.88,0.0,3.12,750,20324.17,15407.62,Frequentemente,19.04,0.0,1,0,1,Saudável,42401.45,33789.38,45,1087.2166666666667,4979.1,45.13,-8612.07,10358.88,4.093246567196454,7342.36,2840.07,2773.37,4834.15,5616.63,1383.0600000000002,12260.69,940.18,278.31,2358.44,530.79,1243.4,1.0,0.17316294607849497,0.06698049241240571,0.06540743300052239,0.1140090728029348,0.13246315868914862,0.032618224140919715,0.28915732834608254,0.022173298318807495,0.00656369062850445,0.05562168274905693,0.012518203976514954,0.029324468856607503,12,0,0.06666666666666667,0.2222222222222222,0.17777777777777778,0.022222222222222223,0.08888888888888889,0.3333333333333333,0.08888888888888889
559,32,Masculino,União Estável,2,Cuiabá,MT,Desenvolvedor de Software,Médio,5235.71,0.0,73.42,425,46.71,4114.12,Nunca,1.01,3.3,0,1,0,Em risco,34022.020000000004,23338.32,33,1308.539230769231,4134.29,21.5,-10683.700000000004,5235.71,6.49807189473825,2684.52,4981.18,2072.87,0.0,0.0,1072.93,15817.08,0.0,0.0,6410.71,181.2,801.53,1.0,0.07890536775888085,0.1464104718062008,0.060927305315792525,0.0,0.0,0.031536340287848866,0.4649071395525603,0.0,0.0,0.18842825910983532,0.00532596242080864,0.02355915374807257,11,2,0.15151515151515152,0.24242424242424243,0.12121212121212122,0.030303030303030304,0.06060606060606061,0.21212121212121213,0.18181818181818182
560,18,Feminino,Casado,0,Campo Grande,MS,Analista Financeiro,Superior,9169.49,485.27,58.0,552,3005.18,6932.16,Às vezes,3.8,0.0,0,0,1,Em observação,42595.32,54165.03,51,1014.1742857142857,5736.6,44.7,11569.71,9169.49,4.645331419740902,2721.67,1716.87,1805.44,0.0,6148.780000000001,825.11,18022.440000000002,735.33,203.11,7647.76,790.1800000000001,1978.6299999999999,1.0,0.06389598669525197,0.04030654071855781,0.04238587713391988,0.0,0.1443534172298741,0.01937090741424175,0.4231084541682045,0.017263164122255686,0.004768364224050905,0.17954460724793242,0.018550864273352098,0.046451816772359024,12,0,0.0784313725490196,0.2549019607843137,0.13725490196078433,0.0,0.0196078431372549,0.37254901960784315,0.13725490196078433
561,27,Masculino,Solteiro,1,Porto Alegre,RS,Veterinário,Superior,6516.83,0.0,44.61,523,3177.85,9746.48,Às vezes,6.61,9.0,0,0,0,Em observação,40145.09,78740.95,54,1003.6272499999999,4811.04,33.1,38595.86,6516.83,6.160217467695182,2620.18,3633.98,1080.04,0.0,4877.2699999999995,1349.59,19180.6,289.13,439.76,5431.16,374.26,869.1200000000001,1.0,0.06526775752651195,0.09052115713279009,0.02690341458943049,0.0,0.12149107151086222,0.03361780979940511,0.4777819653661257,0.00720212608814677,0.010954266138150395,0.13528827560232148,0.009322684293396777,0.021649471952858997,18,3,0.05555555555555555,0.2222222222222222,0.12962962962962962,0.0,0.09259259259259259,0.24074074074074073,0.25925925925925924
562,58,Feminino,Divorciado,1,São Paulo,SP,Engenheiro de Produção,Fundamental,11132.6,0.0,17.06,781,9137.73,27470.34,Sempre,27.58,33.5,0,0,1,Saudável,18388.08,44091.369999999995,33,707.2338461538462,3548.8,47.73,25703.289999999994,11132.6,1.6517327488636977,3571.7799999999997,1221.07,2099.55,0.0,1490.93,2061.94,6062.75,946.06,170.37,290.97,71.44,401.22,1.0,0.19424431479523688,0.06640551922767357,0.11417994700914941,0.0,0.08108133094918012,0.1121346002410257,0.3297108779165633,0.051449634763390185,0.009265241395512745,0.015823838051607347,0.003885125581354877,0.021819570069305766,9,0,0.030303030303030304,0.24242424242424243,0.18181818181818182,0.030303030303030304,0.030303030303030304,0.30303030303030304,0.18181818181818182
563,51,Feminino,Casado,1,Joinville,SC,Cabeleireiro,Médio,4463.36,0.0,8.94,830,7241.91,14260.56,Frequentemente,25.52,17.4,1,0,0,Saudável,17421.760000000002,17713.81,21,1024.809411764706,3261.61,188.26,292.0499999999993,4463.36,3.9032836248924583,2036.11,3465.12,0.0,468.73,3261.61,565.64,6049.05,0.0,0.0,0.0,479.42,1096.08,1.0,0.116871659350146,0.19889609316165527,0.0,0.026904859210550483,0.18721472457432542,0.03246744301379424,0.3472123367558731,0.0,0.0,0.0,0.027518459673419905,0.06291442426023547,4,1,0.047619047619047616,0.14285714285714285,0.19047619047619047,0.0,0.047619047619047616,0.42857142857142855,0.14285714285714285
564,46,Feminino,Viúvo,3,Porto Alegre,RS,Autônomo,Superior,6745.13,0.0,18.63,839,13639.22,15451.24,Às vezes,25.99,14.7,0,0,0,Saudável,35437.8,60229.51,47,1012.5085714285715,5126.75,37.53,24791.71,6745.13,5.253834989095837,2345.73,3223.23,4023.22,1558.38,3797.88,3843.53,14212.8,0.0,129.73,775.06,650.5,877.74,1.0,0.0661928787904441,0.09095457392953286,0.11352905654414211,0.04397507745966172,0.10717030966933613,0.10845848218568872,0.40106327142204085,0.0,0.0036607802967452826,0.021870996506555145,0.018356105627324495,0.02476846756852852,13,0,0.0851063829787234,0.0851063829787234,0.1276595744680851,0.0425531914893617,0.10638297872340426,0.3617021276595745,0.19148936170212766
565,22,Feminino,Solteiro,0,Anápolis,GO,Aposentado,Médio,5524.34,0.0,39.71,561,2346.87,6470.09,Raramente,3.87,3.9,0,1,1,Em observação,51977.65,39746.9,58,1082.8677083333334,5572.65,19.38,-12230.75,5524.34,9.408843409348448,4461.11,5002.7,5412.51,4279.87,8764.43,2792.38,15294.15,1339.7,471.10999999999996,1610.19,746.98,1802.52,1.0,0.0858274662282731,0.09624713699061038,0.10413148728347665,0.08234058292362198,0.16861920460043883,0.05372270581682704,0.2942447378825322,0.02577453963386186,0.009063703341724759,0.030978507108343684,0.014371176842354358,0.03467875134793512,16,1,0.08620689655172414,0.22413793103448276,0.15517241379310345,0.1206896551724138,0.017241379310344827,0.2413793103448276,0.15517241379310345
566,31,Feminino,Casado,0,Salvador,BA,Designer Gráfico,Superior,5529.15,0.0,42.16,490,2927.79,7876.24,Raramente,8.9,1.5,0,0,1,Em observação,19757.89,41029.62,34,790.3156,4307.97,16.75,21271.730000000003,5529.15,3.5734045920258994,1420.15,1149.82,440.77,1236.94,1607.78,3328.63,5795.56,0.0,175.64,3786.2200000000003,0.0,816.38,1.0,0.07187761446186815,0.05819548544910413,0.022308556227410924,0.06260486317111798,0.08137407385100333,0.16847092477992337,0.2933288929131603,0.0,0.008889613212746908,0.19163078648580392,0.0,0.04131918944786108,11,0,0.058823529411764705,0.20588235294117646,0.20588235294117646,0.058823529411764705,0.08823529411764706,0.14705882352941177,0.23529411764705882
567,40,Feminino,União Estável,1,Duque de Caxias,RJ,Gerente Comercial,Pós-graduação,10116.49,0.0,33.93,480,2928.07,12778.29,Às vezes,6.16,22.0,0,1,0,Em observação,39418.18,75196.11,53,916.7018604651163,4891.01,25.65,35777.93,10116.49,3.8964285043527944,3075.4700000000003,3208.9,1983.82,8683.51,609.88,4656.34,14192.72,0.0,36.03,653.76,509.39,1808.3600000000001,1.0,0.0780216133773807,0.08140659969587637,0.05032753922174996,0.2202920073935428,0.015472048684135088,0.1181267120907155,0.36005518265937186,0.0,0.0009140452451127881,0.016585240617400396,0.012922717385734197,0.04587629362898034,13,2,0.11320754716981132,0.20754716981132076,0.09433962264150944,0.05660377358490566,0.09433962264150944,0.2641509433962264,0.16981132075471697
568,57,Feminino,União Estável,2,Fortaleza,CE,Cabeleireiro,Médio,4795.48,0.0,31.32,579,1143.64,4351.19,Nunca,10.02,17.7,0,0,0,Em observação,43940.23,32555.98,53,998.641590909091,4879.59,26.46,-11384.250000000004,4795.48,9.162842927089677,4824.65,5985.67,3322.26,0.0,8885.439999999999,3134.02,12532.85,0.0,76.78,3385.45,363.96,1429.15,1.0,0.10980029007585985,0.13622300110855132,0.07560861652294491,0.0,0.20221651092859547,0.07132461527852721,0.2852249521679791,0.0,0.0017473736482489963,0.07704670640094509,0.008283069979378804,0.03252486388896918,6,2,0.05660377358490566,0.1509433962264151,0.16981132075471697,0.05660377358490566,0.09433962264150944,0.32075471698113206,0.1509433962264151
569,24,Feminino,Divorciado,1,Guarulhos,SP,Cozinheiro,Médio,2272.33,158.41,55.0,382,291.95,1033.47,Nunca,1.02,1.6,1,0,0,Em risco,38218.98,33828.009999999995,56,830.8473913043479,5203.21,15.79,-4390.970000000008,2272.33,16.819291212103877,5422.1,11560.550000000001,2399.66,1299.93,0.0,2340.0,11968.87,0.0,0.0,962.9,737.55,1527.42,1.0,0.1418693015878498,0.30248190820372495,0.0627871282802419,0.03401268165712429,0.0,0.06122612377410386,0.3131656051522045,0.0,0.0,0.025194288282942137,0.019298003243414658,0.039964959818393896,11,5,0.07142857142857142,0.32142857142857145,0.10714285714285714,0.03571428571428571,0.08928571428571429,0.21428571428571427,0.16071428571428573
570,28,Feminino,Divorciado,0,Teresina,PI,Cabeleireiro,Médio,5847.81,0.0,17.55,700,6679.67,7122.7,Frequentemente,26.35,6.7,1,1,0,Saudável,26494.25,18141.33,30,1059.77,5899.9,69.11,-8352.919999999998,5847.81,4.530627705072497,685.41,2879.34,0.0,2225.12,701.42,936.26,16554.98,0.0,77.71,839.12,1160.39,434.5,1.0,0.0258701416345056,0.10867792068090247,0.0,0.08398501561659605,0.026474423695707558,0.03533823376770431,0.6248518074676581,0.0,0.002933089255215754,0.03167177783858762,0.04379780518414373,0.016399784858978837,7,0,0.1,0.26666666666666666,0.06666666666666667,0.03333333333333333,0.13333333333333333,0.3,0.1
571,18,Feminino,Solteiro,0,Recife,PE,Advogado,Pós-graduação,15532.56,952.79,46.62,570,5423.18,16529.3,Às vezes,10.12,0.0,1,1,1,Em observação,20618.62,37898.32,29,859.1091666666666,2789.76,17.17,17279.7,15532.56,1.3274450573504948,2446.92,2629.17,3177.8199999999997,2789.76,2472.27,17.17,1552.16,887.56,0.0,2613.32,377.48,1654.9899999999998,1.0,0.11867525566696512,0.12751435353093468,0.1541237968399437,0.13530294461996004,0.11990472689248845,0.0008327424434806986,0.0752795288918463,0.04304652784715951,0.0,0.12674563089091317,0.01830772379528795,0.08026676858102046,7,1,0.06896551724137931,0.2413793103448276,0.20689655172413793,0.10344827586206896,0.06896551724137931,0.1724137931034483,0.13793103448275862
572,62,Masculino,Casado,1,São Luís,MA,Farmacêutico,Superior,5404.34,0.0,65.61,416,647.04,4115.36,Nunca,2.28,15.8,1,1,0,Em risco,21957.62,53539.78,50,593.4491891891892,2552.09,39.55,31582.16,5404.34,4.062960509516425,4377.12,7495.94,1396.0,0.0,0.0,998.77,0.0,906.1299999999999,0.0,3616.79,1244.67,1922.2,1.0,0.19934400905016117,0.34138217165612667,0.06357701790995564,0.0,0.0,0.04548625943977535,0.0,0.04126722295039262,0.0,0.16471685000469086,0.056685105216321266,0.08754136377257644,7,4,0.1,0.3,0.14,0.02,0.0,0.2,0.24
573,39,Feminino,Solteiro,0,Juazeiro do Norte,CE,Motorista,Pós-graduação,3253.38,0.0,34.68,532,1421.3,4267.62,Às vezes,5.85,9.0,0,0,0,Em observação,8906.01,15492.07,20,593.734,2758.8,43.12,6586.0599999999995,3253.38,2.737463806871623,1975.92,1902.96,0.0,0.0,0.0,1280.43,2758.8,0.0,0.0,0.0,193.3,794.6,1.0,0.22186366285238845,0.21367144209359748,0.0,0.0,0.0,0.14377145320968648,0.3097683474417837,0.0,0.0,0.0,0.021704444526785844,0.08922064987575806,5,0,0.0,0.3,0.05,0.1,0.0,0.35,0.2
574,28,Feminino,Casado,1,Blumenau,SC,Aposentado,Médio,4433.48,0.0,35.56,593,698.95,6402.48,Raramente,10.99,1.3,0,0,1,Em observação,27076.85,26732.25,36,933.6844827586207,4201.36,18.23,-344.59999999999854,4433.48,6.107358102438717,3518.6800000000003,9188.46,0.0,4201.36,571.11,2504.02,4666.56,0.0,0.0,1075.18,796.97,554.51,1.0,0.12995160072164968,0.3393474499434018,0.0,0.15516428240360308,0.021092187606756328,0.092478260949852,0.17234501059022747,0.0,0.0,0.039708459440444516,0.02943363057371888,0.020479117770346257,7,0,0.08333333333333333,0.25,0.1388888888888889,0.027777777777777776,0.0,0.3055555555555556,0.19444444444444445
575,47,Feminino,União Estável,1,Curitiba,PR,Advogado,Pós-graduação,10355.06,0.0,80.54,373,399.36,8120.09,Às vezes,1.45,9.9,0,0,1,Em risco,14751.73,38801.0,27,670.5331818181818,3838.65,58.07,24049.27,10355.06,1.4245914557713815,3202.3,2673.2,1870.23,0.0,0.0,430.84,3838.65,361.33,0.0,710.05,634.24,1030.89,1.0,0.2170796238814024,0.1812126442118992,0.1267803844023718,0.0,0.0,0.029206066000394527,0.26021693726769674,0.024494076288001473,0.0,0.04813333758142265,0.04299427931503627,0.06988265105177495,4,3,0.0,0.4444444444444444,0.1111111111111111,0.037037037037037035,0.0,0.25925925925925924,0.14814814814814814
576,37,Masculino,Casado,0,Maceió,AL,Pedreiro,Fundamental,1601.28,0.0,78.12,404,-24.21,1110.87,Raramente,0.88,3.7,1,0,0,Em risco,55591.93,21542.75,54,1208.5202173913044,5964.95,28.34,-34049.18,1601.28,34.7171825039968,3150.28,5926.77,1837.99,312.03,0.0,641.46,37422.409999999996,0.0,0.0,2976.49,1533.3799999999999,1791.1200000000001,1.0,0.05666793723477491,0.10661205682191642,0.03306217287293318,0.0056128650327484575,0.0,0.011538725135105041,0.6731626334973438,0.0,0.0,0.05354176406539582,0.02758278045032795,0.03221906488945428,12,2,0.18518518518518517,0.2962962962962963,0.037037037037037035,0.037037037037037035,0.09259259259259259,0.2037037037037037,0.14814814814814814
577,28,Feminino,Solteiro,0,Rio de Janeiro,RJ,Farmacêutico,Superior,8289.16,0.0,13.48,813,8762.04,20702.13,Sempre,24.8,9.6,0,0,0,Saudável,12517.87,25216.7,21,736.3452941176471,4382.31,18.38,12698.83,8289.16,1.5101493999391977,1860.38,1278.08,0.0,0.0,4494.92,1816.9299999999998,0.0,937.67,0.0,1044.32,0.0,1085.5700000000002,1.0,0.14861793579898178,0.10210043721495748,0.0,0.0,0.35908025886193096,0.14514689799462685,0.0,0.07490651364808869,0.0,0.08342633371332342,0.0,0.08672162276809074,4,0,0.047619047619047616,0.19047619047619047,0.047619047619047616,0.09523809523809523,0.14285714285714285,0.2857142857142857,0.19047619047619047
578,33,Feminino,Casado,3,Belém,PA,Advogado,Médio,12431.52,241.38,64.01,374,282.02,7214.5,Às vezes,0.0,7.6,0,0,1,Em risco,36210.4,59268.9,42,1065.0117647058823,5379.55,18.38,23058.5,12431.52,2.9127894255891476,2795.9,8566.77,1729.37,0.0,0.0,1075.85,15898.46,0.0,0.0,3872.3199999999997,1159.54,1112.19,1.0,0.07721262399752557,0.23658313633652212,0.04775893113580628,0.0,0.0,0.029711077480502834,0.4390578397366502,0.0,0.0,0.1069394428120098,0.03202229193822769,0.030714656562755453,11,1,0.023809523809523808,0.23809523809523808,0.21428571428571427,0.047619047619047616,0.11904761904761904,0.16666666666666666,0.19047619047619047
579,69,Masculino,Solteiro,1,Juiz de Fora,MG,Analista de TI,Superior,7888.12,0.0,50.7,585,4064.76,10458.8,Raramente,7.65,31.3,0,1,0,Em observação,16444.55,22606.67,24,865.5026315789473,2876.54,28.28,6162.119999999999,7888.12,2.084723609681394,3129.61,1390.79,3832.85,0.0,0.0,28.28,4157.11,613.6,0.0,2509.9,377.12,405.28999999999996,1.0,0.1903129000185472,0.08457452469055098,0.23307722011243848,0.0,0.0,0.001719718690994889,0.25279560705522497,0.037313274002633096,0.0,0.15262807434682008,0.022932825769023783,0.024645855313766566,5,1,0.041666666666666664,0.2916666666666667,0.16666666666666666,0.0,0.041666666666666664,0.25,0.20833333333333334
580,40,Feminino,União Estável,1,Santos,SP,Eletricista,Médio,5358.58,0.0,20.15,1000,8761.87,6944.37,Sempre,10.0,13.5,0,1,1,Saudável,30958.27,33052.520000000004,37,1031.9423333333334,5565.03,13.94,2094.2500000000036,5358.58,5.777327202355848,768.9300000000001,3813.3199999999997,3384.65,3403.27,4117.13,1267.97,9661.06,0.0,39.65,3915.25,0.0,587.0400000000001,1.0,0.024837628200800627,0.12317613355009824,0.10932942958375905,0.10993088438081326,0.13298966641223817,0.04095739199897152,0.31206717946448553,0.0,0.001280756321331909,0.12646863019154495,0.0,0.01896229989595672,9,0,0.08108108108108109,0.13513513513513514,0.16216216216216217,0.02702702702702703,0.13513513513513514,0.2972972972972973,0.16216216216216217
581,47,Feminino,União Estável,0,Joinville,SC,Recepcionista,Médio,2239.82,97.65,30.85,607,455.83,1822.78,Às vezes,8.83,7.4,0,0,0,Em observação,34814.76,32881.22,52,870.369,4704.62,38.09,-1933.5400000000009,2239.82,15.543552606905912,1976.2400000000002,8228.22,2146.3,6782.35,7905.96,2063.65,2690.56,1214.3600000000001,195.56,723.25,427.72,460.59000000000003,1.0,0.05676442979931501,0.23634286147599462,0.061649139617794294,0.1948124875771081,0.22708644264673947,0.059275146518315794,0.07728216423149262,0.03488060810989362,0.005617157780205866,0.020774234836029314,0.01228559381136047,0.013229733595750769,15,3,0.11538461538461539,0.17307692307692307,0.057692307692307696,0.019230769230769232,0.09615384615384616,0.3269230769230769,0.21153846153846154
582,33,Feminino,Divorciado,0,Teresina,PI,Empresário,Superior,15111.71,0.0,55.0,411,2302.55,12504.97,Nunca,0.66,2.3,0,0,1,Em risco,34043.799999999996,102235.63,50,872.9179487179487,5487.94,68.23,68191.83000000002,15111.71,2.2528092452806465,7614.2699999999995,68.59,0.0,0.0,0.0,7451.22,12276.51,1443.49,0.0,3198.66,471.03,1520.03,1.0,0.2236609896662535,0.002014757459508046,0.0,0.0,0.0,0.2188715713287001,0.36060927393534215,0.042400965814627045,0.0,0.09395719631768487,0.013835999506518076,0.044649245971366304,10,4,0.12,0.32,0.1,0.04,0.06,0.18,0.18
583,59,Masculino,Casado,0,Feira de Santana,BA,Técnico em Informática,Fundamental,4310.04,0.0,51.24,606,2237.51,6765.75,Nunca,5.61,6.8,1,1,1,Em observação,20402.42,39962.81,28,971.5438095238094,4937.66,15.44,19560.39,4310.04,4.733696206995758,1568.6399999999999,0.0,0.0,0.0,3910.2999999999997,1956.5,7461.049999999999,0.0,741.13,4608.32,0.0,156.48,1.0,0.07688499697584894,0.0,0.0,0.0,0.19165863657350451,0.09589548690792564,0.36569436370783465,0.0,0.03632559274831123,0.22587124468567946,0.0,0.00766967840089558,6,0,0.07142857142857142,0.14285714285714285,0.14285714285714285,0.0,0.03571428571428571,0.35714285714285715,0.25
584,24,Masculino,Viúvo,2,Vitória,ES,Gerente Comercial,Médio,13671.6,2211.25,17.13,713,27272.13,26363.02,Sempre,18.93,4.3,0,1,1,Saudável,34831.87,55571.55,43,967.5519444444445,4880.22,30.99,20739.68,13671.6,2.5477537376751807,3114.65,1008.22,3841.33,9095.34,4880.22,4136.74,4164.35,931.58,778.67,1179.37,0.0,1701.4,1.0,0.08941954595030355,0.02894533081341886,0.1102820491693383,0.2611212088239879,0.14010789544173194,0.11876307531005369,0.11955574018851127,0.026745046992883242,0.022355101807626173,0.033858934360974584,0.0,0.04884607114117043,5,0,0.13953488372093023,0.09302325581395349,0.23255813953488372,0.023255813953488372,0.046511627906976744,0.3488372093023256,0.11627906976744186
585,37,Feminino,Solteiro,0,Duque de Caxias,RJ,Funcionário Público,Superior,11373.83,566.06,53.84,480,4763.2,16661.19,Frequentemente,10.29,0.3,1,1,1,Em observação,36268.19,56219.43,39,1208.9396666666667,5975.22,39.31,19951.239999999998,11373.83,3.1887402924080983,1189.53,1905.04,590.18,0.0,0.0,1373.88,26792.02,0.0,433.93,0.0,316.67,3666.94,1.0,0.032798162797757484,0.05252647016572925,0.01627266207660211,0.0,0.0,0.037881129441529895,0.7387195225347611,0.0,0.01196447906553925,0.0,0.00873134281032497,0.10110623110775585,9,1,0.0,0.23076923076923078,0.20512820512820512,0.05128205128205128,0.07692307692307693,0.28205128205128205,0.15384615384615385
586,61,Feminino,Casado,0,João Pessoa,PB,Motorista,Superior,4347.2,0.0,17.3,943,3066.1,8762.74,Sempre,14.17,27.8,0,0,0,Saudável,36120.07,34107.95,46,976.2181081081081,5437.02,41.42,-2012.1200000000026,4347.2,8.308812569009937,3393.23,4527.4,0.0,1123.39,9122.13,1687.72,10869.69,0.0,0.0,3343.46,1199.93,853.12,1.0,0.09394306267955738,0.12534305719784042,0.0,0.031101545484269553,0.2525501750135036,0.04672526935855883,0.30093214105066796,0.0,0.0,0.09256515837317038,0.03322058899664369,0.023619001845788228,7,0,0.043478260869565216,0.15217391304347827,0.13043478260869565,0.043478260869565216,0.06521739130434782,0.41304347826086957,0.15217391304347827
587,34,Masculino,Casado,2,Niterói,RJ,Designer Gráfico,Pós-graduação,6944.32,0.0,0.0,775,4255.26,12513.08,Sempre,16.21,3.4,0,0,0,Saudável,22660.14,28278.64,31,906.4055999999999,3126.51,10.8,5618.5,6944.32,3.2631186350859407,2438.5299999999997,3104.7,4113.08,3500.07,0.0,1854.9299999999998,4880.530000000001,0.0,302.64,1831.09,360.75,273.82,1.0,0.10761319215150479,0.13701151007893156,0.18151167645036614,0.1544593281418385,0.0,0.08185871755426047,0.21537951663140656,0.0,0.013355610336034994,0.08080664991478428,0.015920025207258208,0.012083773533614532,6,0,0.12903225806451613,0.12903225806451613,0.22580645161290322,0.06451612903225806,0.0,0.2903225806451613,0.16129032258064516
588,40,Masculino,Solteiro,0,Caxias do Sul,RS,Enfermeiro,Superior,4692.3,0.0,15.36,746,10936.04,8811.54,Sempre,27.73,4.0,1,1,0,Saudável,45559.26,35854.01,51,1138.9815,5285.2,18.84,-9705.25,4692.3,9.709366408797392,3893.38,2804.48,0.0,0.0,1902.2,1894.66,29893.9,537.33,0.0,3314.17,384.54,934.5999999999999,1.0,0.08545748987143338,0.06155675048277781,0.0,0.0,0.04175221458820885,0.04158671585095983,0.6561542044361564,0.011794089719631091,0.0,0.0727441578287268,0.008440435599700258,0.020513941622405628,18,0,0.0784313725490196,0.1568627450980392,0.1568627450980392,0.0196078431372549,0.13725490196078433,0.2549019607843137,0.19607843137254902
589,52,Feminino,Solteiro,2,Guarulhos,SP,Professor,Superior,4779.71,1590.22,7.08,750,11031.86,11432.37,Frequentemente,11.34,4.1,0,0,0,Saudável,39809.69,32531.649999999998,37,1326.9896666666668,5446.43,28.81,-7278.0400000000045,4779.71,8.32889233865653,2928.74,5405.79,1040.67,0.0,5962.4,1418.75,21582.22,0.0,0.0,420.06,149.52,901.54,1.0,0.07356852062902272,0.13579080872018848,0.026141122927608833,0.0,0.14977258049484934,0.03563830816065134,0.5421348420447384,0.0,0.0,0.010551702361912389,0.0037558694880568022,0.022646245172971705,11,0,0.08108108108108109,0.2972972972972973,0.10810810810810811,0.02702702702702703,0.08108108108108109,0.2702702702702703,0.13513513513513514
590,49,Masculino,Solteiro,1,Joinville,SC,Desenvolvedor de Software,Superior,12799.82,0.0,13.31,865,21935.16,16015.96,Sempre,15.6,16.8,0,1,1,Saudável,22601.23,49237.91,31,941.7179166666666,5994.8,51.97,26636.680000000004,12799.82,1.765745924552064,4761.86,2747.77,897.56,0.0,3565.22,2259.63,5994.8,753.37,428.25,0.0,377.06,815.71,1.0,0.210690303138369,0.12157612660903853,0.03971288288292274,0.0,0.15774451213495902,0.09997818702787416,0.2652422014200112,0.03333314160335522,0.018948083798979082,0.0,0.01668316281901472,0.03609139856547631,5,1,0.06451612903225806,0.12903225806451613,0.25806451612903225,0.03225806451612903,0.06451612903225806,0.25806451612903225,0.1935483870967742
591,22,Masculino,União Estável,0,Niterói,RJ,Estudante,Superior,2066.82,0.0,6.8,798,5126.0,4428.65,Sempre,32.0,0.6,0,0,0,Saudável,69835.35,23493.510000000002,55,1485.858510638298,5047.07,68.48,-46341.840000000004,2066.82,33.7887914767614,3171.4,2214.02,2033.27,4224.76,14938.39,2259.47,34420.25,373.43,0.0,2494.03,1472.37,2233.96,1.0,0.04541253104623948,0.03170342813489157,0.029115197389287802,0.06049600954244519,0.21390871528531036,0.03235424466262429,0.49287717466870284,0.005347291880115157,0.0,0.03571300208275608,0.02108344842547506,0.031988956882152086,15,0,0.10909090909090909,0.12727272727272726,0.2909090909090909,0.01818181818181818,0.09090909090909091,0.21818181818181817,0.14545454545454545
592,38,Feminino,Casado,2,Duque de Caxias,RJ,Motoboy,Fundamental,2475.74,228.72,33.94,546,1356.05,2888.5,Frequentemente,7.23,2.3,1,0,1,Em observação,44171.05,20046.92,53,1027.2337209302327,4869.23,29.93,-24124.130000000005,2475.74,17.84155444432776,9435.69,1666.8899999999999,3325.34,3548.3,1581.98,4498.44,18171.7,582.27,106.4,286.71,647.8299999999999,319.5,1.0,0.2136170636650023,0.03773716042521062,0.07528324547412842,0.080330895462073,0.035814860638359286,0.10184136442307799,0.4113938880782775,0.013182163430572737,0.0024088175399950874,0.0064909029783081894,0.014666393486231364,0.007233244398763443,11,1,0.11320754716981132,0.2641509433962264,0.1320754716981132,0.03773584905660377,0.07547169811320754,0.20754716981132076,0.16981132075471697
593,39,Feminino,Solteiro,1,Porto Alegre,RS,Motoboy,Pós-graduação,3429.68,460.49,23.44,806,5451.12,7845.48,Às vezes,23.34,8.2,0,1,0,Saudável,43857.13,50914.68,59,974.6028888888889,5791.98,17.61,7057.550000000003,3429.68,12.787528282521984,4683.59,3706.8399999999997,3957.5,5987.73,7631.3099999999995,2671.85,9900.72,1203.88,0.0,885.57,461.93,2766.21,1.0,0.10679198570449093,0.08452080653704426,0.09023618280539561,0.13652808562712607,0.17400386208582275,0.060921679097560646,0.2257493821415127,0.027450040620533085,0.0,0.02019215575665804,0.010532608950927707,0.06307321067292822,12,0,0.06779661016949153,0.1864406779661017,0.13559322033898305,0.01694915254237288,0.06779661016949153,0.3050847457627119,0.22033898305084745
594,42,Masculino,Solteiro,0,Rio de Janeiro,RJ,Recepcionista,Fundamental,3391.21,250.84,29.54,790,6602.21,5106.4,Às vezes,26.29,3.2,1,1,0,Saudável,60697.5,37185.479999999996,53,1445.1785714285713,5617.31,25.98,-23512.020000000004,3391.21,17.8984787140873,2990.31,3245.77,7394.93,6604.73,6581.09,1701.25,29921.43,0.0,0.0,64.14,276.64,1917.21,1.0,0.049265785246509326,0.05347452530993863,0.12183253017010585,0.1088138720705136,0.10842439968697229,0.028028337246179827,0.49295984183862596,0.0,0.0,0.001056715680217472,0.004557683594876231,0.031586309156060796,13,1,0.1509433962264151,0.18867924528301888,0.11320754716981132,0.0,0.05660377358490566,0.33962264150943394,0.1509433962264151
595,54,Masculino,Casado,1,Fortaleza,CE,Analista de TI,Médio,6132.14,0.0,79.97,463,45.99,944.38,Raramente,0.57,22.8,1,1,1,Em risco,34457.04,33415.68,36,1188.1737931034484,5045.81,41.89,-1041.3600000000006,6132.14,5.6190889314333985,2582.91,12552.77,3608.7,0.0,0.0,436.99,12518.060000000001,890.69,275.75,277.21,263.29999999999995,1050.66,1.0,0.07496029838895041,0.36430204103428504,0.10473041213058347,0.0,0.0,0.012682168868829127,0.3632946997188383,0.02584928943403148,0.008002718747750822,0.008045090350186782,0.0076413992612249905,0.0304918820653196,9,3,0.05555555555555555,0.3888888888888889,0.19444444444444445,0.0,0.05555555555555555,0.1111111111111111,0.19444444444444445
596,67,Feminino,Casado,1,Manaus,AM,Cabeleireiro,Médio,3414.61,79.55,39.02,542,1908.63,3285.95,Às vezes,8.08,30.2,0,1,1,Em observação,8440.12,23752.46,21,527.5075,2026.23,17.47,15312.339999999998,3414.61,2.47176690749456,1783.3,579.08,0.0,0.0,0.0,2015.51,2026.23,0.0,121.33,1507.74,188.05,218.88,1.0,0.21128846509291335,0.06861039890428099,0.0,0.0,0.0,0.23880110709326405,0.24007123121472204,0.0,0.014375388027658373,0.17863964019468917,0.02228048890300138,0.025933280569470574,4,1,0.0,0.3333333333333333,0.09523809523809523,0.0,0.09523809523809523,0.23809523809523808,0.23809523809523808
597,33,Feminino,União Estável,0,Pelotas,RS,Cozinheiro,Pós-graduação,2209.84,0.0,53.19,592,1025.19,1861.01,Raramente,5.42,10.9,1,1,0,Em observação,28655.22,11659.869999999999,39,868.34,4362.92,9.58,-16995.350000000002,2209.84,12.967101690620135,2452.9,1087.42,4174.7,6408.47,2208.04,1796.86,5166.04,453.28,516.7,2548.14,0.0,1842.67,1.0,0.08560045953232953,0.03794840870180023,0.14568724302238822,0.22364057927316558,0.07705541957102405,0.06270620152279409,0.18028268496978908,0.015818409350896623,0.01803161867192086,0.08892411225598686,0.0,0.06430486312790479,8,1,0.1282051282051282,0.2564102564102564,0.10256410256410256,0.0,0.02564102564102564,0.38461538461538464,0.10256410256410256
598,44,Feminino,Solteiro,3,Maceió,AL,Contador,Superior,10394.04,0.0,7.69,975,18974.79,30204.17,Frequentemente,15.38,13.1,0,1,0,Saudável,31613.16,42144.39,34,1129.0414285714285,4612.51,15.21,10531.23,10394.04,3.041469919299906,2079.15,2126.5,0.0,3047.36,8132.9800000000005,898.77,11058.42,0.0,0.0,2750.99,524.04,994.95,1.0,0.06576849641098834,0.06726629036768232,0.0,0.09639529866675778,0.25726564506680133,0.028430248668592447,0.34980432199754785,0.0,0.0,0.0870204054260947,0.016576640867284383,0.03147265252825089,10,0,0.11764705882352941,0.058823529411764705,0.20588235294117646,0.08823529411764706,0.029411764705882353,0.35294117647058826,0.14705882352941177
599,34,Masculino,Casado,0,Niterói,RJ,Funcionário Público,Superior,11710.65,3911.0,10.27,900,26095.18,24548.54,Sempre,12.95,7.8,0,1,1,Saudável,29601.83,71234.63,41,954.897741935484,4463.08,28.64,41632.8,11710.65,2.5277700213053933,3818.21,1351.0,2939.88,1644.16,3294.82,1405.05,9814.470000000001,0.0,198.66,3317.12,1052.87,765.59,1.0,0.12898560663310343,0.045639070287208594,0.09931413024127224,0.05554251206766608,0.11130460515447863,0.04746497091564947,0.3315494346126574,0.0,0.006711071579020621,0.11205793695862722,0.03556773348134219,0.025862928068974115,12,1,0.07317073170731707,0.1951219512195122,0.1951219512195122,0.024390243902439025,0.07317073170731707,0.2682926829268293,0.17073170731707318
600,49,Feminino,Solteiro,0,Vitória,ES,Vendedor,Superior,3436.04,0.0,13.65,933,6707.89,9959.15,Frequentemente,27.64,11.5,0,0,0,Saudável,55280.97,47669.09,59,1228.4660000000001,5963.42,15.62,-7611.880000000005,3436.04,16.088569981723147,2797.9300000000003,5091.360000000001,388.15,6323.79,16299.91,1078.53,17683.66,0.0,621.5899999999999,3479.5699999999997,1298.62,217.86,1.0,0.05061289626430217,0.09209968638394009,0.007021403567990937,0.11439361501797092,0.2948557161714058,0.019509968801198676,0.3198869339666073,0.0,0.011244194882976908,0.06294336007490461,0.023491266524447742,0.0039409583442548135,17,0,0.06779661016949153,0.1694915254237288,0.13559322033898305,0.01694915254237288,0.0847457627118644,0.288135593220339,0.23728813559322035
601,43,Masculino,Solteiro,1,Palmas,TO,Eletricista,Médio,4804.09,0.0,0.77,908,10027.69,9194.87,Frequentemente,21.96,25.0,0,1,0,Saudável,15641.63,24668.63,31,625.6651999999999,2961.42,31.66,9027.000000000002,4804.09,3.2558986197177817,1578.07,4298.48,0.0,0.0,793.49,1657.58,4267.4400000000005,0.0,483.21,1457.46,35.57,1070.33,1.0,0.10088910171126667,0.2748102339717791,0.0,0.0,0.050729367719348946,0.105972331528108,0.27282578605938135,0.0,0.030892560430083055,0.09317826850526448,0.002274059672809036,0.06842829040195939,7,0,0.06451612903225806,0.0967741935483871,0.1935483870967742,0.06451612903225806,0.03225806451612903,0.3548387096774194,0.1935483870967742
602,40,Masculino,Casado,4,Campinas,SP,Pedreiro,Fundamental,3758.63,0.0,15.89,700,6939.28,5633.32,Frequentemente,13.14,0.4,0,1,1,Saudável,38531.32,47806.28,53,987.9825641025641,4263.74,16.34,9274.96,3758.63,10.251426716649418,5161.68,3798.38,5434.349999999999,3752.85,7472.53,3464.85,4263.74,0.0,0.0,3711.45,1010.85,460.64,1.0,0.13396063254516066,0.09857902610136378,0.14103721336305114,0.09739738996743429,0.19393392180698715,0.08992295099155699,0.11065647374655214,0.0,0.0,0.09632293936465192,0.026234502217935954,0.011954949895305949,12,0,0.03773584905660377,0.1509433962264151,0.1320754716981132,0.03773584905660377,0.018867924528301886,0.39622641509433965,0.22641509433962265
603,57,Masculino,União Estável,1,Blumenau,SC,Vendedor,Médio,3901.17,0.0,7.89,986,10273.72,10239.74,Frequentemente,23.98,1.4,0,1,0,Saudável,28041.79,11187.45,34,966.958275862069,4930.5,17.15,-16854.34,3901.17,7.188046150257487,3463.07,734.44,1094.53,9999.78,8838.93,1111.29,0.0,831.76,58.54,0.0,536.55,1372.8999999999999,1.0,0.12349675252542723,0.026190910066725415,0.03903210173102359,0.3566027703652299,0.3152056270302288,0.03962978112310234,0.0,0.029661444579679112,0.0020875985448860434,0.0,0.019133942590683403,0.04895907144301415,6,0,0.11764705882352941,0.20588235294117646,0.2647058823529412,0.0,0.08823529411764706,0.20588235294117646,0.11764705882352941
604,42,Masculino,União Estável,0,Vitória,ES,Engenheiro Civil,Superior,16135.56,0.0,5.83,916,12839.81,47156.15,Sempre,24.93,2.3,1,1,1,Saudável,22249.14,73033.87,39,717.7141935483871,2955.73,17.85,50784.729999999996,16135.56,1.3788886161992517,2156.69,1786.9199999999998,1370.22,3258.27,2900.96,3904.77,3953.39,0.0,305.76,1207.98,1384.74,19.44,1.0,0.096933634288786,0.08031411551188046,0.0615853017240217,0.14644476146044297,0.1303852643293179,0.1755020643494535,0.17768731735249094,0.0,0.013742553644770089,0.05429333448393961,0.06223791121814147,0.0008737416367553982,10,0,0.07692307692307693,0.20512820512820512,0.1794871794871795,0.05128205128205128,0.02564102564102564,0.28205128205128205,0.1794871794871795
605,75,Feminino,União Estável,1,Niterói,RJ,Jornalista,Superior,5587.84,0.0,18.35,856,8371.08,9765.78,Às vezes,10.0,34.9,0,1,1,Saudável,39435.74,39810.46,41,1159.8747058823528,3703.36,11.07,374.72000000000116,5587.84,7.057421114419883,1779.06,2637.7299999999996,2191.97,8697.62,11864.75,1459.7,6325.99,0.0,0.0,2430.8,372.63,1675.49,1.0,0.04511288491099698,0.06688678848171734,0.05558333633399551,0.22055171273570628,0.3008628721053542,0.037014647119592535,0.16041261048987543,0.0,0.0,0.06163951785867339,0.009449042924007512,0.0424865870400809,7,0,0.14634146341463414,0.1951219512195122,0.12195121951219512,0.0,0.07317073170731707,0.2926829268292683,0.17073170731707318
606,55,Feminino,União Estável,1,Rio de Janeiro,RJ,Professor,Superior,4718.53,0.0,47.16,615,2533.87,2566.95,Raramente,6.41,11.0,1,0,0,Em observação,29693.8,33150.25,43,848.3942857142857,5973.3,22.5,3456.4500000000007,4718.53,6.29301922420754,3054.47,4229.41,0.0,772.98,75.08,551.0699999999999,15114.43,169.72,0.0,3814.2599999999998,378.31,1534.0700000000002,1.0,0.10286558136715408,0.14243411082448187,0.0,0.02603169685254161,0.002528473957526487,0.018558419602745353,0.5090096249048623,0.005715671284914696,0.0,0.1284530777468697,0.012740370043578121,0.05166297341532577,9,1,0.09302325581395349,0.2558139534883721,0.20930232558139536,0.023255813953488372,0.09302325581395349,0.16279069767441862,0.16279069767441862
607,45,Masculino,Solteiro,2,Juiz de Fora,MG,Analista Financeiro,Superior,8973.87,2573.71,9.37,700,18331.01,22284.27,Frequentemente,21.72,12.1,1,0,0,Saudável,44000.7,54122.75,48,1128.2230769230769,5003.98,15.46,10122.050000000003,8973.87,4.9032022973366,3408.91,1206.62,1854.0700000000002,3855.06,11571.54,1410.43,16383.369999999999,356.01,0.0,2360.95,933.01,660.73,1.0,0.07747399473190199,0.02742274554722993,0.04213728417956988,0.08761360614717494,0.2629853615965201,0.032054717311315505,0.37234339453690507,0.008091007643060224,0.0,0.053657100909758254,0.02120443538398253,0.01501635201258162,12,0,0.08333333333333333,0.20833333333333334,0.16666666666666666,0.041666666666666664,0.10416666666666667,0.25,0.14583333333333334
608,38,Masculino,Casado,2,Niterói,RJ,Analista de TI,Pós-graduação,7171.61,0.0,47.02,676,788.78,9285.14,Frequentemente,1.87,9.4,1,0,0,Em observação,15841.47,40406.32,29,720.0668181818181,1767.64,26.86,24564.85,7171.61,2.2089140374337144,573.98,6147.92,3022.63,0.0,0.0,1520.39,0.0,1145.69,114.2,1875.13,495.06,946.47,1.0,0.03623274860224462,0.38809024667534014,0.19080489373776552,0.0,0.0,0.09597531037208037,0.0,0.0723222024218712,0.007208926949329829,0.11836843424252927,0.0312508877017095,0.059746349297129624,5,2,0.034482758620689655,0.2413793103448276,0.1724137931034483,0.034482758620689655,0.034482758620689655,0.2413793103448276,0.2413793103448276
609,26,Masculino,Casado,0,Feira de Santana,BA,Médico,Pós-graduação,19529.09,2675.44,29.31,630,2170.07,24173.81,Às vezes,3.87,7.8,1,0,1,Em observação,13856.550000000001,71290.72,26,692.8275000000001,2569.19,29.7,57434.17,19529.09,0.7095338287651909,2530.15,2369.46,0.0,2569.19,0.0,0.0,3362.54,0.0,0.0,1838.41,129.25,1057.55,1.0,0.1825959564249398,0.17099927471123763,0.0,0.18541339655253292,0.0,0.0,0.24266790795688678,0.0,0.0,0.1326744391641498,0.009327718660128242,0.07632130653012473,8,0,0.11538461538461539,0.19230769230769232,0.15384615384615385,0.0,0.11538461538461539,0.19230769230769232,0.23076923076923078
610,18,Feminino,Divorciado,0,Vila Velha,ES,Técnico em Informática,Médio,5086.1,0.0,51.87,621,2388.73,3954.01,Raramente,2.93,0.0,0,0,0,Em observação,36189.47,31297.11,56,786.7276086956522,5075.96,24.77,-4892.360000000001,5086.1,7.115367373822772,2530.4700000000003,2462.06,2411.28,1543.61,1262.97,4899.9400000000005,16936.629999999997,0.0,0.0,1528.88,791.34,1822.29,1.0,0.06992282561750697,0.0680324967456003,0.06662932615481797,0.04265356746036899,0.03489882554234699,0.13539684333592064,0.4679988405467114,0.0,0.0,0.04224654298612276,0.021866581632723554,0.050354149977880305,10,0,0.08928571428571429,0.17857142857142858,0.16071428571428573,0.05357142857142857,0.03571428571428571,0.3392857142857143,0.14285714285714285
611,27,Masculino,Casado,3,Campinas,SP,Professor,Superior,6606.46,2194.14,11.79,1000,18163.38,16412.15,Às vezes,26.97,9.0,0,0,0,Saudável,13843.22,33866.0,23,769.0677777777778,3455.72,22.69,20022.78,6606.46,2.095406617159568,2092.05,234.26,0.0,1366.72,3455.72,1156.55,0.0,0.0,0.0,5240.14,119.15,178.63,1.0,0.15112452160696718,0.01692236343856415,0.0,0.09872847502242976,0.24963267216731366,0.08354631364668047,0.0,0.0,0.0,0.37853476286586507,0.00860710152695688,0.01290378972522289,4,0,0.08695652173913043,0.13043478260869565,0.21739130434782608,0.0,0.0,0.391304347826087,0.17391304347826086
612,41,Feminino,Casado,1,Cuiabá,MT,Gerente Comercial,Superior,5997.47,0.0,67.21,428,-107.61,2012.91,Raramente,0.0,9.0,1,0,0,Em risco,22417.27,24719.11,31,862.2026923076924,3673.4,18.72,2301.84,5997.47,3.737787767175159,2669.04,6807.8099999999995,0.0,0.0,0.0,3742.04,6580.320000000001,0.0,0.0,1782.55,347.49,488.02,1.0,0.11906177692466567,0.3036859528390388,0.0,0.0,0.0,0.1669266596690855,0.2935379731787145,0.0,0.0,0.0795168189525308,0.015500995437892304,0.021769822998072466,6,2,0.0967741935483871,0.41935483870967744,0.12903225806451613,0.0,0.0967741935483871,0.12903225806451613,0.12903225806451613
613,55,Masculino,União Estável,2,Recife,PE,Empresário,Superior,15150.38,351.87,45.33,529,7434.49,18593.21,Nunca,5.02,8.7,0,1,1,Em observação,16445.66,42735.25,22,967.3917647058823,2760.84,41.67,26289.59,15150.38,1.085494885276805,3410.02,1451.92,2908.46,0.0,0.0,2457.0699999999997,4368.01,0.0,0.0,1312.93,117.25,420.0,1.0,0.207350753937513,0.08828590643367308,0.17685273804760648,0.0,0.0,0.14940537503511564,0.26560259667292163,0.0,0.0,0.07983443656259463,0.0071295405596370105,0.025538652750938546,7,1,0.0,0.36363636363636365,0.09090909090909091,0.0,0.09090909090909091,0.22727272727272727,0.22727272727272727
614,18,Feminino,Casado,0,Teresina,PI,Motoboy,Médio,3883.37,0.0,0.0,700,8332.86,11982.31,Frequentemente,10.0,0.0,0,0,1,Saudável,34231.36,36035.6,43,1037.3139393939393,4992.99,14.69,1804.239999999998,3883.37,8.814859258839617,7008.69,1667.6,0.0,578.12,11471.38,2009.26,8689.1,642.99,109.36,1278.57,498.06,278.23,1.0,0.20474471361932448,0.048715563740383085,0.0,0.016888607405607024,0.3351131827657446,0.05869647013732437,0.2538344956203902,0.018783653351780356,0.00319473138081572,0.03735083852934853,0.014549816308788198,0.008127927140493396,8,0,0.06976744186046512,0.23255813953488372,0.11627906976744186,0.046511627906976744,0.13953488372093023,0.20930232558139536,0.18604651162790697
615,24,Masculino,Casado,3,Curitiba,PR,Recepcionista,Médio,1985.62,0.0,80.66,348,334.7,535.54,Nunca,0.19,2.9,1,0,0,Em risco,44310.21,23700.86,50,1080.7368292682927,4957.73,55.48,-20609.35,1985.62,22.31555383205246,2615.84,2333.94,9446.54,2667.76,0.0,6130.64,14595.5,579.72,453.32,2932.81,1165.43,1388.71,1.0,0.05903470103165839,0.05267273614816992,0.21319104558520488,0.060206440005587884,0.0,0.13835727702486628,0.32939360928327804,0.013083214906902948,0.010230599223068453,0.06618813135843861,0.026301613104519252,0.031340632328305376,7,2,0.12,0.28,0.18,0.02,0.06,0.18,0.16
616,40,Masculino,Viúvo,3,Olinda,PE,Motorista,Médio,2042.04,156.57,88.81,396,355.21,698.88,Nunca,0.59,7.3,1,0,0,Em risco,9729.76,16546.57,20,648.6506666666667,2696.23,94.31,6816.8099999999995,2042.04,4.764725470607824,1065.25,2696.23,0.0,0.0,0.0,2748.08,0.0,889.76,0.0,929.52,1093.26,307.66,1.0,0.10948368716186216,0.27711166565259576,0.0,0.0,0.0,0.28244067685122753,0.0,0.0914472710529345,0.0,0.09553370278403578,0.11236248376116163,0.0316205127361826,3,1,0.05,0.4,0.05,0.05,0.0,0.2,0.25
617,25,Masculino,Solteiro,0,Vitória,ES,Motorista,Médio,3148.29,0.0,16.36,742,2850.17,5667.11,Frequentemente,20.96,6.5,0,0,1,Saudável,40802.020000000004,33188.229999999996,47,1020.0505,5582.68,53.21,-7613.790000000008,3148.29,12.960057682106797,5072.47,1372.01,4232.110000000001,0.0,11705.98,2476.24,11899.48,924.17,327.68,253.15,763.56,1775.1699999999998,1.0,0.12431909008426544,0.033626031260217015,0.1037230509665943,0.0,0.28689707029210804,0.06068915215472174,0.2916394825550303,0.022650104087983874,0.008030974937025176,0.006204349686608652,0.018713779366805856,0.043506914608639466,7,2,0.0425531914893617,0.2127659574468085,0.14893617021276595,0.0425531914893617,0.1276595744680851,0.2765957446808511,0.14893617021276595
618,29,Masculino,Casado,0,Rio de Janeiro,RJ,Designer Gráfico,Superior,7380.41,1986.9,0.0,732,15215.14,12016.08,Frequentemente,19.26,6.6,1,1,1,Saudável,39296.57,46485.33,44,1122.759142857143,4342.75,19.43,7188.760000000002,7380.41,5.324442680013712,2313.8999999999996,3600.25,4847.96,0.0,14831.22,4235.1,5811.4,0.0,0.0,2457.05,755.6700000000001,444.02000000000004,1.0,0.0588830017479897,0.09161741088344352,0.1233685280929099,0.0,0.37741767284014865,0.10777276490034628,0.14788568060774768,0.0,0.0,0.0625258133216207,0.019229922611566357,0.011299204994227232,13,0,0.022727272727272728,0.11363636363636363,0.11363636363636363,0.045454545454545456,0.11363636363636363,0.4318181818181818,0.1590909090909091
619,43,Feminino,Solteiro,1,Blumenau,SC,Eletricista,Médio,3045.96,0.0,65.99,427,194.15,1216.33,Às vezes,1.88,6.3,1,1,0,Em risco,29701.8,32992.270000000004,36,1100.0666666666666,4256.02,102.72,3290.470000000005,3045.96,9.751211440728046,1810.4299999999998,5419.09,1767.56,3550.1600000000003,4256.02,4374.83,5779.38,0.0,0.0,1909.1699999999998,135.68,699.48,1.0,0.060953544903002504,0.18244988519214325,0.059510198035135915,0.11952676268778324,0.14329165235776958,0.14729174662815048,0.19458012645698242,0.0,0.0,0.06427792255014847,0.004568073315421961,0.023550087873462217,9,4,0.1111111111111111,0.3888888888888889,0.05555555555555555,0.027777777777777776,0.05555555555555555,0.1388888888888889,0.2222222222222222
620,31,Feminino,Divorciado,0,Uberlândia,MG,Enfermeiro,Superior,5668.18,0.0,25.0,544,2330.76,4783.5,Raramente,7.54,5.6,0,0,1,Em observação,43003.51,46727.409999999996,52,1023.8930952380953,5469.89,25.01,3723.899999999994,5668.18,7.586828576368428,4377.58,6961.469999999999,2438.74,4739.35,0.0,3930.33,14182.81,1249.72,0.0,3568.34,844.71,710.46,1.0,0.10179587666216082,0.1618814371199002,0.05671025458154461,0.1102084457757053,0.0,0.0913955628273134,0.32980586933485195,0.02906088363484748,0.0,0.08297787785229624,0.01964281520275903,0.016520977008620923,13,1,0.1346153846153846,0.21153846153846154,0.1346153846153846,0.038461538461538464,0.038461538461538464,0.25,0.19230769230769232
621,49,Feminino,União Estável,3,Palmas,TO,Autônomo,Superior,6485.06,669.22,9.9,803,3953.44,11334.22,Frequentemente,26.08,4.3,0,1,0,Saudável,62408.81,61480.07,51,1560.2202499999999,5848.34,17.61,-928.739999999998,6485.06,9.62347457078269,4545.71,3633.99,4894.74,0.0,22129.079999999998,584.98,21578.120000000003,54.89,0.0,4239.15,182.68,565.47,1.0,0.07283763302008163,0.058228798145646424,0.07843027290537986,0.0,0.35458263024082654,0.009373356101486313,0.34575438948443343,0.0008795232596167112,0.0,0.06792550603031847,0.0029271508301472182,0.00906073998206343,15,1,0.0392156862745098,0.1568627450980392,0.13725490196078433,0.0392156862745098,0.11764705882352941,0.29411764705882354,0.21568627450980393
622,44,Masculino,Casado,2,Vitória,ES,Farmacêutico,Médio,7254.2,893.92,22.45,779,20014.55,13775.51,Sempre,29.63,6.5,0,0,1,Saudável,11235.74,46905.83,32,468.1558333333333,1931.28,41.31,35670.090000000004,7254.2,1.5488599707755508,1826.95,2616.73,0.0,1931.28,0.0,1826.18,0.0,75.42,640.53,172.22,200.66,1945.77,1.0,0.16260166219581443,0.2328934275802039,0.0,0.17188720992119788,0.0,0.16253313088412513,0.0,0.006712508477412258,0.05700826113811818,0.015327873375496407,0.017859081822826087,0.17317684460480573,6,0,0.0625,0.21875,0.28125,0.03125,0.0,0.1875,0.21875
623,36,Masculino,Casado,0,Cuiabá,MT,Corretor de Imóveis,Médio,6545.78,0.0,47.44,681,2832.94,8231.27,Raramente,4.67,0.8,0,0,0,Em observação,11498.84,16600.629999999997,24,574.942,2882.49,27.82,5101.789999999997,6545.78,1.7566798761950448,1304.94,1450.29,0.0,0.0,0.0,185.75,5975.469999999999,0.0,0.0,1293.73,823.19,465.47,1.0,0.11348449060948756,0.12612489607647379,0.0,0.0,0.0,0.016153803340163007,0.5196585046839507,0.0,0.0,0.1125096096649749,0.07158896027773237,0.04047973534721763,8,0,0.125,0.2916666666666667,0.08333333333333333,0.0,0.08333333333333333,0.3333333333333333,0.08333333333333333
624,36,Feminino,Casado,1,Manaus,AM,Contador,Superior,8222.67,0.0,39.78,640,3933.65,7031.17,Às vezes,3.66,8.6,1,0,1,Em observação,49612.22,67036.26,51,1272.108205128205,5239.26,15.25,17424.039999999994,8222.67,6.0335900625952394,1948.56,4279.530000000001,1084.21,9248.36,2388.74,1825.34,23333.56,1845.8400000000001,0.0,2632.65,265.26,760.17,1.0,0.03927580745227688,0.08625959491431749,0.021853688466268995,0.1864129442302723,0.04814821832201824,0.03679214516101073,0.470318804520338,0.037205349810994146,0.0,0.053064547403845266,0.0053466666075414485,0.015322233111116575,17,1,0.13725490196078433,0.1568627450980392,0.09803921568627451,0.0,0.0784313725490196,0.3137254901960784,0.21568627450980393
625,41,Feminino,Casado,1,Blumenau,SC,Cozinheiro,Superior,2713.17,0.0,50.33,577,379.9,1651.36,Às vezes,3.07,22.2,1,0,0,Em observação,17106.75,25947.920000000002,36,610.9553571428571,4074.46,20.44,8841.170000000002,2713.17,6.3050785612401725,1735.33,3019.97,0.0,2472.22,0.0,246.89000000000001,6384.06,0.0,0.0,1989.4599999999998,322.31,936.51,1.0,0.1014412439534102,0.17653674719043652,0.0,0.1445172227337162,0.0,0.014432314729565816,0.37318953044850717,0.0,0.0,0.11629678343344,0.01884110073508995,0.0547450567758341,11,0,0.1111111111111111,0.25,0.1388888888888889,0.05555555555555555,0.05555555555555555,0.19444444444444445,0.19444444444444445
626,60,Feminino,União Estável,1,Manaus,AM,Designer Gráfico,Superior,6793.37,0.0,42.48,543,3196.56,3454.67,Às vezes,5.21,22.0,1,0,1,Em observação,25878.87,24988.28,24,1362.0457894736842,4763.02,18.89,-890.5900000000001,6793.37,3.8094303710823936,861.52,4905.22,0.0,2780.57,6561.5,760.7099999999999,7177.08,0.0,0.0,2269.04,179.51,383.72,1.0,0.033290479839343835,0.18954537041223207,0.0,0.10744557239168481,0.2535466193075664,0.0293950238167277,0.2773335930046405,0.0,0.0,0.0876792533831655,0.006936547074891601,0.014827540769747675,4,1,0.25,0.20833333333333334,0.041666666666666664,0.0,0.20833333333333334,0.08333333333333333,0.20833333333333334
627,38,Masculino,União Estável,3,Campo Grande,MS,Técnico em Informática,Médio,4771.6,0.0,52.12,614,1064.75,4715.81,Às vezes,1.0,18.8,0,0,1,Em observação,17293.44,16628.010000000002,20,1080.84,3737.61,221.85,-665.4299999999967,4771.6,3.624243440355436,2024.88,2969.41,0.0,3055.09,4849.23,0.0,1925.07,0.0,0.0,1687.51,221.85,560.4,1.0,0.11708948595536806,0.17170730635431702,0.0,0.17666178620332337,0.2804086405018319,0.0,0.11131793327412014,0.0,0.0,0.09758093242293032,0.01282856389474853,0.03240535139336072,4,1,0.1,0.1,0.2,0.05,0.05,0.35,0.15
628,35,Masculino,Solteiro,1,Campinas,SP,Analista Financeiro,Superior,11378.4,0.0,42.19,579,3060.02,17017.5,Frequentemente,3.32,1.5,1,0,1,Em observação,35803.51,63896.71,40,1118.8596875,5224.09,52.06,28093.199999999997,11378.4,3.1466207902692824,3124.25,3558.7400000000002,4151.7300000000005,0.0,1155.88,1903.98,16939.489999999998,0.0,692.5699999999999,1340.27,1232.92,1703.68,1.0,0.08726099759492854,0.09939639996190318,0.11595874259255588,0.0,0.032283985564543816,0.05317858500465457,0.47312372446165185,0.0,0.01934363418558683,0.037434039288326754,0.0344357299046937,0.04758416144115479,10,1,0.025,0.225,0.3,0.025,0.1,0.15,0.175
629,36,Feminino,Casado,0,Vila Velha,ES,Gerente Comercial,Superior,16981.75,0.0,12.26,749,32973.65,45039.2,Frequentemente,23.44,11.5,0,1,1,Saudável,48838.79,107293.8,48,1285.2313157894737,5728.71,16.99,58455.01,16981.75,2.8759574248825945,2757.0699999999997,1109.83,541.46,7568.6900000000005,8832.75,2312.79,20672.04,238.77,386.51,2574.51,720.27,1124.1,1.0,0.056452463298128384,0.022724354964568122,0.011086679256386164,0.1549729221383249,0.18085521774802366,0.047355595828643585,0.4232709287023696,0.004888941761251661,0.007913996231274362,0.052714450951794674,0.014747908373651353,0.02301654074558358,9,1,0.08333333333333333,0.08333333333333333,0.1875,0.0,0.0625,0.4166666666666667,0.16666666666666666
630,23,Feminino,Solteiro,0,Belém,PA,Recepcionista,Médio,3324.08,0.0,13.92,893,4142.1,6752.56,Sempre,19.83,3.3,0,1,0,Saudável,50372.12,22871.78,54,1095.0460869565218,5845.41,9.91,-27500.340000000004,3324.08,15.153702678635895,3295.98,4647.0199999999995,3580.66,7227.62,4810.64,4021.77,18679.35,668.08,247.01,1078.19,409.95,1705.8500000000001,1.0,0.06543262423737575,0.09225381024265009,0.07108416322362449,0.14348453072850614,0.09550203564987934,0.07984118992807926,0.37082715597437627,0.013262892250713292,0.004903704668376078,0.021404499155485215,0.008138430544515497,0.03386496339641849,10,0,0.07407407407407407,0.16666666666666666,0.14814814814814814,0.037037037037037035,0.09259259259259259,0.37037037037037035,0.1111111111111111
631,46,Masculino,Solteiro,1,Pelotas,RS,Motorista,Médio,3711.88,0.0,36.87,514,457.02,4298.59,Frequentemente,2.31,21.5,1,0,0,Em observação,37960.770000000004,19198.72,38,1224.5409677419357,4547.77,40.97,-18762.050000000003,3711.88,10.22683114755865,3850.05,9825.85,3033.0600000000004,0.0,0.0,0.0,17694.11,0.0,0.0,2181.49,236.69,1139.52,1.0,0.10142180993694279,0.25884222053451494,0.07989985450769307,0.0,0.0,0.0,0.4661156767894855,0.0,0.0,0.057466958652313944,0.006235121152705806,0.030018358426343823,12,0,0.02631578947368421,0.13157894736842105,0.18421052631578946,0.02631578947368421,0.15789473684210525,0.3684210526315789,0.10526315789473684
632,43,Masculino,Casado,0,Anápolis,GO,Professor,Superior,2773.02,0.0,66.08,406,385.78,630.6,Raramente,0.22,14.1,1,1,0,Em risco,27068.14,26138.64,39,873.1658064516129,4319.7,31.48,-929.5,2773.02,9.761249468088943,3055.87,1795.52,733.78,5564.27,0.0,51.71,11304.39,0.0,0.0,1867.54,1177.9099999999999,1517.15,1.0,0.1128954556907124,0.06633333505737742,0.027108622905009358,0.2055652881949037,0.0,0.001910363992501886,0.41762714394117956,0.0,0.0,0.06899402766499656,0.043516473610672915,0.05604928894264623,15,2,0.05128205128205128,0.3076923076923077,0.10256410256410256,0.0,0.1282051282051282,0.20512820512820512,0.20512820512820512
633,34,Masculino,União Estável,1,Campo Grande,MS,Autônomo,Médio,6651.7,0.0,31.33,640,1109.71,9253.02,Às vezes,7.57,7.2,1,0,0,Em observação,33214.28,55763.11,48,874.06,4206.64,18.06,22548.83,6651.7,4.993352075409294,3024.53,8797.27,1172.11,784.26,6205.24,756.0699999999999,9181.82,975.09,860.85,188.55,585.25,683.24,1.0,0.09106113394600154,0.264864088578768,0.03528933940461753,0.023612133094560533,0.18682446224936985,0.022763401765746538,0.2764419400330219,0.029357553437858657,0.025918068975151653,0.0056767751701978795,0.01762043313899925,0.020570670205706704,12,0,0.0625,0.22916666666666666,0.10416666666666667,0.08333333333333333,0.08333333333333333,0.22916666666666666,0.20833333333333334
634,45,Feminino,Casado,2,Belém,PA,Técnico em Informática,Médio,4558.26,0.0,40.58,663,2614.22,6398.94,Raramente,12.0,11.6,0,1,0,Em observação,35092.82,20219.38,34,1253.315,5903.04,30.17,-14873.439999999999,4558.26,7.698731533523756,4208.91,3050.52,0.0,0.0,0.0,4631.98,19965.48,0.0,0.0,1616.9,477.94,1141.09,1.0,0.11993649983101956,0.08692718339534981,0.0,0.0,0.0,0.13199224228773862,0.5689334741408641,0.0,0.0,0.04607495208421552,0.013619310160881913,0.03251633809993041,8,1,0.058823529411764705,0.23529411764705882,0.17647058823529413,0.029411764705882353,0.08823529411764706,0.23529411764705882,0.17647058823529413
635,53,Feminino,Solteiro,1,Maceió,AL,Eletricista,Médio,4273.06,1180.7,9.96,791,3382.02,7577.5,Sempre,10.0,22.7,1,0,0,Saudável,23714.329999999998,25671.09,32,912.0896153846153,3700.39,14.92,1956.760000000002,4273.06,5.549730169948467,1403.68,1021.8,119.08,0.0,6827.36,469.81,6757.73,243.02,721.79,5295.22,474.93,379.90999999999997,1.0,0.059191214763394125,0.043087871341927014,0.005021436405751291,0.0,0.287900185246642,0.019811228063369282,0.2849639859106287,0.010247812187820615,0.030436870870903795,0.22329199264748364,0.020027131274634367,0.016020271287445185,8,0,0.0625,0.15625,0.3125,0.03125,0.03125,0.25,0.15625
636,37,Feminino,Viúvo,2,Pelotas,RS,Recepcionista,Médio,2696.53,286.61,40.3,557,1433.05,3361.45,Às vezes,5.69,6.7,0,0,0,Em observação,36259.93,23038.6,46,954.2086842105264,5740.61,30.51,-13221.330000000002,2696.53,13.446885441660207,2580.2400000000002,3920.43,1915.06,10211.37,505.99,6530.0599999999995,5740.61,861.6600000000001,759.1700000000001,1419.57,1815.77,0.0,1.0,0.07115954167589403,0.10812017563188897,0.05281477377369454,0.28161582220373843,0.013954522250870313,0.18009025389734618,0.15831828688031113,0.023763421495849552,0.020936885426971318,0.039149827371426256,0.0500764893920093,0.0,6,1,0.15217391304347827,0.1956521739130435,0.15217391304347827,0.043478260869565216,0.043478260869565216,0.2608695652173913,0.15217391304347827
637,38,Feminino,Solteiro,2,Palmas,TO,Desenvolvedor de Software,Superior,9588.99,0.0,52.96,561,5118.39,8501.46,Raramente,9.6,8.1,1,0,1,Em observação,43147.92,68314.38,59,898.915,5062.73,18.22,25166.460000000006,9588.99,4.499735634305594,4151.97,4033.25,706.78,7867.93,2089.82,2995.35,12140.01,1406.29,229.96,4881.77,1252.48,1392.31,1.0,0.09622642296546394,0.09347495777316729,0.016380395625096182,0.18234783971046578,0.04843385266311795,0.06942049581996074,0.2813579426308383,0.03259230108890533,0.005329573244782136,0.11314033214115538,0.029027586961318182,0.032268299375728886,12,1,0.15254237288135594,0.1864406779661017,0.2542372881355932,0.01694915254237288,0.06779661016949153,0.1694915254237288,0.15254237288135594
638,35,Masculino,Solteiro,1,Manaus,AM,Jornalista,Superior,6404.74,0.0,11.54,821,8674.34,13044.78,Sempre,29.66,12.9,0,0,1,Saudável,52150.38,41456.73,46,1409.4697297297296,5191.74,23.07,-10693.649999999994,6404.74,8.142466360851495,1967.21,3907.95,3795.47,3128.34,12666.55,3769.1600000000003,19526.949999999997,23.07,0.0,1603.86,445.61,1316.21,1.0,0.03772187278405258,0.07493617496171648,0.07277933545258922,0.05998690709444496,0.24288509498876135,0.07227483289671141,0.3744354307677144,0.00044237453303312463,0.0,0.0307545218270701,0.008544712425873024,0.025238742268033333,11,1,0.13043478260869565,0.17391304347826086,0.08695652173913043,0.06521739130434782,0.043478260869565216,0.34782608695652173,0.15217391304347827
639,55,Masculino,Casado,1,Duque de Caxias,RJ,Analista de TI,Superior,12931.59,3832.11,1.33,979,15427.85,18108.61,Frequentemente,17.14,0.6,0,0,1,Saudável,26607.03,50194.840000000004,29,1209.4104545454545,5811.25,19.46,23587.810000000005,12931.59,2.0575219288579363,3444.82,5482.46,0.0,1346.34,2373.58,314.0,12109.09,0.0,484.39,0.0,855.8199999999999,196.53,1.0,0.12947029412903283,0.20605306191634318,0.0,0.050600912615951496,0.08920875422773605,0.011801392338791666,0.4551086686488496,0.0,0.01820533896492769,0.0,0.03216518341205313,0.0073863937463144146,6,0,0.06896551724137931,0.1724137931034483,0.13793103448275862,0.10344827586206896,0.0,0.3103448275862069,0.20689655172413793
640,29,Feminino,Viúvo,1,João Pessoa,PB,Técnico em Informática,Médio,5100.57,0.0,41.26,636,3311.48,6082.97,Às vezes,4.7,4.3,0,0,0,Em observação,38250.2,53688.090000000004,57,813.8340425531915,5084.36,33.7,15437.890000000007,5100.57,7.499201069684369,7548.66,3073.23,0.0,8412.11,2055.95,1681.63,9664.289999999999,728.71,170.83,2094.55,1318.8400000000001,1501.4,1.0,0.19734955634218906,0.08034546224594905,0.0,0.2199232945187215,0.05375004575139476,0.04396395312965685,0.2526598553733052,0.01905114221624985,0.004466120438585942,0.05475919080161673,0.034479296840277965,0.039252082342053116,11,1,0.10526315789473684,0.3684210526315789,0.17543859649122806,0.0,0.08771929824561403,0.12280701754385964,0.14035087719298245
641,27,Feminino,União Estável,0,Vila Velha,ES,Designer Gráfico,Superior,6167.88,0.0,9.11,914,10948.13,10093.98,Às vezes,10.82,5.0,0,1,0,Saudável,40964.72,69794.15,54,1024.118,5742.12,23.47,28829.429999999993,6167.88,6.641620783802538,8225.73,507.02,443.5,8265.86,2807.01,3361.21,15158.38,569.97,0.0,233.93,697.64,694.47,1.0,0.20080034722561266,0.012376991713845474,0.01082638914656319,0.20177997066744263,0.06852262141667269,0.08205133588121681,0.3700349959672616,0.013913679868921355,0.0,0.0057105235920079525,0.017030264090661426,0.016952880429794225,15,0,0.09259259259259259,0.16666666666666666,0.2037037037037037,0.05555555555555555,0.1111111111111111,0.12962962962962962,0.24074074074074073
642,29,Masculino,Solteiro,2,Campo Grande,MS,Corretor de Imóveis,Médio,9849.1,2178.85,11.6,754,15969.19,30082.6,Sempre,12.72,1.6,1,1,1,Saudável,43227.54,38997.6,40,1271.3982352941177,5524.99,17.69,-4229.940000000002,9849.1,4.388983765014062,1029.26,5062.28,3601.88,7307.620000000001,5940.88,1568.07,14915.47,0.0,0.0,869.67,1156.1,1776.31,1.0,0.023810283906972266,0.1171077512160072,0.08332373297208215,0.16905010093102685,0.13743275698779064,0.036274791487093644,0.34504554272577154,0.0,0.0,0.02011842450437846,0.026744524439743733,0.04109209082913346,9,0,0.05,0.15,0.25,0.05,0.05,0.325,0.125
643,26,Masculino,União Estável,4,Campinas,SP,Estudante,Médio,1444.04,331.7,9.11,757,1521.33,2896.03,Às vezes,30.06,2.3,0,0,1,Saudável,25984.23,13844.78,36,962.3788888888889,4977.21,33.03,-12139.449999999999,1444.04,17.99412066147752,1813.2600000000002,3043.73,0.0,5629.42,4176.47,961.41,6885.700000000001,2399.2,90.18,0.0,627.24,357.62,1.0,0.06978309536207154,0.11713758691329318,0.0,0.21664755892323923,0.16073095104222831,0.03699974946342455,0.26499534525364044,0.09233292654814093,0.003470566570569919,0.0,0.024139256772280727,0.01376296315111127,6,0,0.1388888888888889,0.08333333333333333,0.19444444444444445,0.027777777777777776,0.05555555555555555,0.2777777777777778,0.2222222222222222
644,37,Masculino,Casado,1,Niterói,RJ,Médico,Médio,23453.18,6415.38,19.86,746,29900.46,50435.01,Frequentemente,24.04,12.5,0,1,1,Saudável,46867.69,88444.14,52,1041.5042222222223,3929.38,9.43,41576.45,23453.18,1.9983511830805034,3092.7400000000002,1433.97,7084.65,3210.01,11938.76,7217.860000000001,9484.8,0.0,0.0,1947.81,335.28,1121.81,1.0,0.0659887440580067,0.03059613136469922,0.15116277333062497,0.06849089425999019,0.2547332714712417,0.15400502990439682,0.20237395954441106,0.0,0.0,0.04155976110621197,0.007153755604340644,0.023935679356076645,13,0,0.07692307692307693,0.19230769230769232,0.23076923076923078,0.019230769230769232,0.07692307692307693,0.28846153846153844,0.11538461538461539
645,25,Feminino,Solteiro,4,Juazeiro do Norte,CE,Aposentado,Pós-graduação,6427.28,638.85,3.73,788,11397.78,18741.89,Sempre,18.16,3.2,1,0,0,Saudável,16747.36,28030.120000000003,25,881.44,4991.02,19.54,11282.760000000002,6427.28,2.605668338706265,1968.1999999999998,2124.25,0.0,0.0,7363.370000000001,1029.34,2261.54,0.0,0.0,1567.47,166.2,266.99,1.0,0.11752300064010088,0.12684088716072264,0.0,0.0,0.4396734768942687,0.06146282160292726,0.13503859712814437,0.0,0.0,0.09359505020492782,0.00992395219306207,0.015942214175846223,6,1,0.04,0.28,0.12,0.0,0.28,0.04,0.24
646,61,Feminino,Casado,0,Duque de Caxias,RJ,Aposentado,Pós-graduação,2608.81,0.0,76.11,326,-96.41,410.01,Nunca,1.39,1.6,1,0,0,Em risco,22514.27,31558.480000000003,40,726.2667741935484,5771.2,30.65,9044.210000000003,2608.81,8.63009188097255,1375.37,6241.43,0.0,0.0,0.0,2748.21,5771.2,70.48,323.27,3383.5299999999997,208.05,2392.73,1.0,0.061088811673662965,0.2772210691263807,0.0,0.0,0.0,0.12206525017244618,0.2563352042948761,0.003130459037756943,0.01435844910805458,0.1502837977869147,0.009240805942186889,0.1062761528577209,4,2,0.05,0.325,0.175,0.05,0.05,0.2,0.15
647,29,Masculino,Viúvo,2,Olinda,PE,Desenvolvedor de Software,Fundamental,9077.47,844.3,36.53,649,4235.51,13233.97,Frequentemente,8.81,5.2,0,0,0,Em observação,26638.54,61629.47,43,832.454375,5816.85,13.81,34990.93,9077.47,2.9345775860454513,3115.24,5940.91,1587.09,188.02,0.0,3114.27,10291.56,0.0,182.8,1337.14,216.95,664.56,1.0,0.11694484757798286,0.2230193546643322,0.05957871565033218,0.007058194630786822,0.0,0.1169084341709418,0.38634099316253817,0.0,0.006862237945472987,0.050195693908149625,0.008144215110888208,0.024947313178575098,12,0,0.046511627906976744,0.16279069767441862,0.11627906976744186,0.046511627906976744,0.11627906976744186,0.27906976744186046,0.23255813953488372
648,36,Masculino,Solteiro,1,Juazeiro do Norte,CE,Pedreiro,Fundamental,2353.99,0.0,27.96,518,706.19,2144.04,Sempre,4.85,2.2,0,0,1,Em observação,25251.91,30794.38,49,682.484054054054,5641.95,32.57,5542.470000000001,2353.99,10.727280064911067,3737.8300000000004,6340.360000000001,2916.51,0.0,0.0,2221.73,6655.53,0.0,388.81,806.51,758.8,1425.83,1.0,0.1480216744000751,0.25108437341967405,0.11549660995940506,0.0,0.0,0.08798265160932381,0.26356540950763724,0.0,0.015397251138626741,0.03193857415142062,0.030049212119004066,0.056464243694833376,14,0,0.12244897959183673,0.20408163265306123,0.16326530612244897,0.061224489795918366,0.02040816326530612,0.20408163265306123,0.22448979591836735
649,32,Feminino,Casado,1,Pelotas,RS,Funcionário Público,Superior,4618.2,0.0,70.13,356,833.74,2815.74,Nunca,1.66,5.5,0,0,0,Em risco,14377.79,11256.86,26,653.5359090909092,3202.11,95.6,-3120.9300000000003,4618.2,3.113288727209736,2779.44,2546.6800000000003,0.0,3202.11,0.0,1469.23,2361.48,0.0,0.0,178.96,95.6,1744.29,1.0,0.19331482793948165,0.1771259699856515,0.0,0.2227122527175595,0.0,0.10218747109256707,0.1642449917546438,0.0,0.0,0.01244697550875343,0.006649144270433773,0.12131836673090926,6,1,0.07692307692307693,0.46153846153846156,0.07692307692307693,0.0,0.07692307692307693,0.15384615384615385,0.15384615384615385
650,54,Masculino,União Estável,1,Teresina,PI,Empresário,Médio,13450.86,0.0,38.09,673,2035.52,9280.06,Nunca,7.33,31.0,0,0,0,Em observação,32920.520000000004,51025.81,44,866.3294736842106,5771.2,25.5,18105.289999999994,13450.86,2.4474658125948827,2873.7200000000003,3234.59,0.0,1555.06,2469.11,415.70000000000005,17347.9,1179.6799999999998,275.68,1958.82,1008.37,601.89,1.0,0.08729266730902184,0.0982545233185867,0.0,0.047236799418721206,0.07500215670955379,0.012627382556533128,0.5269631220892015,0.03583418487921818,0.008374108306916171,0.05950149025592547,0.030630439616385157,0.01828312553993679,12,0,0.1590909090909091,0.20454545454545456,0.1590909090909091,0.045454545454545456,0.06818181818181818,0.25,0.11363636363636363
651,31,Masculino,Solteiro,3,Londrina,PR,Engenheiro Civil,Superior,18147.35,5032.21,18.76,739,32126.94,34726.63,Sempre,21.01,12.7,0,1,1,Saudável,35675.37,58275.9,35,1230.1851724137932,5622.74,17.71,22600.53,18147.35,1.9658721521324054,1322.71,1672.6100000000001,6305.75,0.0,7441.789999999999,680.9100000000001,16814.21,0.0,361.19,0.0,74.87,1001.33,1.0,0.03707627979751857,0.04688416686358123,0.1767535977902962,0.0,0.2085974160884666,0.01908627717105667,0.47131143979726065,0.0,0.010124351898803011,0.0,0.002098646769465881,0.028067823823551094,13,0,0.08571428571428572,0.2571428571428571,0.11428571428571428,0.0,0.02857142857142857,0.37142857142857144,0.14285714285714285
652,38,Masculino,União Estável,1,Campinas,SP,Analista Financeiro,Superior,8042.72,813.72,38.47,570,3612.81,11597.03,Às vezes,10.01,3.6,1,1,0,Em observação,46004.7,66908.89,47,1314.4199999999998,4986.64,59.57,20904.190000000002,8042.72,5.720042473193148,5568.78,2351.54,3146.96,5355.76,10339.23,2037.65,15069.42,59.57,365.38,889.45,581.4100000000001,239.54999999999998,1.0,0.12104806682795453,0.05111521214136817,0.06840518468765149,0.11641767036846236,0.22474290670301078,0.044292213621651706,0.3275626186020124,0.0012948676983003911,0.00794223198934022,0.01933389414559817,0.012638056546396348,0.005207076668253461,12,0,0.06382978723404255,0.2127659574468085,0.14893617021276595,0.02127659574468085,0.10638297872340426,0.19148936170212766,0.2553191489361702
653,34,Feminino,Casado,1,Campo Grande,MS,Empresário,Superior,21064.43,0.0,35.99,480,5533.57,12085.31,Frequentemente,5.97,2.1,0,1,0,Em observação,23309.72,44244.96000000001,21,1371.16,5898.96,39.98,20935.240000000005,21064.43,1.1065915384370715,517.56,4055.65,2411.21,2122.07,0.0,0.0,8322.95,0.0,0.0,5291.98,215.07,373.23,1.0,0.022203612913411226,0.17398964895331218,0.10344225499062193,0.09103798758629447,0.0,0.0,0.35705920105432415,0.0,0.0,0.22702889609999602,0.009226623056819214,0.016011775345220792,6,0,0.23809523809523808,0.09523809523809523,0.09523809523809523,0.0,0.0,0.38095238095238093,0.19047619047619047
654,28,Masculino,Divorciado,2,Porto Alegre,RS,Motorista,Fundamental,3113.5,0.0,55.72,576,1898.01,3622.99,Raramente,5.91,10.0,0,0,0,Em observação,48300.83,42347.24,53,1150.019761904762,5754.63,58.48,-5953.590000000004,3113.5,15.513354745463305,4173.57,1470.8899999999999,4184.47,6097.79,0.0,1482.71,22556.41,637.96,288.81,4785.33,484.87,2138.02,1.0,0.08640783191510373,0.030452685802707734,0.08663350091499462,0.1262460707196957,0.0,0.03069740209433254,0.4669983931953136,0.0132080546027884,0.005979400353989776,0.09907345277503513,0.010038543851109805,0.044264663774928915,17,0,0.1320754716981132,0.24528301886792453,0.1320754716981132,0.03773584905660377,0.07547169811320754,0.20754716981132076,0.16981132075471697
655,42,Feminino,Solteiro,4,Maceió,AL,Engenheiro Civil,Superior,11174.16,1488.58,43.22,494,5357.03,12538.76,Nunca,5.38,9.7,1,1,0,Em observação,42144.58,56664.61,49,1027.9165853658537,5458.11,16.48,14520.029999999999,11174.16,3.771610572964769,3379.5299999999997,2382.06,4223.93,7131.41,8462.779999999999,1811.75,9302.66,581.38,0.0,2965.08,364.9,1539.1,1.0,0.08018895905475863,0.05652114696599183,0.10022475013394368,0.16921298064899448,0.20080351969339827,0.04298892052074074,0.2207320609198146,0.013794893673160344,0.0,0.07035495430254614,0.008658290105157056,0.036519523981494176,13,1,0.08163265306122448,0.20408163265306123,0.14285714285714285,0.02040816326530612,0.10204081632653061,0.30612244897959184,0.14285714285714285
656,27,Feminino,Solteiro,0,Belo Horizonte,MG,Motorista,Médio,3419.89,0.0,10.78,784,4101.76,7859.97,Sempre,25.97,1.3,0,1,0,Saudável,32399.280000000002,26043.45,43,952.9200000000001,5503.35,16.16,-6355.830000000002,3419.89,9.47377839638117,2998.86,1129.01,2125.05,7378.219999999999,4247.8,3701.85,5503.35,878.1,448.65,2560.14,830.8100000000001,597.4399999999999,1.0,0.0925594642843915,0.03484676202681047,0.06558942050564087,0.2277279001261756,0.13110785177942225,0.11425716867782246,0.16986025615384046,0.027102454128610263,0.01384752994510989,0.07901842263161403,0.025642853791812657,0.018439915948749476,9,0,0.09302325581395349,0.023255813953488372,0.16279069767441862,0.06976744186046512,0.023255813953488372,0.4186046511627907,0.20930232558139536
657,41,Masculino,União Estável,1,Fortaleza,CE,Eletricista,Médio,6286.69,2139.63,13.96,788,6485.82,14435.75,Frequentemente,25.09,2.4,0,1,0,Saudável,32605.670000000002,50239.14,44,958.9902941176471,5929.31,37.38,17633.469999999998,6286.69,5.1864606016838755,3144.6099999999997,5401.2699999999995,457.5,3088.48,7324.12,765.28,9322.630000000001,0.0,95.02,1880.3700000000001,50.77,1075.62,1.0,0.0964436553519679,0.1656543171785766,0.014031301917733939,0.09472217562160201,0.2246271890747836,0.023470764440663233,0.2859205162783038,0.0,0.0029142170671542706,0.05767003100994398,0.0015570911439636112,0.032988740915307055,11,0,0.09090909090909091,0.25,0.11363636363636363,0.022727272727272728,0.09090909090909091,0.25,0.18181818181818182
658,34,Feminino,Casado,0,Belo Horizonte,MG,Designer Gráfico,Superior,6889.99,0.0,34.27,639,2461.99,5529.52,Raramente,5.69,9.0,1,1,1,Em observação,26621.69,30705.07,40,782.9908823529412,3571.74,30.3,4083.380000000001,6889.99,3.8638212827594813,4418.68,4567.43,2957.33,0.0,2294.37,3063.7799999999997,5607.2,210.6,0.0,1183.25,1152.21,1166.8400000000001,1.0,0.1659804467710352,0.171567995871036,0.11108723751196863,0.0,0.08618423548617687,0.11508585668302801,0.2106252458052062,0.007910842624942294,0.0,0.044446840151770986,0.043280873603441405,0.04383042549139443,7,2,0.05,0.25,0.225,0.0,0.075,0.275,0.125
659,18,Feminino,Divorciado,1,Londrina,PR,Farmacêutico,Superior,4951.43,0.0,45.68,612,1358.28,6039.44,Nunca,5.5,0.0,1,0,0,Em observação,29127.08,24502.51,39,910.22125,5382.56,33.11,-4624.570000000003,4951.43,5.882559179873289,1543.25,3542.35,1545.9,6519.26,0.0,1830.98,6887.400000000001,0.0,769.29,3650.95,1790.74,1046.96,1.0,0.05298334058889528,0.12161706563102102,0.053074321215858235,0.22382126872999283,0.0,0.06286177673834796,0.23646036609230997,0.0,0.026411504345784056,0.1253455547208989,0.061480244500993576,0.03594455743589814,7,0,0.15384615384615385,0.3076923076923077,0.1282051282051282,0.10256410256410256,0.05128205128205128,0.10256410256410256,0.15384615384615385
660,50,Feminino,União Estável,4,Palmas,TO,Cozinheiro,Médio,2619.33,354.06,38.19,565,1161.31,1519.08,Frequentemente,7.46,2.3,1,0,0,Em observação,18271.77,22116.46,27,870.0842857142858,3242.03,31.68,3844.6899999999987,2619.33,6.975741888192783,2875.09,2875.85,0.0,0.0,3242.03,1027.57,5299.139999999999,0.0,306.76,1398.26,355.4,891.67,1.0,0.15735147716942585,0.15739307138826725,0.0,0.0,0.1774338227768848,0.056238120335358854,0.29001788004117823,0.0,0.016788740226042688,0.076525700575259,0.01945077023189324,0.04880041725569006,4,0,0.07407407407407407,0.2222222222222222,0.2222222222222222,0.037037037037037035,0.0,0.2222222222222222,0.2222222222222222
661,29,Masculino,Casado,1,Belo Horizonte,MG,Vendedor,Médio,3178.07,271.13,39.15,661,1268.5,4654.39,Às vezes,3.75,10.2,1,0,1,Em observação,31485.11,22744.01,44,899.5745714285714,3936.35,15.2,-8741.100000000002,3178.07,9.906990720783368,3166.31,10028.45,594.7,8078.6,0.0,2415.62,3866.22,567.08,0.0,1646.3899999999999,148.39,973.35,1.0,0.10056531484247633,0.31851405315083864,0.018888293545742736,0.25658477928138096,0.0,0.0767226158650867,0.12279518794757267,0.0180110534789302,0.0,0.05229106711077077,0.004713021488570311,0.03091461328863072,8,0,0.09090909090909091,0.25,0.13636363636363635,0.06818181818181818,0.0,0.29545454545454547,0.1590909090909091
662,20,Masculino,Casado,0,Juiz de Fora,MG,Funcionário Público,Superior,3811.43,0.0,90.54,411,579.78,998.44,Nunca,0.76,1.4,1,0,0,Em risco,29388.67,15460.47,37,948.0216129032258,5169.26,35.44,-13928.199999999999,3811.43,7.710667649674794,3343.31,12190.16,3283.3199999999997,1805.06,0.0,1870.21,5169.26,0.0,0.0,185.79,608.11,933.4499999999999,1.0,0.11376186809406483,0.4147911423007574,0.11172060525365728,0.06142026842317124,0.0,0.06363710913083172,0.17589295466586274,0.0,0.0,0.006321824022659073,0.020691987762630974,0.031762240346364774,6,1,0.16216216216216217,0.2702702702702703,0.13513513513513514,0.0,0.02702702702702703,0.24324324324324326,0.16216216216216217
663,34,Feminino,Casado,4,São Luís,MA,Autônomo,Médio,7606.37,0.0,51.9,700,4653.65,7387.13,Raramente,8.97,14.7,0,1,1,Em observação,34179.32,33493.96,45,899.4557894736841,5442.94,14.07,-685.3600000000006,7606.37,4.493512674245403,5102.3099999999995,8627.6,0.0,3026.17,0.0,2225.8900000000003,8902.939999999999,702.79,0.0,3143.45,902.5,1545.67,1.0,0.1492806176366294,0.25242163975175635,0.0,0.08853803996100566,0.0,0.0651238819262642,0.26047738808144805,0.0205618485095666,0.0,0.09196935456878604,0.026404855333575974,0.045222374230967734,7,0,0.08888888888888889,0.3111111111111111,0.2222222222222222,0.0,0.044444444444444446,0.2222222222222222,0.1111111111111111
664,24,Masculino,Casado,3,Maceió,AL,Corretor de Imóveis,Médio,9203.9,0.0,10.12,792,20996.72,21738.03,Frequentemente,20.25,1.5,1,1,1,Saudável,60234.0,46220.57,60,1181.0588235294117,5978.01,50.14,-14013.43,9203.9,6.544399656667283,6614.14,4340.1,285.47,6878.120000000001,8106.66,2454.74,25919.940000000002,0.0,345.53000000000003,2100.33,1174.43,2014.54,1.0,0.10980741773749046,0.07205398944117941,0.004739349868844839,0.1141899923631172,0.1345861141547963,0.04075339509247269,0.4303207490785935,0.0,0.005736461134907196,0.0348695089152306,0.019497791944748814,0.03344523026861905,12,1,0.11666666666666667,0.18333333333333332,0.11666666666666667,0.016666666666666666,0.15,0.2833333333333333,0.13333333333333333
665,50,Masculino,Casado,0,Blumenau,SC,Enfermeiro,Superior,5288.6,481.89,25.88,861,5343.2,8220.7,Sempre,26.3,21.8,0,1,1,Saudável,62156.78,41420.840000000004,55,1381.2617777777778,4865.48,20.57,-20735.939999999995,5288.6,11.752974322126837,3893.02,2146.61,0.0,7108.5,19445.21,1952.8,20845.79,0.0,53.59,4157.200000000001,180.76,2373.3,1.0,0.06263226634326939,0.03453541190518557,0.0,0.11436403237104625,0.312841334444931,0.031417328889945716,0.33537435497784795,0.0,0.0008621746493302903,0.06688248651233221,0.0029081300543560974,0.03818247985175552,15,0,0.12727272727272726,0.10909090909090909,0.07272727272727272,0.01818181818181818,0.09090909090909091,0.41818181818181815,0.16363636363636364
666,47,Masculino,Solteiro,1,Vila Velha,ES,Eletricista,Médio,4485.23,373.69,8.73,743,10783.08,14313.34,Às vezes,25.51,24.1,0,0,0,Saudável,42765.32,27780.28,36,1583.9007407407407,5986.99,21.55,-14985.04,4485.23,9.53469944685111,1462.78,992.33,0.0,6448.07,2906.95,3132.64,21987.79,1831.63,469.65,1997.41,1028.78,507.29,1.0,0.03420481829669461,0.02320408218622005,0.0,0.15077801358670997,0.06797447090305883,0.07325187792351372,0.5141500168828388,0.042829797602356307,0.010982029363979972,0.04670630314469762,0.024056408323379786,0.011862181786550411,12,0,0.1388888888888889,0.1111111111111111,0.1388888888888889,0.027777777777777776,0.1388888888888889,0.2222222222222222,0.2222222222222222
667,30,Masculino,União Estável,0,São Paulo,SP,Estudante,Médio,2107.0,0.0,0.0,791,4107.51,3676.85,Frequentemente,32.0,1.5,1,0,0,Saudável,24051.67,20556.76,25,1202.5835,4481.07,45.64,-3494.91,2107.0,11.415125771238728,1908.96,2247.37,0.0,5386.12,6720.4,624.39,2998.49,358.91,0.0,1995.67,824.38,986.98,1.0,0.07936912488820944,0.09343924974856216,0.0,0.22393954349115883,0.2794151092211061,0.025960359509339684,0.12466868204993665,0.014922456527966668,0.0,0.08297427995644378,0.03427537464134507,0.04103581996593168,4,0,0.12,0.16,0.16,0.04,0.08,0.24,0.2
668,27,Masculino,Casado,4,Teresina,PI,Funcionário Público,Superior,13678.11,1402.72,13.62,1000,9057.4,16821.62,Às vezes,17.72,4.3,0,1,1,Saudável,40389.07,75718.56,52,985.099268292683,4462.77,11.83,35329.49,13678.11,2.9528253537952245,4695.74,2927.0,1903.62,0.0,8296.62,2002.45,17675.73,11.83,0.0,311.08,916.51,1648.49,1.0,0.11626264234358454,0.07247010144081059,0.04713205825239353,0.0,0.20541745576216539,0.049579007389870575,0.43763646947057705,0.000292901024955514,0.0,0.007702083756818367,0.02269203029433458,0.04081525026448987,16,0,0.0,0.17307692307692307,0.15384615384615385,0.0,0.07692307692307693,0.38461538461538464,0.21153846153846154
669,49,Feminino,Solteiro,0,Blumenau,SC,Empresário,Pós-graduação,23133.95,0.0,23.78,796,45851.53,53080.27,Frequentemente,13.72,19.6,0,1,1,Saudável,53340.71,159512.73,57,1185.3491111111111,5851.06,65.49,106172.02000000002,23133.95,2.305732916341567,2870.92,7729.85,6004.02,1118.74,3741.7999999999997,1985.25,23885.64,728.84,660.55,3654.05,173.51,787.54,1.0,0.053822305702342546,0.14491464399330267,0.11255980657175356,0.020973474106362664,0.0701490475098663,0.0372182897452996,0.44779381451802946,0.01366386011734752,0.01238359969336741,0.0685039625456804,0.003252862588443236,0.014764332908204633,17,1,0.08771929824561403,0.19298245614035087,0.14035087719298245,0.017543859649122806,0.10526315789473684,0.2807017543859649,0.17543859649122806
670,18,Feminino,Viúvo,0,Niterói,RJ,Cozinheiro,Médio,4182.15,0.0,17.59,942,2858.9,10083.41,Frequentemente,26.82,0.0,1,0,0,Saudável,49440.79,25133.67,57,1074.7997826086958,4783.54,37.32,-24307.120000000003,4182.15,11.821859569838482,4143.54,8621.83,5262.610000000001,0.0,18766.53,1262.1399999999999,2778.9700000000003,37.32,288.55,6794.599999999999,657.95,826.75,1.0,0.08380812685234196,0.17438697884884122,0.1064426761789203,0.0,0.3795758522466975,0.025528313766830988,0.056208041983147924,0.0007548423073336813,0.005836274056300476,0.137429033799824,0.013307837516350366,0.016722022443411602,8,0,0.05263157894736842,0.12280701754385964,0.14035087719298245,0.0,0.08771929824561403,0.40350877192982454,0.19298245614035087
671,29,Masculino,Casado,1,Recife,PE,Desenvolvedor de Software,Superior,12902.41,0.0,10.97,1000,14366.45,39771.91,Frequentemente,11.56,5.4,0,0,1,Saudável,33312.36,77101.68,57,694.0075,4591.51,21.03,43789.31999999999,12902.41,2.581871138802751,7635.85,2719.11,923.74,4591.51,5749.46,616.1600000000001,3200.48,809.33,429.01,4012.43,1360.53,1264.75,1.0,0.2292197250510021,0.08162465823496144,0.02772964749420335,0.13783202390944382,0.17259239513501895,0.018496437958763656,0.09607485029580612,0.024295186531365535,0.012878403091224998,0.12044868631342841,0.040841597533167864,0.03796638845161376,10,0,0.07017543859649122,0.22807017543859648,0.12280701754385964,0.05263157894736842,0.07017543859649122,0.3157894736842105,0.14035087719298245
672,50,Feminino,Divorciado,0,Curitiba,PR,Jornalista,Superior,4978.73,0.0,60.94,410,188.98,1557.43,Raramente,1.51,25.3,1,0,0,Em risco,33687.68,67190.75,55,802.087619047619,2736.01,22.65,33503.07,4978.73,6.766319924960784,4139.66,11776.72,2369.72,0.0,4898.56,3569.39,3767.95,0.0,0.0,744.78,1102.43,1318.47,1.0,0.12288349924957728,0.34958536770712617,0.07034381708684005,0.0,0.14541102266466555,0.10595535222372095,0.11184949512700192,0.0,0.0,0.022108379086954042,0.03272501994794536,0.039138046906168664,8,3,0.03636363636363636,0.34545454545454546,0.05454545454545454,0.05454545454545454,0.09090909090909091,0.21818181818181817,0.2
673,62,Feminino,Solteiro,0,Blumenau,SC,Técnico em Informática,Médio,4161.39,0.0,11.32,823,9681.49,9034.34,Frequentemente,11.56,19.3,1,1,0,Saudável,42340.51,32796.54,54,962.2843181818182,4710.46,17.42,-9543.970000000001,4161.39,10.174607522967085,4974.04,3828.4700000000003,5123.48,3502.92,8208.98,5849.82,7090.35,358.41,434.48,244.38,1186.12,1539.06,1.0,0.11747709226931843,0.09042097036620485,0.12100657266527964,0.08273211635854173,0.19388004537498482,0.1381613022611206,0.16746019355931235,0.008464942911646553,0.010261567468129222,0.005771777430172664,0.02801383356034209,0.03634958577494697,11,0,0.037037037037037035,0.16666666666666666,0.2222222222222222,0.018518518518518517,0.05555555555555555,0.3333333333333333,0.16666666666666666
674,36,Masculino,Divorciado,3,Feira de Santana,BA,Jornalista,Superior,5209.57,0.0,26.74,580,3300.48,6431.98,Às vezes,5.34,10.2,0,0,0,Em observação,26879.58,45888.52,43,839.986875,3463.44,31.85,19008.939999999995,5209.57,5.159654251694478,2636.45,5201.18,5179.93,3782.46,3463.44,1423.47,1804.83,1326.5900000000001,0.0,670.78,248.65,1141.8,1.0,0.0980837498204957,0.19349930318851707,0.19270874024073292,0.1407187165870895,0.12885022757052006,0.052957300672108715,0.06714502235526001,0.049353077689457944,0.0,0.024955003017160235,0.009250516563130822,0.04247834229552693,11,0,0.11627906976744186,0.11627906976744186,0.16279069767441862,0.06976744186046512,0.06976744186046512,0.23255813953488372,0.23255813953488372
675,45,Masculino,Divorciado,4,Maceió,AL,Farmacêutico,Pós-graduação,5960.89,0.0,25.0,569,3142.92,5415.82,Nunca,6.68,17.1,1,1,0,Em observação,11344.01,22914.48,20,709.000625,2318.99,18.1,11570.47,5960.89,1.9030731988008502,1342.1100000000001,1058.0,0.0,0.0,2318.99,3793.6099999999997,0.0,0.0,0.0,1635.98,113.16,1082.16,1.0,0.11831001559413294,0.0932650799849436,0.0,0.0,0.2044241850985674,0.3344152552756917,0.0,0.0,0.0,0.14421531715857092,0.009975308554911359,0.095394838333182,4,0,0.05,0.3,0.15,0.05,0.05,0.25,0.15
676,25,Feminino,Divorciado,1,Vitória,ES,Médico,Médio,17731.36,0.0,89.63,385,3501.36,5314.9,Nunca,0.0,4.2,1,1,1,Em risco,37930.67,129375.53,52,948.26675,4947.22,18.58,91444.86,17731.36,2.139185601104484,3764.25,9415.57,800.16,0.0,0.0,3468.52,15152.23,1608.07,0.0,2278.5299999999997,225.41,1217.93,1.0,0.09924027179061166,0.24823104891107908,0.021095329979670806,0.0,0.0,0.0914436786906216,0.39947172037825857,0.042394980104490644,0.0,0.06007091359050604,0.005942684376521691,0.032109372178239934,15,1,0.09615384615384616,0.34615384615384615,0.07692307692307693,0.019230769230769232,0.07692307692307693,0.19230769230769232,0.19230769230769232
677,37,Feminino,União Estável,1,Guarulhos,SP,Aposentado,Médio,4709.77,0.0,10.47,827,9034.22,6552.88,Frequentemente,25.94,11.8,0,1,0,Saudável,22048.469999999998,10750.73,20,1378.0293749999998,5817.57,67.58,-11297.739999999998,4709.77,4.681432426636544,1735.13,766.12,3390.8500000000004,0.0,1065.54,1674.06,11652.83,0.0,0.0,1696.36,67.58,0.0,1.0,0.07869616349796608,0.03474708222384592,0.1537907165440505,0.0,0.048327162837149246,0.07592635679482522,0.5285096879738141,0.0,0.0,0.07693776484263988,0.0030650652857091673,0.0,9,0,0.15,0.2,0.15,0.0,0.1,0.25,0.15
678,35,Masculino,União Estável,0,Niterói,RJ,Aposentado,Fundamental,4815.06,0.0,44.02,683,1411.63,4070.01,Às vezes,8.98,7.6,1,1,1,Em observação,47465.55,48134.23,58,1031.8597826086957,5567.42,14.09,668.6800000000003,4815.06,9.857727629562248,5098.3,8153.43,836.51,0.0,0.0,1521.35,26428.28,470.86,710.3800000000001,1713.19,1153.5,1379.75,1.0,0.10741053248092564,0.17177574051074937,0.01762351853080813,0.0,0.0,0.03205166694581649,0.5567886604073902,0.00992003674243741,0.014966222871113894,0.036093335060902065,0.024301835752456254,0.029068450697400532,16,0,0.017241379310344827,0.22413793103448276,0.1724137931034483,0.05172413793103448,0.08620689655172414,0.25862068965517243,0.1896551724137931
679,37,Masculino,Solteiro,1,Pelotas,RS,Engenheiro de Produção,Superior,6655.6,0.0,80.38,435,-145.41,5247.58,Nunca,1.32,14.1,1,0,1,Em risco,34452.0,45719.23,47,906.6315789473684,5458.97,21.42,11267.230000000003,6655.6,5.176392812068032,4467.97,10198.94,2699.07,0.0,0.0,1318.67,9235.27,0.0,0.0,5514.8,250.14,767.14,1.0,0.1296868106350865,0.2960333217229769,0.07834291187739464,0.0,0.0,0.03827557181005457,0.26806194125159644,0.0,0.0,0.16007198420991525,0.007260536398467432,0.022266922094508302,14,3,0.06382978723404255,0.3191489361702128,0.1702127659574468,0.10638297872340426,0.0,0.1702127659574468,0.1702127659574468
680,55,Feminino,Casado,0,Palmas,TO,Pedreiro,Fundamental,1960.62,0.0,75.03,376,299.99,508.08,Raramente,2.45,4.3,1,0,0,Em risco,39823.58,38673.71,60,884.9684444444445,3641.29,78.16,-1149.8700000000026,1960.62,20.311727922799932,4107.13,11836.300000000001,2885.38,0.0,0.0,2721.69,10552.79,653.13,418.62,3680.17,1711.48,1256.89,1.0,0.10313311861967206,0.29721838167236597,0.07245405862556807,0.0,0.0,0.06834367979975682,0.2649884816985314,0.01640058477916852,0.010511862569864387,0.09241183238674172,0.042976548065241746,0.03156145178308932,14,3,0.06666666666666667,0.26666666666666666,0.15,0.03333333333333333,0.05,0.2,0.23333333333333334
681,43,Feminino,Divorciado,2,Porto Alegre,RS,Farmacêutico,Superior,3472.2,147.46,55.0,362,375.96,642.88,Raramente,1.72,10.3,1,0,0,Em risco,42735.77,28017.63,45,1256.9344117647058,5464.95,22.97,-14718.139999999996,3472.2,12.3079805310754,2263.65,6125.0,842.88,2892.38,0.0,1518.51,25342.399999999998,72.01,0.0,3034.42,205.63,438.89,1.0,0.05296850858192096,0.143322560936658,0.019723056353026985,0.06768054021256667,0.0,0.035532529307416245,0.5930020682908018,0.0016850053245793866,0.0,0.07100421965019,0.00481166011516816,0.010269851227671808,15,4,0.08888888888888889,0.28888888888888886,0.2,0.022222222222222223,0.08888888888888889,0.08888888888888889,0.2222222222222222
682,36,Feminino,Solteiro,3,Brasília,DF,Técnico em Informática,Médio,5652.04,0.0,8.14,843,9947.92,16965.93,Frequentemente,18.19,9.5,0,0,0,Saudável,29560.6,45672.89,34,1182.424,4835.06,50.73,16112.29,5652.04,5.230076220267372,2836.69,1624.71,6280.549999999999,0.0,8732.279999999999,0.0,8638.150000000001,0.0,0.0,0.0,347.47,1100.75,1.0,0.09596185463082617,0.05496201024336448,0.21246354945434123,0.0,0.29540266435728635,0.0,0.29221835822006326,0.0,0.0,0.0,0.01175449754064532,0.037237065553473205,9,0,0.058823529411764705,0.23529411764705882,0.17647058823529413,0.0,0.058823529411764705,0.23529411764705882,0.23529411764705882
683,45,Feminino,União Estável,0,Fortaleza,CE,Corretor de Imóveis,Médio,12731.62,0.0,6.73,845,32042.95,36348.29,Frequentemente,22.8,4.4,0,1,1,Saudável,26837.72,28128.940000000002,26,1219.8963636363637,4132.67,26.44,1291.2200000000012,12731.62,2.1079579817807947,1903.27,1240.05,2505.9900000000002,61.47,7659.04,4241.1900000000005,6287.8,0.0,315.62,2165.5,0.0,457.79,1.0,0.07091772326412228,0.04620548988513182,0.09337566678540503,0.0022904330174098246,0.28538340812855933,0.15803093556382586,0.23428964904619318,0.0,0.011760313469251486,0.08068867251018343,0.0,0.017057708329917744,4,0,0.15384615384615385,0.11538461538461539,0.11538461538461539,0.07692307692307693,0.11538461538461539,0.3076923076923077,0.11538461538461539
684,40,Feminino,Solteiro,4,Natal,RN,Motoboy,Fundamental,2214.64,56.83,55.09,573,1405.46,1455.16,Raramente,7.07,13.2,1,0,0,Em observação,31499.469999999998,32547.12,44,926.4549999999999,5835.45,24.7,1047.6500000000015,2214.64,14.223291370154968,3057.54,5261.08,2699.5,0.0,0.0,193.58,15783.22,950.39,197.1,1951.99,391.93,1013.14,1.0,0.09706639508537764,0.1670212228967662,0.08569985463247477,0.0,0.0,0.006145500225876817,0.5010630337589808,0.030171618760569625,0.0062572481378258115,0.061968979160601755,0.01244243157107088,0.03216371577045582,18,0,0.0,0.3409090909090909,0.22727272727272727,0.06818181818181818,0.06818181818181818,0.06818181818181818,0.22727272727272727
685,37,Feminino,Casado,2,Belém,PA,Cabeleireiro,Médio,3430.9,0.0,79.5,510,57.76,2065.89,Frequentemente,0.0,10.3,1,0,0,Em risco,43335.9,27585.06,57,902.8312500000001,4276.5,71.3,-15750.84,3430.9,12.63105890582646,7645.38,10458.34,0.0,0.0,370.39,5471.32,9935.58,1709.29,179.35,4786.77,1472.6200000000001,1306.86,1.0,0.17642139657881803,0.2413320134115133,0.0,0.0,0.00854695529572479,0.1262537526623423,0.2292690356032758,0.039442817617725716,0.004138601021324122,0.11045738060130285,0.03398152570963105,0.03015652149834202,10,1,0.07017543859649122,0.2631578947368421,0.08771929824561403,0.05263157894736842,0.19298245614035087,0.19298245614035087,0.14035087719298245
686,18,Feminino,Solteiro,0,Uberlândia,MG,Corretor de Imóveis,Médio,9243.67,1282.3,38.16,563,955.32,9785.79,Sempre,5.05,0.0,0,0,0,Em observação,30060.61,71707.25,43,939.3940625,3849.96,19.28,41646.64,9243.67,3.252021112826399,4530.57,6233.0,4888.79,3832.93,0.0,1003.5,7118.639999999999,0.0,363.87,0.0,780.12,1309.19,1.0,0.15071450645878443,0.20734775508547565,0.16263109763906985,0.12750672724206194,0.0,0.03338255610914083,0.23680956574068188,0.0,0.012104544784686672,0.0,0.025951569179733878,0.04355167776036481,9,2,0.06976744186046512,0.18604651162790697,0.13953488372093023,0.06976744186046512,0.0,0.32558139534883723,0.20930232558139536
687,28,Feminino,Casado,1,Fortaleza,CE,Farmacêutico,Superior,5563.88,0.0,35.87,621,3586.26,7542.23,Raramente,4.04,2.4,1,1,0,Em observação,26905.01,39654.18,37,960.8932142857142,5509.11,29.58,12749.170000000002,5563.88,4.835656052970229,997.19,4156.2300000000005,1795.18,1043.22,1416.78,2744.69,11706.91,0.0,29.58,2069.78,309.05,636.4,1.0,0.03706335734497033,0.15447792065492638,0.06672288915707521,0.03877419112648537,0.052658594068539656,0.10201408585241188,0.4351200761493863,0.0,0.0010994234902718862,0.07692916672396703,0.011486708237610766,0.023653587194355254,10,2,0.08108108108108109,0.13513513513513514,0.13513513513513514,0.02702702702702703,0.05405405405405406,0.3783783783783784,0.1891891891891892
688,56,Masculino,Solteiro,0,Manaus,AM,Estudante,Médio,1814.63,0.0,17.62,725,2583.2,3165.02,Às vezes,16.34,29.9,0,1,1,Saudável,46592.7,28919.37,53,1035.3933333333332,4781.22,15.26,-17673.329999999998,1814.63,25.67614334602646,5331.92,697.1800000000001,3789.75,0.0,9218.96,3056.89,18582.7,0.0,131.51,3487.4700000000003,1377.83,918.49,1.0,0.1144368109167316,0.014963288240432516,0.08133784906219216,0.0,0.19786275532433192,0.0656087756236492,0.3988328643757499,0.0,0.0028225451626542357,0.07485013746788662,0.029571799874229227,0.01971317395214272,10,0,0.07547169811320754,0.2641509433962264,0.16981132075471697,0.018867924528301886,0.03773584905660377,0.32075471698113206,0.11320754716981132
689,28,Feminino,Solteiro,0,Belém,PA,Autônomo,Médio,5205.93,0.0,83.23,368,176.89,1270.07,Nunca,1.27,4.1,0,0,0,Em risco,33824.79,21068.06,40,994.8467647058824,5761.61,23.38,-12756.73,5205.93,6.497357820792827,3595.3199999999997,7035.22,2856.64,0.0,0.0,2797.34,13461.24,0.0,0.0,3174.8100000000004,271.39,632.83,1.0,0.1062924559176864,0.20799005699665837,0.08445403504352872,0.0,0.0,0.08270088299143911,0.3979696548005176,0.0,0.0,0.09386044968793598,0.008023405318998285,0.018709059243235508,11,1,0.125,0.375,0.025,0.025,0.025,0.3,0.125
690,44,Feminino,União Estável,2,Niterói,RJ,Autônomo,Médio,10770.58,1189.44,4.49,793,29910.36,16321.49,Frequentemente,24.93,11.7,0,1,0,Saudável,62246.57,56429.399999999994,58,1270.338163265306,5441.42,34.21,-5817.1700000000055,10770.58,5.779314577302244,2746.5899999999997,3809.0699999999997,0.0,6439.76,13472.029999999999,2338.87,26630.59,483.87,0.0,5028.88,473.32000000000005,823.5899999999999,1.0,0.044124358980743836,0.06119325129079401,0.0,0.10345566028778774,0.21643007799465896,0.03757427919321498,0.42782421585639174,0.007773440367878905,0.0,0.08078967242693051,0.007603953117416752,0.0132310904841825,16,0,0.08620689655172414,0.1724137931034483,0.22413793103448276,0.06896551724137931,0.10344827586206896,0.1896551724137931,0.15517241379310345
691,60,Feminino,Divorciado,1,Goiânia,GO,Aposentado,Superior,5164.38,0.0,2.47,834,3242.44,6209.69,Frequentemente,18.54,6.7,1,0,1,Saudável,41658.340000000004,29811.78,38,1343.8174193548389,5113.1,31.13,-11846.560000000005,5164.38,8.066474581653559,669.8,94.29,0.0,5011.52,6942.43,40.89,21436.07,279.93,522.37,4012.84,1075.46,1572.74,1.0,0.016078413110075913,0.002263412320318092,0.0,0.12030052085608788,0.16665162366047231,0.0009815561541818517,0.5145685113713124,0.006719662857425427,0.012539385870872433,0.0963274100696283,0.025816199109229988,0.037753304620395334,12,0,0.07894736842105263,0.18421052631578946,0.15789473684210525,0.07894736842105263,0.07894736842105263,0.2631578947368421,0.15789473684210525
692,27,Masculino,Casado,2,Niterói,RJ,Analista Financeiro,Superior,7651.68,0.0,35.94,627,1681.46,5986.8,Raramente,5.69,6.8,0,0,0,Em observação,20209.03,28590.870000000003,29,842.0429166666667,5060.99,13.59,8381.840000000004,7651.68,2.641123256592016,1304.8,2506.8500000000004,439.52,0.0,3938.74,3880.95,5060.99,0.0,293.23,1334.89,219.0,1230.06,1.0,0.06456519684517267,0.12404603288727863,0.02174869352957564,0.0,0.19490000262259,0.19204038986532257,0.25043210881472294,0.0,0.014509850299593797,0.06605413520589559,0.010836739813835696,0.0608668501160125,6,1,0.10344827586206896,0.2413793103448276,0.0,0.034482758620689655,0.034482758620689655,0.41379310344827586,0.1724137931034483
693,24,Feminino,Casado,1,Maceió,AL,Autônomo,Médio,6348.82,0.0,39.63,653,3712.34,7266.97,Às vezes,10.24,4.7,1,0,1,Em observação,16791.95,17820.92,24,883.7868421052632,5928.62,20.08,1028.9699999999975,6348.82,2.6448930667431116,288.37,1158.85,1876.83,1232.03,1591.1,38.72,8442.880000000001,674.1700000000001,0.0,710.06,20.08,758.86,1.0,0.017173109734128555,0.06901223502928486,0.11176962770851508,0.07337027563802893,0.09475373616524584,0.0023058667992698883,0.5027933027432788,0.040148404443795985,0.0,0.04228573810665229,0.0011958110880511195,0.04519189254374864,5,0,0.125,0.16666666666666666,0.041666666666666664,0.125,0.125,0.2916666666666667,0.125
694,46,Feminino,Casado,0,Porto Alegre,RS,Estudante,Médio,2160.46,0.0,18.29,824,1874.96,5161.23,Frequentemente,20.28,15.7,1,0,1,Saudável,17470.350000000002,12912.7,23,919.492105263158,3736.51,48.28,-4557.6500000000015,2160.46,8.086402895679624,0.0,1283.4,1088.75,2533.09,0.0,2828.97,7694.63,0.0,182.85,486.59,0.0,1372.0700000000002,1.0,0.0,0.07346160780980346,0.06231987338547882,0.1449936606879656,0.0,0.1619297838909924,0.4404393729948169,0.0,0.010466304338493503,0.02785233266648922,0.0,0.07853706422595998,7,0,0.08695652173913043,0.17391304347826086,0.21739130434782608,0.043478260869565216,0.08695652173913043,0.21739130434782608,0.17391304347826086
695,46,Feminino,Solteiro,0,Juazeiro do Norte,CE,Técnico em Informática,Médio,5683.14,0.0,15.83,835,14430.78,14079.4,Frequentemente,20.74,2.2,0,1,0,Saudável,19314.329999999998,19349.11,26,919.7299999999999,4888.09,47.42,34.780000000002474,5683.14,3.3985314456444846,2317.95,323.2,2262.0,2291.37,7622.13,47.42,2791.7,0.0,0.0,0.0,699.98,958.5799999999999,1.0,0.12001192896673092,0.016733689441984268,0.11711511608220426,0.1186357486902212,0.39463600342336497,0.0024551718853307366,0.14454034905689195,0.0,0.0,0.0,0.036241484949257885,0.04963050750401386,5,0,0.07692307692307693,0.15384615384615385,0.19230769230769232,0.038461538461538464,0.038461538461538464,0.34615384615384615,0.15384615384615385
696,58,Masculino,Solteiro,1,Blumenau,SC,Gerente Comercial,Superior,11309.94,0.0,25.0,660,3937.44,13164.87,Frequentemente,4.77,31.2,0,1,1,Em observação,27846.05,73084.72,40,898.2596774193548,4313.44,42.5,45238.67,11309.94,2.462086447850298,3954.21,2109.25,2945.12,4165.79,0.0,1255.1,9976.69,0.0,178.09,717.2,493.77,2050.83,1.0,0.14200254614209198,0.07574682944259599,0.1057643723256979,0.14960075127351993,0.0,0.045072820022947595,0.3582802587799706,0.0,0.0063955210882692525,0.02575589715597006,0.01773213795134319,0.07364886581759351,9,0,0.1,0.125,0.175,0.0,0.05,0.35,0.2
697,27,Masculino,Casado,0,Santos,SP,Desenvolvedor de Software,Superior,10531.27,0.0,5.27,865,23357.42,30743.81,Sempre,13.79,3.1,1,1,1,Saudável,65376.43,64832.15,59,1334.212857142857,4952.56,52.01,-544.2799999999988,10531.27,6.207839130513224,4969.02,2952.36,0.0,3843.48,10358.73,2435.61,36280.15,733.0,677.8199999999999,2183.18,111.37,831.71,1.0,0.0760062915641004,0.04515939460138769,0.0,0.0587899951098584,0.15844747105340562,0.0372551697913147,0.5549423546070044,0.011211991844767295,0.01036795676974102,0.0333939922996713,0.0017035191429082316,0.012721863215840939,20,0,0.11864406779661017,0.11864406779661017,0.1016949152542373,0.01694915254237288,0.11864406779661017,0.3728813559322034,0.15254237288135594
698,39,Masculino,Casado,0,Florianópolis,SC,Analista de TI,Superior,6538.88,0.0,47.32,696,1428.3,8461.97,Frequentemente,6.92,16.4,1,0,0,Em observação,39755.5,56497.63,44,1169.2794117647059,4585.83,87.08,16742.129999999997,6538.88,6.079863829891358,2364.88,940.48,3740.05,18186.03,3529.44,1360.11,2391.57,121.87,0.0,4581.33,781.06,1758.68,1.0,0.059485605765240035,0.023656600973450216,0.09407629133075927,0.4574468941404334,0.08877865955653935,0.034211870055715556,0.060156959414420653,0.003065487794141691,0.0,0.11523764007495818,0.019646589780030435,0.04423740111431123,12,0,0.20454545454545456,0.20454545454545456,0.09090909090909091,0.0,0.0,0.29545454545454547,0.20454545454545456
699,25,Feminino,Solteiro,2,Vila Velha,ES,Aposentado,Médio,6744.5,0.0,0.0,722,8276.98,14231.59,Frequentemente,17.64,5.9,0,1,0,Saudável,31652.68,48320.42,53,736.1088372093024,4121.54,12.87,16667.739999999998,6744.5,4.693109941433761,4566.3,553.68,5201.4,465.57,2739.68,3848.69,7727.63,855.72,531.44,2949.48,1120.4099999999999,1092.68,1.0,0.144262665910122,0.017492357677138238,0.16432731762365776,0.014708707130012372,0.08655444025592778,0.12159128389760361,0.2441382530641955,0.027034677632352143,0.016789731548797766,0.09318263098101014,0.03539700271825324,0.03452093156092944,10,0,0.07547169811320754,0.11320754716981132,0.18867924528301888,0.05660377358490566,0.07547169811320754,0.32075471698113206,0.16981132075471697
700,30,Masculino,Casado,2,Maringá,PR,Corretor de Imóveis,Superior,8148.02,530.07,47.54,619,2254.48,4997.35,Nunca,7.93,7.6,1,1,1,Em observação,34077.39,71123.17,49,946.5941666666666,5992.84,17.43,37045.78,8148.02,4.18229091239344,2090.13,9237.25,0.0,4604.27,0.0,3460.13,10818.380000000001,397.21,253.78,1522.3899999999999,718.8,975.05,1.0,0.061334802929449705,0.2710668275944842,0.0,0.13511216674751209,0.0,0.10153741234290538,0.31746504060316827,0.011656115682568413,0.007447166581712978,0.044674489448869176,0.02109316470539557,0.02861281336393427,15,1,0.061224489795918366,0.1836734693877551,0.14285714285714285,0.061224489795918366,0.12244897959183673,0.22448979591836735,0.20408163265306123
701,28,Masculino,Divorciado,0,Feira de Santana,BA,Professor,Superior,5456.38,0.0,49.13,553,1177.11,5856.87,Frequentemente,10.38,1.9,0,0,0,Em observação,24961.14,21184.96,23,1313.7442105263158,5790.71,26.04,-3776.1800000000003,5456.38,4.574670385860222,862.39,369.99,1565.35,0.0,1965.16,2046.1100000000001,12844.44,0.0,0.0,4160.67,532.72,614.31,1.0,0.03454930343726288,0.014822640312101131,0.06271147872252629,0.0,0.07872877600942906,0.08197181699233289,0.5145774592025846,0.0,0.0,0.16668589655760915,0.021341973964330158,0.024610654801823954,7,0,0.13043478260869565,0.30434782608695654,0.0,0.0,0.08695652173913043,0.30434782608695654,0.17391304347826086
702,56,Masculino,Divorciado,2,Goiânia,GO,Recepcionista,Médio,3155.41,300.51,16.23,826,3690.43,8548.15,Sempre,13.22,30.7,1,1,0,Saudável,52477.020000000004,43205.340000000004,60,1140.8047826086956,4874.98,9.12,-9271.68,3155.41,16.630808674625488,3050.25,4649.4400000000005,5029.57,3078.42,19894.19,3692.1499999999996,5381.38,0.0,0.0,6121.09,1261.71,318.82,1.0,0.05812544233647413,0.08859954319052415,0.09584328530850264,0.05866224873287393,0.37910289113215645,0.07035746313338676,0.10254736263606432,0.0,0.0,0.11664324689168706,0.024043095434916083,0.0060754212034143705,13,1,0.08333333333333333,0.18333333333333332,0.13333333333333333,0.03333333333333333,0.08333333333333333,0.2833333333333333,0.2
703,18,Feminino,Solteiro,0,Olinda,PE,Analista Financeiro,Superior,11477.91,994.28,8.53,908,8362.21,26634.95,Às vezes,25.99,0.0,0,0,0,Saudável,26058.8,28193.38,34,898.5793103448276,4874.11,15.16,2134.5800000000017,11477.91,2.2703436427015022,1493.36,4494.88,0.0,131.52,9180.880000000001,1596.63,4370.17,638.16,293.1,2385.26,299.31,1175.53,1.0,0.057307320367783625,0.172489907440097,0.0,0.00504704744654397,0.3523139975747157,0.06127028105668719,0.16770419205796122,0.024489232044453312,0.011247639952722306,0.09153376210723442,0.011485947165640782,0.04511067278616053,6,1,0.058823529411764705,0.11764705882352941,0.23529411764705882,0.029411764705882353,0.17647058823529413,0.23529411764705882,0.14705882352941177
704,43,Masculino,Solteiro,0,Niterói,RJ,Corretor de Imóveis,Médio,10189.48,2430.69,15.04,781,16606.14,16976.69,Frequentemente,15.61,19.5,0,0,1,Saudável,25953.74,69825.76000000001,43,811.054375,4935.29,36.38,43872.020000000004,10189.48,2.5471113344351237,3855.12,4618.62,3848.8199999999997,2048.87,10111.83,83.91,0.0,335.73,0.0,155.42,324.69,570.73,1.0,0.14853812976472755,0.17795585530254984,0.14829539018268656,0.078943150389886,0.3896097441062444,0.003233060052231393,0.0,0.012935707917240444,0.0,0.005988346958858337,0.012510335697282934,0.021990279628292492,9,0,0.09302325581395349,0.18604651162790697,0.18604651162790697,0.023255813953488372,0.06976744186046512,0.2558139534883721,0.18604651162790697
705,21,Masculino,Solteiro,0,Rio de Janeiro,RJ,Advogado,Pós-graduação,19662.64,0.0,11.63,790,13021.13,28985.4,Às vezes,13.3,2.6,1,1,1,Saudável,47266.61,78431.96,42,1312.961388888889,5705.67,11.5,31165.350000000006,19662.64,2.4038791332191405,2166.92,2621.9300000000003,4165.05,3738.18,18567.239999999998,2744.94,9074.59,11.5,515.75,2253.9500000000003,0.0,1406.56,1.0,0.04584462477846412,0.055471082017517236,0.08811822976092426,0.07908711879273762,0.3928193707989635,0.058073553402708596,0.19198732466745552,0.00024330071481750012,0.010911508144967452,0.047685882275035174,0.0,0.029758004646408955,9,0,0.047619047619047616,0.14285714285714285,0.21428571428571427,0.047619047619047616,0.14285714285714285,0.2619047619047619,0.14285714285714285
706,34,Feminino,Solteiro,1,Vila Velha,ES,Analista de TI,Superior,5889.41,0.0,79.6,475,509.0,3470.87,Às vezes,1.28,4.0,1,0,1,Em risco,36302.25,39905.14,46,1008.3958333333334,5906.04,12.82,3602.8899999999994,5889.41,6.163987564119326,4137.5,5068.95,2279.04,8323.61,2072.45,1123.48,10240.65,0.0,0.0,1339.75,301.90999999999997,1414.9099999999999,1.0,0.11397365177089575,0.13963184100159082,0.06277957977811292,0.22928633900102613,0.05708874794262063,0.03094794399796156,0.2820940850773712,0.0,0.0,0.03690542597221935,0.008316564400278219,0.0389758210579234,7,1,0.30434782608695654,0.2391304347826087,0.08695652173913043,0.0,0.043478260869565216,0.13043478260869565,0.1956521739130435
707,30,Feminino,Solteiro,3,Belo Horizonte,MG,Veterinário,Superior,9980.35,1940.25,0.0,890,8978.15,16974.04,Frequentemente,21.83,0.5,0,0,1,Saudável,43424.75,32403.71,38,1315.9015151515152,4641.6,52.66,-11021.04,9980.35,4.351024763660593,3832.02,2425.49,2290.31,3805.5099999999998,11627.69,3786.1,12032.04,0.0,0.0,1375.8,796.7,1453.0900000000001,1.0,0.08824506761696958,0.05585501355793643,0.052742042268521985,0.08763458626704816,0.26776642352575436,0.08718760614626452,0.2770779336668605,0.0,0.0,0.031682393105314365,0.018346680176627383,0.03346225366870276,5,0,0.05263157894736842,0.10526315789473684,0.23684210526315788,0.07894736842105263,0.13157894736842105,0.2894736842105263,0.10526315789473684
708,21,Feminino,Divorciado,1,Rio de Janeiro,RJ,Vendedor,Médio,2406.61,0.0,63.79,510,141.38,1302.23,Nunca,0.62,0.1,0,0,0,Em risco,33399.29,22770.81,39,1043.7278125,5574.66,22.68,-10628.48,2406.61,13.878148100440038,2631.1,7749.57,2700.67,3058.58,0.0,1870.4799999999998,11825.7,0.0,499.79,2534.79,126.87,401.74,1.0,0.07877712370532428,0.23202798622365922,0.08086010211594319,0.09157619817666782,0.0,0.056003585704965574,0.35407040089774366,0.0,0.01496409055402076,0.07589352947323132,0.003798583742349014,0.01202839940609516,11,5,0.15384615384615385,0.3333333333333333,0.15384615384615385,0.02564102564102564,0.02564102564102564,0.15384615384615385,0.15384615384615385
709,35,Masculino,Solteiro,1,Duque de Caxias,RJ,Médico,Pós-graduação,24958.36,0.0,0.0,841,67765.66,51262.78,Frequentemente,18.98,9.9,1,1,1,Saudável,43449.42,114549.41,58,886.7228571428572,4376.46,13.56,71099.99,24958.36,1.740876403738066,3257.49,5736.87,0.0,5178.87,12652.630000000001,933.15,8837.29,918.22,380.06,1446.77,1860.8400000000001,2247.23,1.0,0.07497200192775876,0.13203559449124982,0.0,0.1191930755347252,0.29120365703385687,0.021476696351757977,0.20339258843961555,0.021133078416236628,0.008747182355943992,0.03329779776116689,0.04282772934598437,0.05172059834170399,11,1,0.13793103448275862,0.20689655172413793,0.1724137931034483,0.034482758620689655,0.08620689655172414,0.22413793103448276,0.13793103448275862
710,27,Feminino,Solteiro,1,Uberlândia,MG,Autônomo,Médio,5804.11,0.0,37.54,651,3513.63,5459.66,Raramente,2.11,8.5,1,0,0,Em observação,28893.38,35073.55,40,932.0445161290323,5560.48,13.45,6180.170000000002,5804.11,4.978089664048407,2409.58,4093.43,684.3,0.0,4578.6,3326.74,9078.099999999999,0.0,181.56,3411.8999999999996,296.98,832.1899999999999,1.0,0.0833955736573568,0.14167362904582295,0.023683625799404567,0.0,0.15846536473060613,0.11513848500936892,0.31419307813762176,0.0,0.006283792342744255,0.11808587295775017,0.01027847901491622,0.028802099304408135,7,2,0.025,0.275,0.2,0.0,0.025,0.275,0.2
711,35,Feminino,União Estável,3,Juiz de Fora,MG,Professor,Superior,2422.34,111.83,61.04,374,409.89,1257.82,Nunca,0.0,8.8,1,0,0,Em risco,48330.82,27183.1,48,1306.2383783783785,5300.1,32.55,-21147.72,2422.34,19.95212067670104,2461.03,9818.9,2469.87,4279.389999999999,0.0,4942.889999999999,19467.29,39.53,0.0,2926.75,392.61,1532.56,1.0,0.05092050993548217,0.20316021950382798,0.051103415998321564,0.08854370772107735,0.0,0.10227200779957799,0.4027924624494267,0.0008179046000047175,0.0,0.06055659721891745,0.008123387933413917,0.03170978683995016,13,2,0.10416666666666667,0.22916666666666666,0.125,0.041666666666666664,0.14583333333333334,0.14583333333333334,0.20833333333333334
712,41,Masculino,Casado,1,Curitiba,PR,Aposentado,Médio,4981.17,319.86,39.08,609,2320.54,6395.77,Frequentemente,2.29,1.8,1,0,0,Em observação,14831.95,14992.119999999999,27,674.1795454545455,2317.81,42.39,160.16999999999825,4981.17,2.9776036553661087,1590.06,3156.4700000000003,636.64,2317.81,0.0,6091.61,0.0,0.0,0.0,0.0,272.64,766.72,1.0,0.1072050539544699,0.21281557718304067,0.04292355354488115,0.1562714275600983,0.0,0.41070863912027744,0.0,0.0,0.0,0.0,0.018381938989815903,0.05169380964741656,2,3,0.14814814814814814,0.2222222222222222,0.14814814814814814,0.0,0.037037037037037035,0.3333333333333333,0.1111111111111111
713,56,Masculino,Solteiro,2,Juiz de Fora,MG,Cabeleireiro,Médio,4468.25,0.0,50.07,552,726.83,2646.75,Raramente,12.0,33.4,1,0,0,Em observação,33886.979999999996,45427.630000000005,45,1026.8781818181817,4754.65,16.37,11540.650000000009,4468.25,7.583948973311698,5651.66,1401.3,0.0,550.89,4419.05,2240.09,16825.15,0.0,0.0,1232.9099999999999,808.69,757.24,1.0,0.1667796894264405,0.04135216534492009,0.0,0.01625668619629132,0.13040554218758948,0.06610473993256408,0.49650780329200195,0.0,0.0,0.03638300019653566,0.023864327833285827,0.02234604559037129,13,1,0.1111111111111111,0.13333333333333333,0.15555555555555556,0.044444444444444446,0.06666666666666667,0.24444444444444444,0.24444444444444444
714,22,Masculino,Solteiro,0,Porto Alegre,RS,Professor,Médio,4833.57,0.0,40.61,677,2645.01,6597.54,Frequentemente,11.64,4.0,0,0,1,Em observação,25410.38,19831.370000000003,30,977.3223076923077,5795.09,60.65,-5579.009999999998,4833.57,5.2570625852113455,2716.62,1792.16,0.0,7766.9400000000005,1872.3899999999999,910.21,8224.03,0.0,177.51,451.46000000000004,302.91,1196.1499999999999,1.0,0.10690985337488065,0.07052865797363125,0.0,0.3056601278690047,0.07368602909519652,0.035820400954255704,0.32364844602874887,0.0,0.006985727879709,0.017766755160686303,0.01192071901325364,0.04707328265063332,6,0,0.13333333333333333,0.1,0.26666666666666666,0.06666666666666667,0.13333333333333333,0.2,0.1
715,37,Feminino,Casado,0,Campo Grande,MS,Analista Financeiro,Superior,11231.25,0.0,20.38,802,17274.31,34580.59,Frequentemente,22.42,8.8,0,1,1,Saudável,22405.94,26011.04,24,1179.26,5412.28,26.52,3605.100000000002,11231.25,1.9949640511964384,1449.41,1139.1,2351.72,0.0,8053.620000000001,2808.9900000000002,5412.28,0.0,0.0,0.0,36.96,1153.8600000000001,1.0,0.06468864952775917,0.05083919710576749,0.10495966694546179,0.0,0.35944129101479344,0.1253680943535509,0.24155558749153128,0.0,0.0,0.0,0.0016495625713538464,0.05149795098978218,4,0,0.041666666666666664,0.08333333333333333,0.16666666666666666,0.0,0.0,0.5,0.20833333333333334
716,35,Masculino,Casado,0,Fortaleza,CE,Gerente Comercial,Superior,9276.68,0.0,91.69,425,-332.53,2494.67,Nunca,2.18,3.7,1,0,1,Em risco,28661.38,38762.5,34,1061.5325925925927,5652.09,53.77,10101.119999999999,9276.68,3.089616112660995,1158.4,4711.75,5622.15,0.0,0.0,1117.35,12141.83,0.0,0.0,2135.52,1109.34,665.04,1.0,0.04041675592731404,0.16439368934782622,0.19615768675478987,0.0,0.0,0.0389845150512641,0.42363033461752364,0.0,0.0,0.07450862449749454,0.038705044907118916,0.023203348896668616,10,2,0.0,0.4117647058823529,0.14705882352941177,0.0,0.08823529411764706,0.14705882352941177,0.20588235294117646
717,41,Feminino,Viúvo,0,Niterói,RJ,Vendedor,Médio,2466.55,0.0,55.0,419,56.93,1096.46,Raramente,1.64,10.1,0,0,1,Em risco,20892.48,19332.0,28,994.88,4001.9,14.08,-1560.4799999999996,2466.55,8.470324947801585,3139.56,1541.25,4089.7200000000003,4001.9,0.0,26.31,2808.2,231.71,0.0,4286.49,304.85,462.49,1.0,0.15027225106832698,0.07377056242246013,0.1957508156044663,0.19154738929988208,0.0,0.0012593047833478839,0.1344119989584769,0.011090593361822053,0.0,0.20516903689748656,0.014591374504127803,0.022136673099603304,6,2,0.07142857142857142,0.39285714285714285,0.07142857142857142,0.03571428571428571,0.0,0.17857142857142858,0.25
718,32,Masculino,Casado,0,Cuiabá,MT,Enfermeiro,Fundamental,3757.52,0.0,57.03,382,-154.85,1006.59,Raramente,0.92,2.7,1,0,0,Em risco,33386.97,46399.37,42,1043.3428125,3973.5,25.75,13012.400000000001,3757.52,8.88537386361217,2191.91,9261.36,2368.75,9543.93,0.0,1561.25,6596.46,0.0,357.16,163.89,320.83,1021.4300000000001,1.0,0.06565165991403232,0.27739444459919543,0.0709483370308836,0.2858579260112553,0.0,0.04676225485571167,0.19757588065044537,0.0,0.01069758651354106,0.004908801247911984,0.009609437454192458,0.030593671722830795,10,3,0.14285714285714285,0.30952380952380953,0.11904761904761904,0.023809523809523808,0.047619047619047616,0.14285714285714285,0.21428571428571427
719,37,Feminino,União Estável,1,Olinda,PE,Engenheiro de Produção,Superior,11149.02,0.0,10.62,806,29751.33,28829.34,Sempre,14.78,0.9,0,0,1,Saudável,17777.289999999997,34272.8,28,740.7204166666666,4336.4,25.77,16495.510000000006,11149.02,1.5945159305481555,4127.7,0.0,0.0,2121.31,4250.24,640.1899999999999,5429.2699999999995,0.0,248.25,0.0,113.46,846.87,1.0,0.23218949569928826,0.0,0.0,0.1193269615335071,0.2390825598277353,0.03601167557034846,0.3054048170446677,0.0,0.013964445649477509,0.0,0.006382300114359389,0.04763774456061639,5,0,0.17857142857142858,0.10714285714285714,0.25,0.0,0.03571428571428571,0.2857142857142857,0.14285714285714285
720,36,Feminino,Casado,4,Manaus,AM,Enfermeiro,Superior,5970.94,0.0,44.55,567,2454.33,7171.31,Às vezes,4.83,18.0,1,0,0,Em observação,28558.64,32228.11,34,1098.4092307692308,4999.12,18.68,3669.470000000001,5970.94,4.782938699769216,2055.2,1935.72,782.03,0.0,545.77,1141.96,17749.379999999997,0.0,83.9,3704.35,376.4,183.93,1.0,0.07196421118092458,0.06778053856906352,0.027383306768109406,0.0,0.01911050386152842,0.039986497956485324,0.6215064863032692,0.0,0.002937814965978772,0.12971030833401032,0.013179899322936946,0.006440432737693392,11,1,0.08823529411764706,0.20588235294117646,0.14705882352941177,0.029411764705882353,0.08823529411764706,0.2647058823529412,0.17647058823529413
721,18,Masculino,Casado,1,Pelotas,RS,Estudante,Médio,1412.0,0.0,88.11,429,-69.36,251.36,Nunca,2.35,0.0,1,0,0,Em risco,43566.15,23572.83,59,871.323,5982.86,18.08,-19993.32,1412.0,30.85421388101983,2022.99,6096.66,5141.61,5070.33,0.0,4086.84,14519.92,645.98,460.92,3470.0099999999998,261.69,1789.2,1.0,0.04643490416297974,0.13994029768524416,0.11801846158083741,0.11638232894116188,0.0,0.09380769244011693,0.3332844421643868,0.014827566815061694,0.010579773516824416,0.07964922307800895,0.006006727700290248,0.04106858191508775,11,6,0.15254237288135594,0.3559322033898305,0.11864406779661017,0.03389830508474576,0.06779661016949153,0.13559322033898305,0.13559322033898305
722,43,Feminino,Casado,2,Cuiabá,MT,Professor,Superior,5831.72,0.0,25.91,868,14271.23,11966.7,Frequentemente,20.81,14.6,1,0,0,Saudável,28616.82,39827.39,32,1192.3675,5203.09,21.76,11210.57,5831.72,4.90709773445913,1965.5,2892.41,0.0,4383.11,5969.17,326.99,11617.19,0.0,0.0,1018.57,21.76,422.12,1.0,0.0686833827098888,0.10107377409509512,0.0,0.15316551594481845,0.20858956376005441,0.011426496724653543,0.40595670658025595,0.0,0.0,0.035593402761033545,0.0007603919652847522,0.014750765458915422,10,0,0.125,0.125,0.15625,0.0625,0.0625,0.25,0.21875
723,36,Outro,Casado,0,Goiânia,GO,Cabeleireiro,Médio,4999.95,661.85,17.0,908,6170.33,7943.18,Sempre,16.06,11.4,0,0,0,Saudável,18483.71,23164.15,24,1026.8727777777776,4220.46,77.73,4680.440000000002,4999.95,3.696778967789678,1709.58,3718.72,0.0,2731.66,221.75,1491.6,7251.280000000001,0.0,0.0,759.06,0.0,600.0600000000001,1.0,0.09249117195627934,0.2011890470040917,0.0,0.14778743012090106,0.011997050375709205,0.08069808496238039,0.3923065228787944,0.0,0.0,0.04106643092755729,0.0,0.032464261774286664,8,0,0.125,0.08333333333333333,0.20833333333333334,0.0,0.08333333333333333,0.2916666666666667,0.20833333333333334
724,41,Feminino,Viúvo,0,São Luís,MA,Empresário,Superior,19336.14,0.0,45.39,598,10621.97,23569.15,Frequentemente,7.49,6.6,0,1,1,Em observação,26332.71,72170.08,46,675.1976923076923,4847.21,30.07,45837.37,19336.14,1.361839022679811,1974.6200000000001,5556.3,1451.78,1131.1100000000001,0.0,2956.0,7832.96,995.03,0.0,1552.03,1771.93,1110.95,1.0,0.07498734463714521,0.21100372882244176,0.055132191103764105,0.042954561076319155,0.0,0.11225582175173007,0.2974612183858023,0.03778684381516373,0.0,0.05893924324537809,0.06729007382832987,0.04218897333392575,8,2,0.08695652173913043,0.15217391304347827,0.1956521739130435,0.043478260869565216,0.13043478260869565,0.2608695652173913,0.13043478260869565
725,25,Feminino,Solteiro,4,Joinville,SC,Jornalista,Superior,6383.64,0.0,46.66,514,1888.6,4384.43,Raramente,4.79,7.0,0,1,1,Em observação,32289.06,18029.4,24,1614.453,5746.77,30.65,-14259.66,6383.64,5.058095381318496,1372.68,1557.09,0.0,0.0,6084.02,1320.07,18160.0,785.95,0.0,1916.11,648.03,445.10999999999996,1.0,0.042512231697051574,0.04822345401197805,0.0,0.0,0.1884235713272545,0.04088288726893877,0.5624195935093805,0.02434106164750538,0.0,0.05934239027088431,0.020069645880059685,0.013785164386947156,6,0,0.16666666666666666,0.125,0.20833333333333334,0.041666666666666664,0.08333333333333333,0.20833333333333334,0.16666666666666666
726,32,Feminino,Solteiro,0,São Paulo,SP,Motorista,Médio,2777.53,0.0,55.0,448,130.0,2184.05,Às vezes,1.92,1.9,1,1,0,Em risco,38707.27,16752.15,30,1612.8029166666665,5978.94,31.25,-21955.119999999995,2777.53,13.935860278736861,629.47,8540.76,31.25,3619.19,0.0,2012.44,20352.02,979.92,0.0,1466.02,487.41,588.79,1.0,0.01626231971410022,0.2206500225926551,0.0008073418766035425,0.0935015566843128,0.0,0.05199126675686506,0.5257932166231305,0.025316174455082986,0.0,0.037874538814026415,0.012592208130410645,0.015211354352812793,11,2,0.13333333333333333,0.16666666666666666,0.1,0.03333333333333333,0.1,0.3,0.16666666666666666
727,46,Feminino,Casado,4,Manaus,AM,Funcionário Público,Superior,10410.36,0.0,30.0,797,7767.34,23981.89,Às vezes,20.73,5.0,1,1,0,Saudável,57518.24,71497.51,54,1337.6334883720929,5720.95,22.14,13979.269999999997,10410.36,5.525096154215608,4759.4800000000005,2621.21,2225.37,0.0,8267.12,2777.43,33384.63,1245.0,0.0,186.87,1291.73,759.4000000000001,1.0,0.08274731632956782,0.045571804700561075,0.038689813874694355,0.0,0.14373040621548921,0.048287812700805864,0.5804181421406496,0.021645307645018347,0.0,0.003248882441465525,0.02245774557775064,0.013202768373997538,15,1,0.05555555555555555,0.2037037037037037,0.07407407407407407,0.05555555555555555,0.12962962962962962,0.2962962962962963,0.18518518518518517
728,45,Feminino,Casado,1,Belém,PA,Empresário,Fundamental,14162.84,0.0,62.12,356,-383.68,3237.5,Raramente,0.0,11.3,0,0,1,Em risco,28045.48,63296.32,29,1219.368695652174,5131.54,49.88,35250.84,14162.84,1.9802158324177919,1960.25,578.11,1931.1,0.0,0.0,3302.67,18335.24,0.0,0.0,0.0,933.04,1005.0699999999999,1.0,0.06989539847419263,0.020613303819367684,0.06885601530086131,0.0,0.0,0.11776122212919872,0.6537680938247448,0.0,0.0,0.0,0.03326881907530197,0.03583714737633301,7,1,0.3103448275862069,0.27586206896551724,0.06896551724137931,0.0,0.034482758620689655,0.13793103448275862,0.1724137931034483
729,23,Feminino,Solteiro,0,Maceió,AL,Eletricista,Médio,6289.32,579.12,6.97,1000,11293.59,8793.18,Frequentemente,25.7,2.4,1,1,0,Saudável,21540.42,17861.85,21,1346.27625,5738.63,80.38,-3678.5699999999997,6289.32,3.4249203411497584,1838.65,1002.28,0.0,2064.99,6525.35,576.42,5738.63,969.16,80.38,1842.21,344.12,558.23,1.0,0.0853581313641981,0.04653019764702824,0.0,0.09586581877233591,0.30293513311253917,0.026759923901205268,0.26641216837926096,0.044992623170764544,0.003731589263347697,0.08552340205065641,0.015975547366300195,0.025915464972363588,3,0,0.047619047619047616,0.14285714285714285,0.14285714285714285,0.09523809523809523,0.14285714285714285,0.23809523809523808,0.19047619047619047
730,41,Feminino,Casado,2,Niterói,RJ,Funcionário Público,Médio,10504.35,0.0,25.38,910,15990.14,18851.12,Frequentemente,24.86,1.1,1,1,1,Saudável,39376.6,77488.66,53,937.5380952380953,5884.01,17.17,38112.060000000005,10504.35,3.748599389776616,4507.42,3344.74,2511.8,4390.46,10008.75,951.41,8488.49,0.0,400.11,2364.04,1065.58,1343.8,1.0,0.11446950727081567,0.08494232615309599,0.06378915396453733,0.11149921526998269,0.2541801476003515,0.024161811837487238,0.21557193866407967,0.0,0.010161110913588274,0.06003667152572848,0.027061249574620458,0.03412686722571273,9,0,0.05660377358490566,0.1509433962264151,0.09433962264150944,0.0,0.09433962264150944,0.39622641509433965,0.20754716981132076
731,52,Feminino,União Estável,4,Manaus,AM,Cozinheiro,Médio,4138.97,0.0,12.1,792,3145.22,9675.41,Frequentemente,26.27,34.0,0,0,1,Saudável,14576.25,17703.71,21,911.015625,4059.31,24.26,3127.459999999999,4138.97,3.5217095074378406,583.54,0.0,0.0,0.0,8132.38,1489.1,0.0,551.12,0.0,2595.01,433.69,791.4100000000001,1.0,0.040033616327930704,0.0,0.0,0.0,0.5579199039533488,0.10215933453391647,0.0,0.037809450304433584,0.0,0.1780300145785096,0.029753194408712803,0.05429448589314811,5,0,0.0,0.19047619047619047,0.09523809523809523,0.0,0.19047619047619047,0.2857142857142857,0.23809523809523808
732,73,Masculino,Casado,3,Rio de Janeiro,RJ,Enfermeiro,Superior,4044.59,0.0,80.75,388,662.64,2518.16,Nunca,0.96,10.2,1,0,0,Em risco,28247.559999999998,24698.45,49,672.5609523809524,5388.44,18.17,-3549.109999999997,4044.59,6.984035464657727,3225.76,3323.95,0.0,437.16,0.0,1128.1399999999999,12339.81,956.61,0.0,3771.96,1099.15,1965.02,1.0,0.11419605799580568,0.1176721104406894,0.0,0.015476026955956552,0.0,0.039937608770456635,0.4368451646797104,0.03386522588145667,0.0,0.13353224136881203,0.03891132543837415,0.06956423846873855,9,4,0.12244897959183673,0.3469387755102041,0.1836734693877551,0.061224489795918366,0.04081632653061224,0.12244897959183673,0.12244897959183673
733,49,Feminino,Casado,4,Pelotas,RS,Desenvolvedor de Software,Superior,11882.52,0.0,44.17,581,2718.03,11324.63,Às vezes,8.77,8.7,1,1,1,Em observação,33713.72,114383.55,48,936.4922222222223,3102.5,19.22,80669.83,11882.52,2.8372533772297457,3981.16,816.2900000000001,1880.13,5506.9400000000005,2306.83,2407.42,13996.53,0.0,0.0,2032.49,467.62,318.31,1.0,0.11808723570107361,0.024212397801251243,0.05576750355641561,0.1633441815379614,0.0684240718615448,0.07140772362112517,0.415158279774525,0.0,0.0,0.06028673192990865,0.013870317484988307,0.009441556731206167,13,0,0.16666666666666666,0.25,0.0625,0.020833333333333332,0.08333333333333333,0.16666666666666666,0.25
734,43,Feminino,Casado,4,Belo Horizonte,MG,Aposentado,Médio,5494.38,277.69,41.78,653,2586.92,4778.39,Raramente,8.83,12.6,0,0,0,Em observação,20568.66,35784.3,33,791.1023076923077,3670.54,94.16,15215.640000000003,5494.38,3.7435816234042782,2934.66,2870.14,0.0,304.82,3615.4,1280.62,4260.26,1451.06,0.0,2241.4300000000003,912.48,697.79,1.0,0.14267628518338094,0.1395394741320047,0.0,0.014819633364545868,0.17577226712872887,0.06226074036908578,0.20712384764005046,0.07054713335725321,0.0,0.10897306873661193,0.04436263713824819,0.033924912950090085,6,1,0.12121212121212122,0.12121212121212122,0.18181818181818182,0.030303030303030304,0.09090909090909091,0.24242424242424243,0.21212121212121213
735,22,Feminino,Solteiro,0,Londrina,PR,Médico,Pós-graduação,20009.14,495.31,31.09,625,5582.71,24712.5,Às vezes,3.76,4.0,0,1,1,Em observação,30844.63,88928.84,49,771.11575,4889.51,41.22,58084.20999999999,20009.14,1.5415270221508772,4374.89,7050.43,0.0,2627.99,0.0,1466.1,10134.75,0.0,574.31,2094.87,1860.67,660.62,1.0,0.14183635854928395,0.22857884824684233,0.0,0.08520089234333496,0.0,0.04753177457469906,0.32857421210758564,0.0,0.018619448506920003,0.06791684646565706,0.06032395266210034,0.02141766654357663,7,2,0.061224489795918366,0.22448979591836735,0.1836734693877551,0.10204081632653061,0.08163265306122448,0.1836734693877551,0.16326530612244897
736,32,Feminino,Casado,2,São Paulo,SP,Engenheiro Civil,Superior,8060.98,0.0,63.56,504,446.05,6028.09,Raramente,1.11,3.9,1,0,0,Em risco,49229.1,46431.729999999996,57,1004.6755102040815,5215.28,8.5,-2797.3700000000026,8060.98,6.107086235172399,3681.0,11304.289999999999,5862.98,4372.19,0.0,1682.9599999999998,13397.41,356.05,0.0,5675.77,1589.46,1306.99,1.0,0.0747728477668696,0.22962617638754312,0.11909581934262459,0.08881312069487356,0.0,0.03418628412869624,0.27214411801150135,0.007232510852321087,0.0,0.1152929872778499,0.032287000981127016,0.02654913455659356,15,4,0.03508771929824561,0.38596491228070173,0.15789473684210525,0.017543859649122806,0.08771929824561403,0.19298245614035087,0.12280701754385964
737,35,Feminino,Solteiro,1,João Pessoa,PB,Gerente Comercial,Superior,8992.61,821.98,48.66,538,1358.47,9608.43,Raramente,9.9,15.0,0,0,0,Em observação,24876.63,80079.21,45,753.8372727272728,5296.09,17.81,55202.58,8992.61,2.7663414737211998,4651.15,1292.35,3285.6800000000003,4929.27,0.0,941.54,7470.97,0.0,101.92,35.15,595.41,1573.19,1.0,0.18696865290837222,0.051950364659521804,0.13207898336712007,0.19814862382887072,0.0,0.03784837415678892,0.30032082319831904,0.0,0.004097017964249981,0.0014129727378668251,0.023934512029965473,0.06323967514892491,12,0,0.06666666666666667,0.28888888888888886,0.15555555555555556,0.0,0.08888888888888889,0.17777777777777778,0.2222222222222222
738,47,Masculino,Casado,0,Uberlândia,MG,Analista Financeiro,Superior,6143.89,0.0,75.9,427,460.93,1365.85,Nunca,0.0,15.5,1,0,1,Em risco,31706.37,66125.52,59,704.586,4076.43,25.27,34419.15000000001,6143.89,5.160634386357828,3302.12,1387.87,4710.15,1251.89,0.0,4398.67,7858.539999999999,1494.6599999999999,563.9200000000001,2263.8900000000003,1620.51,2854.15,1.0,0.1041468954030373,0.04377259206903849,0.1485553218485749,0.039483863968029144,0.0,0.13873142841643493,0.24785366473677053,0.04714068497907518,0.017785700475961144,0.07140174040736925,0.05110991892165518,0.09001818877405393,15,4,0.15254237288135594,0.3389830508474576,0.0847457627118644,0.05084745762711865,0.03389830508474576,0.1016949152542373,0.23728813559322035
739,19,Masculino,Solteiro,0,Belo Horizonte,MG,Jornalista,Superior,5086.98,0.0,58.0,603,1019.85,4285.12,Às vezes,5.74,0.8,0,0,0,Em observação,21881.8,14963.31,26,994.6272727272727,5520.86,89.27,-6918.49,5086.98,4.301530574132393,2287.63,4486.599999999999,0.0,0.0,4555.54,1510.0,5520.86,0.0,368.14,2242.6800000000003,204.93,705.42,1.0,0.10454487290807887,0.20503797676607954,0.0,0.0,0.20818854024806005,0.06900712007238893,0.25230374100850933,0.0,0.016824027273807458,0.10249065433373855,0.009365317295652095,0.03223775009368516,2,1,0.11538461538461539,0.19230769230769232,0.23076923076923078,0.038461538461538464,0.07692307692307693,0.2692307692307692,0.07692307692307693
740,27,Feminino,Divorciado,0,Feira de Santana,BA,Funcionário Público,Superior,8373.89,0.0,25.73,630,2846.78,9160.56,Raramente,11.53,5.0,1,0,1,Em observação,34758.26,57619.63,45,965.5072222222223,4973.55,22.2,22861.369999999995,8373.89,4.15079013457306,5431.08,6846.54,1133.52,461.62,4048.61,1163.39,8706.46,2107.77,0.0,3691.27,349.33,818.67,1.0,0.15625293095799386,0.19697591306354229,0.03261152888550808,0.013280871942381464,0.1164790757650124,0.03347089296184562,0.2504860715122103,0.060640837602342575,0.0,0.10619835400276077,0.010050272942316444,0.023553250364086117,8,0,0.1111111111111111,0.2222222222222222,0.13333333333333333,0.06666666666666667,0.044444444444444446,0.24444444444444444,0.17777777777777778
741,42,Feminino,Casado,0,São Luís,MA,Pedreiro,Fundamental,3521.46,0.0,48.13,566,850.7,3238.28,Raramente,8.14,8.0,1,0,1,Em observação,35120.159999999996,16614.08,31,1404.8064,5147.43,34.08,-18506.079999999994,3521.46,9.973181578095447,2569.4500000000003,2442.14,0.0,7308.599999999999,0.0,1094.28,17778.69,0.0,133.23,3030.6000000000004,470.51,292.65999999999997,1.0,0.07316168263470327,0.0695366991494344,0.0,0.20810269657085845,0.0,0.031158172400125743,0.5062246299561278,0.0,0.003793547637596184,0.086292317574863,0.013397148532352928,0.008333105543938296,9,1,0.12903225806451613,0.25806451612903225,0.06451612903225806,0.06451612903225806,0.0967741935483871,0.1935483870967742,0.1935483870967742
742,42,Feminino,Viúvo,0,Goiânia,GO,Desenvolvedor de Software,Superior,9786.1,0.0,14.75,759,18082.38,29345.37,Sempre,32.0,19.1,0,1,1,Saudável,29821.87,47478.28,35,1104.5137037037036,4384.75,18.69,17656.41,9786.1,3.047370249639795,2282.88,4119.860000000001,6031.22,0.0,5274.4400000000005,2395.6800000000003,7673.51,0.0,473.69,0.0,0.0,1570.59,1.0,0.07655053153943733,0.13814894907663405,0.20224150933526303,0.0,0.17686483107866813,0.08033299052004453,0.2573114965627575,0.0,0.015883980447906183,0.0,0.0,0.05266571143928935,9,0,0.0,0.2,0.2,0.02857142857142857,0.11428571428571428,0.2857142857142857,0.17142857142857143
743,32,Feminino,Solteiro,1,Goiânia,GO,Engenheiro Civil,Superior,10453.57,1061.03,54.66,521,6156.58,5858.69,Raramente,3.85,7.2,0,1,1,Em observação,20816.03,37997.94,22,1156.4461111111111,4672.33,19.62,17181.910000000003,10453.57,1.9912843172236852,1282.63,1693.86,499.21,2188.62,1885.3799999999999,1126.83,10419.61,0.0,0.0,0.0,1104.67,615.22,1.0,0.06161741696183183,0.08137286504679327,0.023981998488664745,0.10514108598037186,0.09057346669850111,0.054132800538815515,0.5005570226407245,0.0,0.0,0.0,0.053068236354386504,0.02955510728991071,6,1,0.18181818181818182,0.2727272727272727,0.045454545454545456,0.0,0.09090909090909091,0.22727272727272727,0.18181818181818182
744,32,Feminino,Solteiro,1,São Luís,MA,Recepcionista,Médio,2951.95,0.0,25.0,613,492.55,2174.09,Nunca,4.89,13.8,1,0,1,Em observação,35845.69,15542.25,37,1194.8563333333334,5858.44,59.07,-20303.440000000002,2951.95,12.143054591033048,5244.69,2407.41,2233.53,6742.67,544.66,0.0,11696.699999999999,0.0,383.65,4927.8099999999995,505.5,1159.07,1.0,0.1463129876981026,0.0671603754872622,0.06230958310469125,0.18810267008390688,0.015194574298890604,0.0,0.32630701208429796,0.0,0.010702820897017185,0.13747287330778118,0.01410211381061433,0.03233498922743571,6,0,0.08108108108108109,0.21621621621621623,0.13513513513513514,0.02702702702702703,0.02702702702702703,0.3783783783783784,0.13513513513513514
745,44,Masculino,Viúvo,2,São Paulo,SP,Desenvolvedor de Software,Fundamental,11866.58,3350.17,8.73,752,9936.99,36432.22,Frequentemente,12.88,10.6,0,0,1,Saudável,16190.48,30604.95,22,899.4711111111111,3498.78,54.86,14414.470000000001,11866.58,1.3643762566805262,2426.21,3528.48,714.46,0.0,1849.42,536.29,4916.75,0.0,82.59,1266.94,0.0,869.34,1.0,0.14985411179903252,0.21793547813282868,0.04412840138155262,0.0,0.11422885547556343,0.033123786323814984,0.30368154619257737,0.0,0.005101145858553916,0.07825215805831576,0.0,0.05369451677776076,6,0,0.13636363636363635,0.18181818181818182,0.13636363636363635,0.045454545454545456,0.045454545454545456,0.3181818181818182,0.13636363636363635
746,44,Feminino,Solteiro,2,Joinville,SC,Designer Gráfico,Superior,5412.56,0.0,79.73,356,931.38,2280.35,Raramente,1.39,3.5,0,0,0,Em risco,39218.79,54272.4,53,1005.61,4696.19,15.93,15053.61,5412.56,7.24588549595755,1107.48,12941.06,4080.0699999999997,6877.51,0.0,1317.43,5470.9,0.0,867.51,3129.62,1407.6799999999998,2019.53,1.0,0.028238505063516748,0.3299709144519757,0.10403355126458516,0.17536262592497118,0.0,0.03359180637648433,0.13949690951709626,0.0,0.02211975433204339,0.07979899430859544,0.03589299924857447,0.051493939512157305,15,1,0.09433962264150944,0.32075471698113206,0.09433962264150944,0.018867924528301886,0.03773584905660377,0.18867924528301888,0.24528301886792453
747,34,Masculino,Solteiro,0,Guarulhos,SP,Técnico em Informática,Pós-graduação,5181.13,292.48,29.03,667,2392.53,5902.52,Às vezes,3.86,4.0,0,0,1,Em observação,58287.65,50716.11,54,1421.65,4682.64,24.77,-7571.540000000001,5181.13,11.24998793699444,4863.52,8008.42,6958.16,13317.96,0.0,2042.81,19583.87,0.0,0.0,1958.62,0.0,1554.29,1.0,0.08343997399105986,0.13739479975603752,0.11937623150015483,0.2284868235380908,0.0,0.03504704684440014,0.3359866112289653,0.0,0.0,0.03360265853915881,0.0,0.026665854602132697,16,2,0.09259259259259259,0.12962962962962962,0.12962962962962962,0.0,0.16666666666666666,0.2962962962962963,0.18518518518518517
748,20,Feminino,Casado,0,Pelotas,RS,Empresário,Superior,13343.18,0.0,45.11,548,7680.8,16867.64,Nunca,11.38,0.3,0,0,0,Em observação,30818.899999999998,72203.42,36,1141.4407407407407,4609.16,51.1,41384.520000000004,13343.18,2.309711777852056,602.05,7756.79,1559.24,1508.69,0.0,1562.3999999999999,15247.8,193.17,0.0,1560.56,0.0,828.2,1.0,0.01953509048019235,0.25168938540960256,0.05059362923400901,0.04895340197086853,0.0,0.05069616371771867,0.4947548419963075,0.0062679070310750875,0.0,0.05063646009429279,0.0,0.02687312006593357,10,0,0.08333333333333333,0.2777777777777778,0.08333333333333333,0.0,0.1111111111111111,0.19444444444444445,0.25
749,61,Feminino,Casado,3,Rio de Janeiro,RJ,Cozinheiro,Médio,1726.02,0.0,79.02,378,221.04,713.05,Às vezes,0.0,8.5,1,0,0,Em risco,33215.66,23253.88,55,790.8490476190477,5704.08,36.12,-9961.780000000002,1726.02,19.24407596667478,4408.4400000000005,10442.3,2528.79,0.0,0.0,220.57,11044.609999999999,1630.22,125.86,965.24,572.35,1277.28,1.0,0.13272173426630693,0.3143788201107549,0.07613246282024803,0.0,0.0,0.0066405424429320375,0.3325121343366351,0.04907986172787173,0.0037891765510605535,0.029059786859571658,0.01723133004131184,0.038454150843307035,14,3,0.09090909090909091,0.23636363636363636,0.16363636363636364,0.0,0.12727272727272726,0.16363636363636364,0.21818181818181817
750,54,Feminino,Casado,1,Santos,SP,Engenheiro Civil,Superior,15397.3,0.0,42.21,641,1932.27,17008.42,Às vezes,8.74,9.0,0,1,1,Em observação,43249.64,106994.14,48,1138.1484210526316,5413.67,112.82,63744.5,15397.3,2.8089106531664645,7399.25,5691.84,0.0,825.65,6333.15,1452.8600000000001,18022.6,970.68,192.82,2054.56,0.0,306.23,1.0,0.17108234889353993,0.13160433242912542,0.0,0.019090332312592658,0.14643243273238807,0.033592418341516835,0.4167109830278356,0.02244365502233082,0.004458303005527907,0.047504672871265516,0.0,0.007080521363877249,11,2,0.08333333333333333,0.16666666666666666,0.10416666666666667,0.020833333333333332,0.0625,0.3541666666666667,0.20833333333333334
751,31,Masculino,Casado,3,Guarulhos,SP,Autônomo,Médio,10108.39,0.0,9.44,864,7915.67,30633.51,Frequentemente,10.0,4.2,0,1,1,Saudável,44387.6,58095.64,54,986.3911111111111,4907.85,33.22,13708.04,10108.39,4.391164171544628,4310.09,1984.48,0.0,9575.11,17010.34,2621.17,5303.75,891.58,379.94,346.20000000000005,956.9200000000001,1008.02,1.0,0.09710121745712767,0.04470798150834918,0.0,0.2157158756048987,0.38322279195090525,0.05905185231911615,0.11948719912768431,0.020086240301345423,0.008559597725490904,0.00779947552920185,0.021558273031206915,0.02270949544467374,9,0,0.07407407407407407,0.1111111111111111,0.12962962962962962,0.07407407407407407,0.07407407407407407,0.3888888888888889,0.14814814814814814
752,52,Masculino,Solteiro,1,Recife,PE,Jornalista,Superior,5339.91,73.09,68.93,386,638.84,2978.53,Raramente,1.06,1.7,0,0,0,Em risco,15521.6,33764.42,28,739.1238095238095,3164.63,22.03,18242.82,5339.91,2.906715656256379,1783.51,5465.5599999999995,0.0,1439.04,0.0,419.21,3164.63,800.4399999999999,117.86,1097.75,1028.06,205.54,1.0,0.11490503556334399,0.3521260694773734,0.0,0.09271209153695495,0.0,0.027008169260900935,0.20388555303576952,0.05156942583238841,0.0075932893516132355,0.07072402329656736,0.06623415111844139,0.013242191526646737,4,2,0.14285714285714285,0.2857142857142857,0.03571428571428571,0.03571428571428571,0.10714285714285714,0.14285714285714285,0.25
753,45,Feminino,Solteiro,2,Florianópolis,SC,Analista de TI,Superior,6659.05,0.0,34.69,545,1971.28,7732.39,Às vezes,6.07,12.0,1,1,1,Em observação,21331.59,18108.86,23,1122.7152631578947,5483.64,110.6,-3222.7299999999996,6659.05,3.20339838265218,1233.09,1262.7199999999998,3243.79,6497.389999999999,0.0,1420.12,5833.59,0.0,114.83,480.0,962.52,283.54,1.0,0.057805817569154476,0.0591948373281129,0.15206508281848657,0.30459004696790065,0.0,0.06657356530854006,0.2734718790301145,0.0,0.005383096149888499,0.022501838822141247,0.04512181229809874,0.013292023707562352,3,1,0.13043478260869565,0.17391304347826086,0.2608695652173913,0.0,0.0,0.30434782608695654,0.13043478260869565
754,38,Masculino,Divorciado,0,Olinda,PE,Analista Financeiro,Superior,11093.5,0.0,17.24,832,10408.36,16268.1,Frequentemente,20.43,6.2,0,1,0,Saudável,38342.71,59059.369999999995,34,1474.7196153846153,5438.46,19.71,20716.659999999996,11093.5,3.456322170640465,2903.02,4461.08,0.0,4692.31,8052.43,895.5600000000001,11081.57,0.0,0.0,5865.62,187.77,203.35000000000002,1.0,0.07571243660137741,0.11634754037990533,0.0,0.12237815219633669,0.21001202053793278,0.023356721525421655,0.2890137395087619,0.0,0.0,0.15297875397957003,0.004897149940627567,0.005303485330066655,10,1,0.058823529411764705,0.11764705882352941,0.20588235294117646,0.029411764705882353,0.058823529411764705,0.35294117647058826,0.17647058823529413
755,28,Feminino,União Estável,3,Campo Grande,MS,Estudante,Médio,1542.84,0.0,6.67,948,1752.05,2012.43,Sempre,10.0,2.2,1,0,0,Saudável,35335.76,27659.600000000002,43,1104.2425,4889.37,22.85,-7676.16,1542.84,22.90306188587281,4408.7,2282.04,1206.69,8983.119999999999,0.0,721.29,15188.88,0.0,0.0,0.0,599.21,1945.83,1.0,0.12476595946995338,0.06458160232014254,0.03414925842828907,0.2542217855226546,0.0,0.020412466011768247,0.4298444408723627,0.0,0.0,0.0,0.01695760894912123,0.055066878425708114,12,0,0.06976744186046512,0.16279069767441862,0.18604651162790697,0.09302325581395349,0.06976744186046512,0.16279069767441862,0.2558139534883721
756,56,Feminino,Casado,1,Maceió,AL,Jornalista,Médio,5387.93,176.86,63.0,398,736.42,1222.53,Nunca,0.0,0.6,1,0,0,Em risco,23118.7,39678.14,44,660.5342857142857,2482.43,21.09,16559.44,5387.93,4.290831543839657,1632.55,5688.879999999999,3337.8999999999996,1411.03,1471.55,3406.24,472.27,0.0,472.08,3480.92,1059.1,686.1800000000001,1.0,0.07061599484400075,0.24607265979488463,0.1443809556765735,0.06103414119306016,0.06365193544619722,0.14733700424331816,0.020428051750314678,0.0,0.020419833295124725,0.15056728968324343,0.04581139942989874,0.02968073464338393,11,4,0.09090909090909091,0.4090909090909091,0.06818181818181818,0.0,0.09090909090909091,0.1590909090909091,0.18181818181818182
757,25,Feminino,Casado,0,Belém,PA,Analista de TI,Superior,10267.57,0.0,58.0,665,5815.12,13625.16,Às vezes,9.75,5.5,0,0,1,Em observação,41735.02,65055.95,56,887.9791489361702,5263.24,30.61,23320.93,10267.57,4.064741706168061,4483.32,6231.7699999999995,3889.66,4267.59,0.0,3056.83,14505.02,0.0,350.21,3610.8999999999996,702.89,636.8299999999999,1.0,0.10742345397222765,0.1493175275823517,0.0931989489881639,0.10225441367944715,0.0,0.07324376506828079,0.34755033063360224,0.0,0.008391274282365265,0.08651966621796275,0.016841731476347682,0.01525888809925094,16,2,0.05357142857142857,0.10714285714285714,0.32142857142857145,0.05357142857142857,0.08928571428571429,0.21428571428571427,0.16071428571428573
758,47,Masculino,Casado,2,São Paulo,SP,Contador,Superior,7656.93,0.0,58.0,709,2658.6,5863.97,Nunca,6.65,17.7,0,0,1,Em observação,24642.87,36908.69,29,1071.4291304347826,4714.39,14.75,12265.820000000003,7656.93,3.2183747272079017,1139.1399999999999,5484.3099999999995,4882.59,0.0,0.0,555.74,8943.380000000001,0.0,164.87,2588.13,72.39,812.32,1.0,0.04622594689660741,0.22255159403105237,0.19813398358226944,0.0,0.0,0.022551756349808282,0.36291957876659664,0.0,0.006690373320964645,0.10502551042147283,0.002937563684749382,0.032963692946479044,6,2,0.06896551724137931,0.20689655172413793,0.20689655172413793,0.034482758620689655,0.10344827586206896,0.20689655172413793,0.1724137931034483
759,22,Feminino,Divorciado,0,Olinda,PE,Médico,Pós-graduação,16915.76,0.0,69.57,383,2860.25,7792.35,Nunca,2.36,1.5,0,1,1,Em risco,29575.59,68178.03,39,896.23,3717.06,43.69,38602.44,16915.76,1.7484044465043251,1840.74,12863.54,935.65,3717.06,0.0,2662.78,1480.73,0.0,0.0,4258.36,587.17,1229.56,1.0,0.06223848788815371,0.4349377307434949,0.03163588621562579,0.12567999488767595,0.0,0.09003303061747882,0.05006594965645656,0.0,0.0,0.1439822502272989,0.019853196504279372,0.04157347325953599,5,5,0.1794871794871795,0.38461538461538464,0.07692307692307693,0.05128205128205128,0.02564102564102564,0.15384615384615385,0.1282051282051282
760,18,Masculino,Casado,0,Belém,PA,Estudante,Médio,1412.0,0.0,86.36,410,110.24,992.08,Nunca,0.96,0.0,1,0,0,Em risco,55742.48,19908.11,56,1186.0102127659575,5310.24,41.86,-35834.37,1412.0,39.477677053824365,4034.75,7569.5,3596.89,4401.93,812.97,5927.6,22215.73,0.0,557.01,4914.5,1003.27,708.33,1.0,0.07238196075954999,0.13579410173354325,0.06452691017694225,0.07896903761727142,0.0145843887821281,0.10633900752173207,0.39854218900917215,0.0,0.0099925586375059,0.08816435867223704,0.017998302192510987,0.01270718489740679,14,7,0.10714285714285714,0.21428571428571427,0.08928571428571429,0.017857142857142856,0.10714285714285714,0.32142857142857145,0.14285714285714285
761,43,Feminino,União Estável,0,Niterói,RJ,Desenvolvedor de Software,Pós-graduação,11107.39,0.0,4.43,919,18868.01,23874.84,Às vezes,25.26,6.4,0,0,0,Saudável,48616.69,58252.3,50,1157.5402380952382,4612.38,19.89,9635.61,11107.39,4.376967946565305,2193.4,4020.91,4334.4,6390.610000000001,16574.31,2227.12,10400.48,53.27,151.45,0.0,1080.73,1190.01,1.0,0.0451161936363829,0.0827063710013989,0.08915456811230875,0.1314488913169531,0.3409181085754707,0.045809782607577766,0.21392817980820988,0.001095714249571495,0.003115185340672102,0.0,0.022229608803067423,0.024477396548386984,15,0,0.08,0.16,0.18,0.0,0.06,0.36,0.16
762,24,Masculino,Solteiro,0,Goiânia,GO,Aposentado,Fundamental,4571.48,0.0,10.05,959,5904.03,6259.91,Frequentemente,21.71,1.6,0,1,0,Saudável,22284.61,27429.27,35,795.8789285714286,3806.82,28.32,5144.66,4571.48,4.874703597084533,5779.34,2181.04,195.38,0.0,4151.84,1656.8700000000001,6752.429999999999,0.0,377.37,237.36,0.0,952.98,1.0,0.25934220971334027,0.0978720291717019,0.008767485722209183,0.0,0.18630974470722172,0.07435041492761148,0.3030086683141414,0.0,0.01693410833754775,0.010651297016191892,0.0,0.042764042090034336,6,0,0.05714285714285714,0.2,0.14285714285714285,0.0,0.08571428571428572,0.37142857142857144,0.14285714285714285
763,31,Feminino,Solteiro,0,Natal,RN,Advogado,Pós-graduação,21593.53,6191.34,15.58,755,56163.83,61665.52,Às vezes,23.55,3.8,0,1,1,Saudável,50724.11,147150.26,54,1207.7169047619047,4814.95,17.03,96426.15000000001,21593.53,2.3490420510217644,6307.16,4441.55,1078.15,0.0,12993.72,1065.86,22676.77,0.0,445.53,0.0,1346.23,369.14,1.0,0.12434244780243556,0.08756289661859025,0.021255178257440104,0.0,0.25616457341489085,0.02101288716549191,0.44706097356858504,0.0,0.008783397086710837,0.0,0.026540238951457205,0.007277407134398218,15,0,0.07407407407407407,0.12962962962962962,0.16666666666666666,0.037037037037037035,0.07407407407407407,0.3148148148148148,0.2037037037037037
764,29,Feminino,União Estável,2,Campo Grande,MS,Cozinheiro,Médio,3160.6,0.0,42.42,533,723.78,2250.44,Às vezes,3.49,9.8,1,1,0,Em observação,22741.5,29501.07,42,733.5967741935484,4104.9,34.64,6759.57,3160.6,7.195311016895526,3034.33,6183.61,1429.64,0.0,0.0,2542.29,4917.799999999999,1660.47,468.54,263.7,480.31,1760.81,1.0,0.13342699470131697,0.2719086252006244,0.06286480663104897,0.0,0.0,0.1117907789723633,0.21624782885913416,0.07301497262713541,0.020602862608007387,0.011595541191214299,0.021120418617945166,0.0774271705912099,9,0,0.16666666666666666,0.30952380952380953,0.14285714285714285,0.0,0.023809523809523808,0.14285714285714285,0.21428571428571427
765,37,Feminino,União Estável,2,Uberlândia,MG,Vendedor,Médio,4406.29,0.0,9.7,845,9999.11,6968.26,Frequentemente,15.23,15.4,0,0,0,Saudável,21460.53,10664.490000000002,23,1129.5015789473684,4738.61,14.95,-10796.039999999997,4406.29,4.8704306797782255,727.59,0.0,1431.49,4514.29,4180.38,2038.22,5913.629999999999,0.0,0.0,879.61,0.0,1775.32,1.0,0.03390363611709497,0.0,0.06670338523792284,0.21035314598474503,0.19479388440080467,0.09497528719001815,0.2755584321542851,0.0,0.0,0.04098733815054894,0.0,0.08272489076458037,4,0,0.13043478260869565,0.30434782608695654,0.13043478260869565,0.0,0.08695652173913043,0.21739130434782608,0.13043478260869565
766,36,Masculino,Divorciado,2,Manaus,AM,Corretor de Imóveis,Superior,11720.88,0.0,45.84,531,2606.62,15003.15,Nunca,3.31,13.2,0,1,1,Em observação,20517.79,77642.96,44,603.4644117647059,2618.23,63.12,57125.170000000006,11720.88,1.7505332364122832,4796.5199999999995,817.92,0.0,0.0,0.0,3858.14,4149.75,357.48,411.4,3319.8,1436.37,1370.4099999999999,1.0,0.23377371539527403,0.039863942461639386,0.0,0.0,0.0,0.1880387702574205,0.2022513145908989,0.01742292907764433,0.020050892420674933,0.16180105167271913,0.07000607765261267,0.06679130647111603,8,1,0.022727272727272728,0.3409090909090909,0.09090909090909091,0.045454545454545456,0.045454545454545456,0.22727272727272727,0.22727272727272727
767,53,Masculino,Viúvo,4,Feira de Santana,BA,Vendedor,Médio,2733.7,0.0,82.76,398,408.81,653.47,Nunca,1.22,3.7,1,0,1,Em risco,36028.49,50438.56,60,800.633111111111,5494.03,32.99,14410.07,2733.7,13.179386911511871,2330.87,10363.77,310.45,0.0,0.0,3748.6299999999997,11779.529999999999,0.0,0.0,5264.02,504.39,1726.83,1.0,0.06469518983448931,0.2876548531453858,0.008616791877761184,0.0,0.0,0.10404627004906394,0.3269504217356875,0.0,0.0,0.1461071502025203,0.013999754083504472,0.04792956907158751,12,6,0.1,0.2833333333333333,0.06666666666666667,0.03333333333333333,0.08333333333333333,0.2,0.23333333333333334
768,26,Masculino,Solteiro,0,Campo Grande,MS,Médico,Pós-graduação,15348.4,0.0,68.6,354,-93.97,4957.88,Às vezes,1.07,2.3,1,0,1,Em risco,28510.41,54136.9,33,1055.941111111111,5290.39,45.24,25626.49,15348.4,1.8575493211018739,5053.3,3424.13,1760.76,0.0,779.3,0.0,14425.029999999999,354.34,0.0,1548.11,366.34000000000003,799.1,1.0,0.17724403121526489,0.12010104379417905,0.06175849452884052,0.0,0.027333875591406785,0.0,0.5059565962046845,0.012428442803874094,0.0,0.054299815400760634,0.012849341696594333,0.028028358764395182,6,2,0.030303030303030304,0.3939393939393939,0.15151515151515152,0.030303030303030304,0.12121212121212122,0.09090909090909091,0.18181818181818182
769,37,Feminino,Solteiro,2,Florianópolis,SC,Contador,Superior,10969.56,0.0,8.31,976,29821.27,31406.62,Frequentemente,11.83,2.6,0,1,1,Saudável,40858.54,63863.69,48,1075.2247368421054,4312.08,40.48,23005.15,10969.56,3.7247200434657364,2427.2,5014.15,8878.64,3309.0,9723.55,3111.96,5662.88,0.0,248.71,198.71,585.38,1698.36,1.0,0.059404961606557644,0.12271975454825355,0.21730193981478532,0.08098674108276996,0.23798084806750314,0.07616424864911962,0.13859721859860877,0.0,0.0060870995390437345,0.004863365161848662,0.014326992594449042,0.0415668303370605,13,0,0.020833333333333332,0.125,0.08333333333333333,0.020833333333333332,0.08333333333333333,0.4791666666666667,0.1875
770,34,Feminino,Casado,1,Porto Alegre,RS,Aposentado,Médio,2887.2,0.0,60.81,413,-74.89,1010.55,Raramente,0.83,8.4,1,0,0,Em risco,14513.59,18176.57,22,853.7405882352941,2513.24,38.3,3662.9799999999996,2887.2,5.026873787752841,1444.93,2998.9700000000003,1271.7,0.0,0.0,74.71,6812.7699999999995,879.19,263.75,130.82,598.45,38.3,1.0,0.09955703585398237,0.20663185331816594,0.08762132594347781,0.0,0.0,0.005147589259445802,0.4694062599260417,0.06057701781571617,0.018172623038131847,0.009013621026913396,0.0412337677996967,0.0026389060184282454,6,1,0.09090909090909091,0.4090909090909091,0.09090909090909091,0.045454545454545456,0.045454545454545456,0.13636363636363635,0.18181818181818182
771,25,Masculino,Casado,2,Belo Horizonte,MG,Professor,Superior,6913.35,0.0,4.32,891,11145.33,19114.61,Frequentemente,11.53,7.0,0,0,1,Saudável,30133.71,30271.989999999998,34,1039.093448275862,4414.63,111.14,138.27999999999884,6913.35,4.358771073358068,1171.92,2926.31,1764.83,4414.63,7747.4400000000005,4082.46,5273.03,0.0,0.0,1099.99,942.8000000000001,710.3,1.0,0.03889066430917402,0.09711084363657843,0.0585666351736975,0.14650137669739305,0.2571020959583138,0.13547817377946492,0.17498774628149005,0.0,0.0,0.036503636624896175,0.03128721952922491,0.023571608009767132,7,1,0.08823529411764706,0.23529411764705882,0.08823529411764706,0.0,0.058823529411764705,0.38235294117647056,0.14705882352941177
772,18,Masculino,União Estável,0,Cuiabá,MT,Desenvolvedor de Software,Superior,7180.59,0.0,77.69,358,96.05,5696.26,Raramente,1.03,0.0,1,0,0,Em risco,19772.79,19860.69,25,988.6395,3209.17,71.77,87.89999999999782,7180.59,2.7536441991535514,2088.48,4736.97,1206.1,1937.06,0.0,262.82,8455.48,0.0,0.0,0.0,282.98,802.9,1.0,0.10562394077922235,0.23957013653611858,0.060997967408747064,0.09796594208505728,0.0,0.01329200380927527,0.42763211463834894,0.0,0.0,0.0,0.014311586781632739,0.040606307961597726,6,1,0.16,0.2,0.2,0.04,0.12,0.12,0.16
773,42,Masculino,Casado,1,Juiz de Fora,MG,Professor,Superior,4942.79,1675.28,10.73,798,11813.18,12046.54,Sempre,16.73,9.4,0,0,1,Saudável,39419.78,28432.4,41,1159.405294117647,4806.75,19.05,-10987.379999999997,4942.79,7.975208333754822,4352.47,2020.7,862.43,1878.68,14406.43,906.8,9035.79,302.41,0.0,4227.6,492.67,933.8,1.0,0.11041335086091299,0.051261067413364565,0.021878102820462215,0.04765830758061055,0.36546195843812423,0.023003679878477252,0.22921969630474856,0.007671529369265887,0.0,0.10724565180221707,0.012498040323918602,0.023688615207898167,7,0,0.0975609756097561,0.07317073170731707,0.1951219512195122,0.024390243902439025,0.07317073170731707,0.3902439024390244,0.14634146341463414
774,33,Masculino,Solteiro,1,Santos,SP,Recepcionista,Médio,2957.51,0.0,44.83,689,1604.65,3874.76,Frequentemente,5.46,2.8,1,1,1,Em observação,15424.95,14196.44,23,856.9416666666667,5203.3,34.66,-1228.5100000000002,2957.51,5.215519136029971,2811.83,2777.43,0.0,0.0,0.0,1036.54,6059.35,0.0,0.0,1817.44,344.69,577.6700000000001,1.0,0.18229102849604048,0.18006087539992024,0.0,0.0,0.0,0.06719892122826977,0.39282785357489003,0.0,0.0,0.11782469311083667,0.022346263683188598,0.037450364506854156,4,1,0.0,0.21739130434782608,0.08695652173913043,0.08695652173913043,0.17391304347826086,0.2608695652173913,0.17391304347826086
775,40,Feminino,Solteiro,0,Londrina,PR,Analista de TI,Pós-graduação,7742.06,0.0,61.51,303,1343.69,1541.74,Frequentemente,1.7,2.7,1,0,0,Em risco,11934.48,25550.43,23,628.1305263157894,1977.85,82.8,13615.95,7742.06,1.5415122073453318,3511.06,0.0,476.68,0.0,0.0,3490.25,1614.1399999999999,0.0,0.0,1977.85,370.26,494.24,1.0,0.2941946360461453,0.0,0.039941413450774566,0.0,0.0,0.2924509488473733,0.13525013238951342,0.0,0.0,0.1657256956314812,0.031024393186799927,0.04141278044791227,3,1,0.13043478260869565,0.391304347826087,0.08695652173913043,0.043478260869565216,0.0,0.17391304347826086,0.17391304347826086
776,32,Feminino,Solteiro,3,Teresina,PI,Vendedor,Médio,3522.55,627.8,10.14,914,9845.29,9534.75,Sempre,20.46,14.0,0,0,1,Saudável,34730.62,22133.87,37,1157.6873333333335,5941.01,27.86,-12596.750000000004,3522.55,9.859510865708081,2079.62,4012.2799999999997,2991.38,0.0,12958.23,4458.08,5941.01,0.0,0.0,1435.1,827.0600000000001,27.86,1.0,0.05987857400760481,0.11552572341063878,0.08613091272197271,0.0,0.3731067858851929,0.12836165896260993,0.17105971618128327,0.0,0.0,0.04132088629572406,0.023813568545565843,0.0008021739894076178,6,0,0.05405405405405406,0.24324324324324326,0.08108108108108109,0.08108108108108109,0.08108108108108109,0.2702702702702703,0.1891891891891892
777,58,Feminino,Solteiro,1,Uberlândia,MG,Médico,Pós-graduação,34049.08,0.0,4.05,700,61271.95,92977.96,Sempre,20.6,6.8,0,1,1,Saudável,27703.809999999998,154454.82,39,893.6712903225806,4938.97,21.77,126751.01000000001,34049.08,0.813643422964732,2622.8199999999997,2888.19,4805.04,2603.81,6496.740000000001,2385.83,4813.75,0.0,151.07,298.43,144.03,494.1,1.0,0.09467362070415586,0.104252447587534,0.17344329173496353,0.09398743349741426,0.23450709487251037,0.08611920165493483,0.1737576889243754,0.0,0.005453040574563571,0.01077216455065206,0.005198923902524599,0.01783509199637162,7,3,0.10256410256410256,0.3333333333333333,0.1282051282051282,0.0,0.07692307692307693,0.15384615384615385,0.20512820512820512
778,27,Masculino,Solteiro,0,Caxias do Sul,RS,Advogado,Pós-graduação,11662.69,0.0,31.14,599,2380.84,10465.71,Frequentemente,3.77,9.0,1,0,1,Em observação,19985.49,29343.34,34,689.1548275862069,3412.24,15.67,9357.849999999999,11662.69,1.7136261016969498,2947.37,947.7,0.0,5256.780000000001,0.0,15.67,5802.969999999999,467.9,305.37,1550.95,1351.98,1338.8,1.0,0.14747549347051284,0.047419402776714505,0.0,0.26302982814031584,0.0,0.0007840688419448309,0.2903591555673641,0.023411985395404362,0.015279585339163562,0.07760380155803034,0.06764807868108312,0.06698860022946647,6,0,0.08823529411764706,0.23529411764705882,0.23529411764705882,0.029411764705882353,0.029411764705882353,0.2647058823529412,0.11764705882352941
779,35,Feminino,Casado,1,Niterói,RJ,Cozinheiro,Médio,3242.06,0.0,40.93,578,1387.68,3406.65,Sempre,8.23,16.4,0,0,0,Em observação,39488.7,35199.840000000004,58,858.4499999999999,5894.33,27.42,-4288.859999999993,3242.06,12.180126216047821,5833.9800000000005,4901.46,1140.9099999999999,5193.97,1787.68,5420.61,12120.96,677.4,172.46,1064.67,1017.0899999999999,157.51,1.0,0.1477379604798335,0.12412310357140145,0.02889206279264701,0.13153053911625354,0.045270672369563954,0.13726990252907795,0.3069475571492604,0.017154274513974884,0.004367325336108812,0.02696138388956841,0.025756482234158128,0.003988736018152028,12,2,0.08620689655172414,0.2413793103448276,0.13793103448275862,0.017241379310344827,0.06896551724137931,0.2413793103448276,0.20689655172413793
780,27,Masculino,Solteiro,4,Rio de Janeiro,RJ,Analista de TI,Médio,6921.68,0.0,33.92,555,2027.27,5111.2,Às vezes,8.45,6.6,1,1,1,Em observação,16455.87,24410.35,28,685.66125,4730.05,28.93,7954.48,6921.68,2.377438714300574,4770.67,0.0,0.0,0.0,599.35,2272.03,6237.92,112.51,0.0,1264.7,664.09,534.6,1.0,0.2899068842911375,0.0,0.0,0.0,0.0364216537928411,0.13806805717351925,0.3790695964418776,0.006837073943826733,0.0,0.07685403445700532,0.04035581224207532,0.03248688765771728,4,1,0.17857142857142858,0.25,0.14285714285714285,0.0,0.0,0.2857142857142857,0.14285714285714285
781,35,Masculino,Viúvo,0,Vila Velha,ES,Gerente Comercial,Superior,11983.4,0.0,32.07,544,3894.06,12898.59,Raramente,8.91,2.8,1,0,1,Em observação,50107.32,58122.39,48,1252.683,5997.92,50.15,8015.07,11983.4,4.18139426206252,5335.4400000000005,8343.93,356.05,7616.79,0.0,528.3,19043.86,579.39,325.62,6251.27,908.53,818.14,1.0,0.106480250789705,0.16652117894151994,0.007105748222016264,0.15200952675177998,0.0,0.010543369711251768,0.3800614361334831,0.011562981217115582,0.006498451723221278,0.12475762024390849,0.01813168215741732,0.01632775410858134,11,1,0.10416666666666667,0.2916666666666667,0.25,0.0,0.0625,0.16666666666666666,0.125
782,31,Feminino,Solteiro,3,Juazeiro do Norte,CE,Médico,Pós-graduação,15750.89,0.0,30.48,519,7402.24,18075.11,Raramente,10.69,6.9,0,0,1,Em observação,19268.63,53071.850000000006,26,963.4315,4264.45,97.55,33803.22,15750.89,1.2233359511748225,2315.86,4593.42,2782.2,4264.45,2300.49,1694.04,0.0,0.0,0.0,360.25,257.28,700.64,1.0,0.12018809847923802,0.2383885102365866,0.144390130486703,0.22131568253684875,0.11939042889920039,0.08791699254176347,0.0,0.0,0.0,0.018696191685656945,0.013352272579835721,0.036361692554167054,5,0,0.11538461538461539,0.15384615384615385,0.11538461538461539,0.07692307692307693,0.07692307692307693,0.2692307692307692,0.19230769230769232
783,38,Feminino,Divorciado,3,Curitiba,PR,Cabeleireiro,Médio,5913.23,0.0,15.7,924,6288.25,13548.09,Às vezes,16.32,19.6,0,1,0,Saudável,42110.65,25374.23,41,1238.5485294117648,5864.08,11.32,-16736.420000000002,5913.23,7.1214294049106845,1073.11,3625.59,3296.68,1512.59,3570.04,433.12,24974.63,593.6800000000001,91.2,1325.09,590.53,1024.3899999999999,1.0,0.02548310225560517,0.08609674749736705,0.07828613426769712,0.03591941705957993,0.08477760376531827,0.01028528412646207,0.5930715864039144,0.014098096324801447,0.002165722922823561,0.03146686170838018,0.014023293394901288,0.024326150273149424,10,2,0.12195121951219512,0.2926829268292683,0.0975609756097561,0.024390243902439025,0.12195121951219512,0.17073170731707318,0.17073170731707318
784,26,Feminino,Casado,0,Manaus,AM,Estudante,Médio,1958.75,0.0,13.66,812,4397.56,3453.67,Raramente,11.96,8.0,0,0,0,Saudável,28465.0,21923.72,43,889.53125,4602.56,33.23,-6541.279999999999,1958.75,14.53222718570517,1807.4299999999998,2494.57,0.0,1524.26,8388.710000000001,2738.61,8429.32,0.0,215.36,653.24,542.9,1670.6,1.0,0.06349657474090989,0.08763639557351134,0.0,0.05354856841735465,0.2947026172492535,0.09620973124890217,0.29612928157386265,0.0,0.007565782539961357,0.02294888459511681,0.01907254523098542,0.05868961883014228,11,1,0.06976744186046512,0.13953488372093023,0.13953488372093023,0.046511627906976744,0.09302325581395349,0.27906976744186046,0.23255813953488372
785,43,Masculino,Casado,3,Londrina,PR,Designer Gráfico,Superior,7908.75,2139.59,23.93,738,18368.6,14183.65,Frequentemente,13.48,21.2,0,1,0,Saudável,34460.7,36672.53,38,1111.6354838709676,5124.46,35.11,2211.8300000000017,7908.75,4.357287814129919,3783.0,541.84,136.05,4246.44,2925.21,2936.0899999999997,16938.23,0.0,0.0,1751.01,0.0,1202.83,1.0,0.10977722449050659,0.015723418270667748,0.003947975519940106,0.12322558740826507,0.0848853911847409,0.08520111315208338,0.49152309732535904,0.0,0.0,0.0508117943048168,0.0,0.03490439834362041,11,0,0.05263157894736842,0.15789473684210525,0.15789473684210525,0.02631578947368421,0.15789473684210525,0.2631578947368421,0.18421052631578946
786,23,Masculino,Solteiro,0,Feira de Santana,BA,Aposentado,Fundamental,2384.28,0.0,79.83,403,102.06,1435.83,Nunca,0.66,2.8,0,0,0,Em risco,23477.56,10268.16,25,1117.9790476190476,4102.39,16.33,-13209.400000000001,2384.28,9.846813293740668,2963.85,5828.1,2476.36,0.0,0.0,3487.2,7186.67,0.0,0.0,616.07,257.89,661.42,1.0,0.1262418241077863,0.24824129935138065,0.1054777412984995,0.0,0.0,0.14853332288363866,0.3061080452994263,0.0,0.0,0.02624080185504797,0.010984531612314056,0.028172433591906482,5,1,0.16,0.28,0.2,0.0,0.04,0.2,0.12
787,19,Feminino,Casado,0,Palmas,TO,Vendedor,Médio,3189.8,0.0,25.0,600,1315.17,2820.96,Às vezes,4.82,0.9,0,0,0,Em observação,32488.16,36021.770000000004,41,984.489696969697,5468.09,18.83,3533.610000000004,3189.8,10.18501473446611,2471.36,1009.1099999999999,5781.780000000001,5514.860000000001,0.0,877.25,13750.310000000001,1363.9,0.0,349.25,480.2,890.14,1.0,0.07606955887929634,0.031060854169642108,0.17796575737130083,0.1697498411729073,0.0,0.027002144781360347,0.4232406513634506,0.041981448010598325,0.0,0.010750070179413054,0.014780769363361914,0.02739890470866925,9,2,0.12195121951219512,0.21951219512195122,0.14634146341463414,0.04878048780487805,0.04878048780487805,0.21951219512195122,0.1951219512195122
788,22,Feminino,Solteiro,0,Teresina,PI,Estudante,Médio,1510.16,0.0,48.67,518,779.44,2137.99,Frequentemente,5.03,4.0,0,1,1,Em observação,53060.54,26483.69,45,1396.33,5454.23,12.77,-26576.850000000002,1510.16,35.13570747470467,1055.47,7248.61,330.14,4677.69,2853.27,2597.5299999999997,27910.920000000002,1557.97,0.0,3638.41,184.59,1005.9399999999999,1.0,0.019891806604305194,0.1366101815021106,0.006221949493917702,0.08815760261768914,0.05377385906739735,0.048954081507651445,0.5260202779692782,0.029362121079054226,0.0,0.06857091918024204,0.003478856415709301,0.018958344562644856,14,1,0.13333333333333333,0.24444444444444444,0.2,0.022222222222222223,0.08888888888888889,0.17777777777777778,0.13333333333333333
789,41,Feminino,Casado,1,Uberlândia,MG,Empresário,Superior,16241.82,0.0,35.37,582,4772.73,21952.26,Nunca,6.41,19.6,0,0,0,Em observação,20642.04,38703.54,24,1086.423157894737,3244.98,172.7,18061.5,16241.82,1.2709191457607585,2044.99,1698.5,0.0,0.0,6231.33,2368.7,5281.76,0.0,0.0,1530.62,533.49,952.65,1.0,0.09906918114682463,0.08228353399179539,0.0,0.0,0.30187568670538373,0.11475125520539635,0.25587393494053884,0.0,0.0,0.07415061689639202,0.0258448292901283,0.04615096182354069,3,1,0.125,0.16666666666666666,0.125,0.08333333333333333,0.08333333333333333,0.20833333333333334,0.20833333333333334
790,47,Feminino,Solteiro,0,João Pessoa,PB,Vendedor,Médio,2214.62,0.0,55.0,380,200.37,1004.03,Nunca,1.48,5.5,0,0,1,Em risco,18829.35,8369.32,20,1176.834375,5459.13,158.98,-10460.029999999999,2214.62,8.502293847251448,2007.06,1563.04,1878.35,1902.74,0.0,367.49,8775.27,158.98,375.31,1299.67,208.9,292.54,1.0,0.10659210222339062,0.08301083149444884,0.09975649717064052,0.10105181538396175,0.0,0.019516871267462765,0.466042109791363,0.008443201703723176,0.019932180346108604,0.06902362535084855,0.011094381909094049,0.015536383358958225,7,2,0.15,0.25,0.1,0.1,0.05,0.2,0.15
791,54,Feminino,Solteiro,0,Campinas,SP,Autônomo,Superior,9756.03,0.0,11.67,873,15903.29,29040.3,Sempre,30.06,28.5,0,0,1,Saudável,26334.55,25543.02,26,1197.0249999999999,5498.87,65.67,-791.5299999999988,9756.03,2.6993100677222186,2204.48,812.05,815.02,7970.74,2432.47,1495.49,8105.6,194.8,412.31,989.49,118.0,784.1,1.0,0.08371056273982279,0.030835917074717435,0.030948696674141005,0.30267234488533123,0.09236801084506854,0.05678813573803236,0.3077933741036016,0.007397126588455091,0.01565661839674496,0.03757383361401657,0.004480805633663761,0.029774573706404704,5,0,0.07692307692307693,0.2692307692307692,0.19230769230769232,0.038461538461538464,0.0,0.3076923076923077,0.11538461538461539
792,34,Feminino,Solteiro,0,Blumenau,SC,Designer Gráfico,Superior,4874.65,0.0,48.62,704,3132.06,4804.73,Às vezes,5.67,9.2,0,0,1,Em observação,36938.92,23645.96,36,1273.7558620689654,5706.68,19.16,-13292.96,4874.65,7.577758403167407,2575.48,3182.71,2024.86,4701.7,2619.12,1647.1,15257.34,1644.3,996.3,956.03,308.58000000000004,1025.4,1.0,0.06972266649918298,0.08616142540171721,0.05481643751360354,0.12728309327939202,0.0709040762426189,0.04458982558233971,0.4130423953921772,0.04451402477386995,0.026971551956581297,0.025881373900482202,0.008353790527714402,0.027759338930320652,6,1,0.05555555555555555,0.2222222222222222,0.2222222222222222,0.05555555555555555,0.027777777777777776,0.2222222222222222,0.19444444444444445
793,41,Feminino,Viúvo,3,Londrina,PR,Analista de TI,Superior,10641.52,1511.95,34.7,594,2091.06,14757.99,Frequentemente,1.0,10.4,0,0,1,Em observação,29682.74,37559.090000000004,41,873.0217647058824,5359.51,16.56,7876.350000000002,10641.52,2.7893327269036754,5844.93,3371.79,5313.26,2925.71,1471.05,1359.94,5359.51,0.0,0.0,1700.53,0.0,2336.02,1.0,0.19691342510832896,0.11359429756147849,0.17900166898338898,0.09856603534579354,0.04955910404497697,0.045815851232062804,0.18055981354821016,0.0,0.0,0.057290196255466976,0.0,0.07869960792029307,5,1,0.12195121951219512,0.24390243902439024,0.0975609756097561,0.024390243902439025,0.024390243902439025,0.3170731707317073,0.17073170731707318
794,53,Masculino,União Estável,0,Feira de Santana,BA,Desenvolvedor de Software,Pós-graduação,12836.35,0.0,39.29,664,4625.98,18127.69,Às vezes,5.23,33.2,1,1,0,Em observação,16201.51,37749.15,32,600.055925925926,1945.06,24.8,21547.64,12836.35,1.262158635437644,3614.15,3370.3,151.02,572.66,0.0,2387.51,0.0,0.0,0.0,4199.21,209.26,1697.4,1.0,0.2230748862297403,0.2080238200019628,0.009321353380024456,0.03534608811154022,0.0,0.14736342476719763,0.0,0.0,0.0,0.25918633510086403,0.012916080044390923,0.10476801236427963,3,1,0.125,0.1875,0.28125,0.0,0.0,0.25,0.15625
795,38,Feminino,Solteiro,1,Campo Grande,MS,Vendedor,Fundamental,3768.84,418.97,0.0,825,8877.31,8811.32,Sempre,11.8,14.5,0,0,0,Saudável,31184.66,30045.75,48,779.6165,4000.56,15.86,-1138.9099999999999,3768.84,8.274339053926406,5451.31,2972.23,5415.839999999999,0.0,8232.91,3517.4100000000003,3546.43,0.0,0.0,124.21,1023.0899999999999,901.23,1.0,0.17480742134113375,0.09531064311748148,0.1736700031361573,0.0,0.2640051230316444,0.11279295653696401,0.11372354228008258,0.0,0.0,0.003983048075560227,0.03280747649645691,0.028899785984519314,10,1,0.08333333333333333,0.20833333333333334,0.16666666666666666,0.0625,0.0625,0.2916666666666667,0.125
796,32,Masculino,Divorciado,0,Pelotas,RS,Motorista,Médio,2767.25,0.0,77.4,439,-135.26,1386.01,Raramente,1.26,3.3,1,0,0,Em risco,46826.35,34542.33,58,1040.5855555555556,5061.8,22.41,-12284.019999999997,2767.25,16.921618935766556,6465.81,9914.01,1243.9699999999998,3129.88,1720.03,1454.54,17630.12,621.04,0.0,1796.46,1173.8,1676.69,1.0,0.13808058924088681,0.21171861569394157,0.026565598215534628,0.06684014449129604,0.036732096351733586,0.031062425322494706,0.37649998344948943,0.013262618162637062,0.0,0.03836429702507242,0.025067082956497785,0.03580654909041597,14,0,0.08620689655172414,0.3275862068965517,0.15517241379310345,0.034482758620689655,0.034482758620689655,0.13793103448275862,0.22413793103448276
797,26,Feminino,Solteiro,0,Santos,SP,Jornalista,Médio,3236.3,0.0,79.86,490,192.59,2243.34,Raramente,0.0,0.3,1,1,1,Em risco,52590.35,23054.1,59,1031.1833333333334,4546.39,48.87,-29536.25,3236.3,16.2501467725489,5271.47,9630.88,1275.46,11681.25,0.0,3900.2,13196.95,0.0,0.0,5636.46,1114.3899999999999,883.29,1.0,0.10023645022328241,0.18313017502260395,0.02425273838261202,0.2221177459362792,0.0,0.07416189472022909,0.250938622770147,0.0,0.0,0.10717669686548958,0.021190009193701884,0.016795666885654877,13,6,0.1864406779661017,0.3559322033898305,0.0847457627118644,0.03389830508474576,0.0847457627118644,0.15254237288135594,0.1016949152542373
798,38,Masculino,União Estável,3,Anápolis,GO,Designer Gráfico,Médio,5405.78,369.25,38.22,541,951.13,3489.5,Raramente,4.59,6.4,1,0,0,Em observação,45978.490000000005,39229.5,45,1242.661891891892,5288.4,16.29,-6748.990000000005,5405.78,8.505431223616204,2994.24,7143.969999999999,1245.65,6901.48,3328.36,45.19,20407.760000000002,754.28,0.0,703.58,1200.55,1253.43,1.0,0.0651226258191602,0.15537635098499317,0.0270920162884862,0.1501023630832591,0.0723895021345851,0.000982850893972377,0.4438545067486992,0.016405062454204127,0.0,0.015302372913943018,0.02611112283156754,0.027261225847129818,14,0,0.08888888888888889,0.3111111111111111,0.1111111111111111,0.0,0.13333333333333333,0.17777777777777778,0.17777777777777778
799,18,Feminino,Solteiro,1,Campo Grande,MS,Contador,Superior,8998.56,0.0,35.73,512,2700.78,5777.13,Às vezes,5.06,0.0,1,1,1,Em observação,37246.8,56409.37,45,1064.1942857142858,5061.89,37.01,19162.57,8998.56,4.139195604630075,2514.97,6793.12,5373.7300000000005,0.0,4630.3,1170.01,12538.34,50.36,0.0,1489.47,492.15999999999997,2194.34,1.0,0.06752177368257138,0.18238130523964474,0.14427360202755674,0.0,0.12431403503119731,0.031412362941245955,0.33662864997798464,0.0013520624590568854,0.0,0.039989207126518246,0.013213484111386748,0.05891351740283729,12,2,0.022222222222222223,0.17777777777777778,0.2222222222222222,0.044444444444444446,0.044444444444444446,0.28888888888888886,0.2
800,48,Feminino,Casado,4,Campinas,SP,Corretor de Imóveis,Médio,7002.4,0.0,79.87,420,981.21,3614.81,Às vezes,1.35,16.7,0,0,1,Em risco,18811.63,23859.72,21,1106.5664705882355,4549.96,15.01,5048.09,7002.4,2.6864546441220156,1678.53,5983.08,367.46,4549.96,0.0,1386.06,3895.75,0.0,0.0,139.15,0.0,811.64,1.0,0.0892283124854146,0.31805218367573673,0.019533660825776393,0.24186952433149067,0.0,0.07368101541440056,0.2070926336526925,0.0,0.0,0.007397019822312049,0.0,0.04314564979217643,2,1,0.14285714285714285,0.38095238095238093,0.047619047619047616,0.047619047619047616,0.047619047619047616,0.14285714285714285,0.19047619047619047
801,39,Feminino,Solteiro,2,Maringá,PR,Farmacêutico,Pós-graduação,7343.69,0.0,46.08,620,2212.72,6128.14,Nunca,9.3,1.9,0,0,1,Em observação,32227.65,42171.54,37,1111.298275862069,4887.65,33.87,9943.89,7343.69,4.388481812276935,1348.64,5058.6,1379.65,3202.51,0.0,2362.85,14971.1,0.0,0.0,2355.37,523.64,1025.29,1.0,0.04184729572277222,0.15696459406751656,0.042809512949284236,0.0993715024210577,0.0,0.07331747738355107,0.4645420935128686,0.0,0.0,0.07308537854916507,0.016248159577257417,0.03181398581652711,7,2,0.05405405405405406,0.32432432432432434,0.13513513513513514,0.0,0.05405405405405406,0.24324324324324326,0.1891891891891892
802,47,Feminino,Divorciado,0,Londrina,PR,Estudante,Médio,1412.0,252.67,12.35,786,973.01,3424.58,Sempre,20.18,16.6,0,0,0,Saudável,43610.159999999996,30191.22,58,1038.3371428571427,5571.17,40.4,-13418.939999999995,1412.0,30.88538243626062,3737.46,2989.33,0.0,4159.05,9452.04,6790.43,11641.9,0.0,493.59,1629.34,677.91,2039.1100000000001,1.0,0.08570158880407686,0.06854664142484229,0.0,0.09536883148330574,0.21673940201090758,0.15570752320101555,0.26695384745206163,0.0,0.011318234099576796,0.037361477233745534,0.015544772135667469,0.04675768215480063,13,1,0.05172413793103448,0.10344827586206896,0.15517241379310345,0.034482758620689655,0.034482758620689655,0.41379310344827586,0.20689655172413793
803,44,Masculino,Divorciado,1,Cuiabá,MT,Vendedor,Médio,4465.02,0.0,28.0,709,690.76,4101.72,Às vezes,7.33,1.1,0,0,1,Em observação,13595.710000000001,15876.39,21,849.7318750000001,4142.02,38.2,2280.6799999999985,4465.02,3.0449382085634555,1159.76,1936.44,113.52,0.0,1738.06,1501.53,4142.02,1274.76,0.0,1588.79,102.63,38.2,1.0,0.08530337878639659,0.14243022247458942,0.008349692660405377,0.0,0.1278388550506005,0.11044145542969068,0.3046563952893964,0.09376192931446757,0.0,0.11685965646516437,0.0075487047017036984,0.0028097098275853194,6,2,0.09523809523809523,0.19047619047619047,0.23809523809523808,0.0,0.047619047619047616,0.23809523809523808,0.19047619047619047
804,35,Masculino,Casado,2,Juazeiro do Norte,CE,Cabeleireiro,Médio,3448.7,0.0,45.84,544,620.98,4877.33,Raramente,1.0,16.1,1,0,0,Em observação,25764.3,32637.0,35,990.9346153846153,4457.85,22.97,6872.700000000001,3448.7,7.470728100443646,3455.61,6222.69,1890.18,0.0,2721.64,2262.89,7190.4400000000005,0.0,0.0,755.02,324.57,941.26,1.0,0.1341239622268022,0.24152373633283264,0.07336430642400532,0.0,0.10563609335398205,0.08783044755727887,0.2790854011170496,0.0,0.0,0.029304890876134807,0.012597664209778647,0.0365334979021359,8,1,0.05714285714285714,0.2571428571428571,0.02857142857142857,0.0,0.05714285714285714,0.37142857142857144,0.22857142857142856
805,36,Masculino,Solteiro,1,Juazeiro do Norte,CE,Corretor de Imóveis,Médio,6517.7,0.0,28.5,609,3412.13,10206.16,Às vezes,4.43,0.8,1,0,1,Em observação,19751.47,28926.03,26,987.5735000000001,4302.65,29.93,9174.559999999998,6517.7,3.03043558310447,1439.6100000000001,4694.77,0.0,0.0,2155.77,2375.38,7492.17,0.0,0.0,0.0,365.19,1228.58,1.0,0.07288622062054116,0.23769218189835997,0.0,0.0,0.10914478770440883,0.12026345380875449,0.3793221466554135,0.0,0.0,0.0,0.01848925674899134,0.062201952563530706,5,0,0.0,0.15384615384615385,0.2692307692307692,0.0,0.11538461538461539,0.23076923076923078,0.23076923076923078
806,45,Masculino,Solteiro,3,Fortaleza,CE,Desenvolvedor de Software,Superior,13086.82,0.0,37.48,621,7893.3,20555.69,Raramente,1.0,2.3,1,1,1,Em observação,24780.03,31033.68,20,1548.751875,5842.36,23.98,6253.6500000000015,13086.82,1.8935104173511976,2231.13,1429.6999999999998,0.0,3755.93,2358.94,0.0,14432.22,0.0,0.0,0.0,0.0,572.11,1.0,0.09003742126220186,0.05769565250728106,0.0,0.15157084152036943,0.09519520355705785,0.0,0.5824133384826411,0.0,0.0,0.0,0.0,0.023087542670448748,5,0,0.1,0.1,0.05,0.0,0.1,0.5,0.15
807,29,Feminino,Solteiro,2,Juiz de Fora,MG,Jornalista,Superior,3181.65,0.0,73.2,445,434.51,965.08,Nunca,0.5,3.2,0,0,0,Em risco,21867.75,29820.82,31,950.7717391304348,3326.32,31.65,7953.07,3181.65,6.873084720192352,1875.22,2625.12,863.27,0.0,0.0,2571.9300000000003,11433.880000000001,0.0,316.06,181.9,569.07,1431.3000000000002,1.0,0.08575276377313625,0.12004527214734026,0.039476855186290315,0.0,0.0,0.11761292314024079,0.5228649495261287,0.0,0.014453247361982828,0.008318185455751049,0.026023253421133864,0.06545254998799603,12,1,0.12903225806451613,0.3548387096774194,0.12903225806451613,0.0,0.03225806451612903,0.0967741935483871,0.25806451612903225
808,57,Masculino,Solteiro,1,Goiânia,GO,Professor,Superior,2287.01,0.0,71.19,455,92.39,1835.82,Raramente,0.73,9.3,0,0,0,Em risco,26723.85,15070.89,30,1068.954,5849.32,16.21,-11652.96,2287.01,11.68506040638213,2642.64,1596.13,1198.83,0.0,0.0,16.21,17809.5,0.0,182.11,1496.45,573.47,1208.51,1.0,0.0988869492980989,0.0597267983467951,0.04485992849084245,0.0,0.0,0.0006065742772841489,0.6664271802154256,0.0,0.0068145121305500525,0.05599679686871466,0.021459108623944533,0.045222151748344645,11,1,0.13333333333333333,0.3333333333333333,0.03333333333333333,0.03333333333333333,0.16666666666666666,0.16666666666666666,0.13333333333333333
809,37,Feminino,União Estável,1,Manaus,AM,Cozinheiro,Médio,3235.6,0.0,28.4,588,942.39,3040.96,Raramente,1.59,9.0,0,0,0,Em observação,18401.51,20173.93,27,876.2623809523809,5948.61,43.24,1772.420000000002,3235.6,5.687201755470392,1327.79,3140.55,0.0,3024.01,0.0,2395.89,5948.61,363.13,394.35,0.0,391.03000000000003,1416.15,1.0,0.07215657845470291,0.17066805930600262,0.0,0.16433488338728727,0.0,0.13020072809242286,0.3232674927220647,0.019733706636031502,0.02143030653462678,0.0,0.021249886558222672,0.07695835830863881,7,1,0.07407407407407407,0.4074074074074074,0.1111111111111111,0.037037037037037035,0.0,0.14814814814814814,0.2222222222222222
810,37,Masculino,Solteiro,1,Uberlândia,MG,Engenheiro Civil,Pós-graduação,13562.17,0.0,7.0,795,17955.47,32500.22,Às vezes,24.95,8.3,0,1,1,Saudável,25619.32,76113.95999999999,44,776.3430303030303,5207.28,9.07,50494.63999999999,13562.17,1.8890280832639614,4233.41,3317.8599999999997,1613.66,4525.19,1051.66,113.44,7724.799999999999,0.0,0.0,518.21,197.58999999999997,2323.5,1.0,0.1652428713954937,0.12950616956265817,0.06298605895862966,0.17663193246346895,0.04104948921360911,0.004427908312945074,0.3015224447799551,0.0,0.0,0.020227312824852496,0.007712538818360518,0.09069327367002715,13,0,0.11363636363636363,0.1590909090909091,0.11363636363636363,0.022727272727272728,0.11363636363636363,0.22727272727272727,0.25
811,53,Masculino,Solteiro,0,Blumenau,SC,Pedreiro,Fundamental,2527.09,0.0,98.0,375,130.84,1261.01,Nunca,1.32,1.0,0,1,0,Em risco,31908.12,32616.5,38,1139.5757142857142,5392.33,18.29,708.380000000001,2527.09,12.626428025911224,2289.3,7398.35,1763.7199999999998,3681.03,0.0,2697.4300000000003,9749.18,717.23,0.0,1597.56,515.64,1498.68,1.0,0.0717466275042215,0.23186417751970348,0.05527495822380008,0.1153634247332654,0.0,0.08453741555441062,0.30553915429677464,0.022477977392588472,0.0,0.050067506327542956,0.016160149830199963,0.04696860861749298,10,5,0.05263157894736842,0.47368421052631576,0.05263157894736842,0.0,0.07894736842105263,0.07894736842105263,0.2631578947368421
812,35,Feminino,União Estável,3,Teresina,PI,Corretor de Imóveis,Superior,7013.54,0.0,90.23,331,1299.98,3665.6,Raramente,0.52,4.8,1,0,1,Em risco,34530.89,69526.16,50,933.2672972972973,3559.59,34.94,34995.270000000004,7013.54,4.923460905619701,3367.52,11723.01,0.0,2879.41,0.0,3495.92,9406.220000000001,0.0,0.0,2142.59,503.92999999999995,1012.29,1.0,0.09752195787597713,0.33949342168707497,0.0,0.0833864982918193,0.0,0.10124036768238526,0.27240016113109167,0.0,0.0,0.062048502080311284,0.014593600107034598,0.029315491144305865,13,3,0.08,0.2,0.18,0.02,0.1,0.18,0.24
813,36,Feminino,Casado,1,Campo Grande,MS,Farmacêutico,Superior,8711.13,1363.14,1.39,756,19290.8,27784.21,Sempre,21.08,9.2,0,0,0,Saudável,10028.78,24332.559999999998,24,527.8305263157895,1179.35,16.85,14303.779999999997,8711.13,1.1512605138483758,2233.01,1974.28,0.0,0.0,1179.35,1858.58,0.0,0.0,341.85,1285.43,388.83,767.45,1.0,0.2226601839904754,0.1968614327964119,0.0,0.0,0.11759655710864131,0.1853246356984598,0.0,0.0,0.03408689790782129,0.1281741148973255,0.03877141586514012,0.07652476173572459,3,0,0.041666666666666664,0.125,0.16666666666666666,0.041666666666666664,0.041666666666666664,0.4166666666666667,0.16666666666666666
814,33,Feminino,Divorciado,3,Recife,PE,Advogado,Pós-graduação,11620.59,629.54,72.46,502,554.4,8586.64,Raramente,0.9,6.4,0,1,1,Em risco,23951.81,32990.520000000004,23,1330.6561111111112,5615.58,57.73,9038.710000000003,11620.59,2.0611526609234128,1272.83,3634.6,0.0,0.0,0.0,3912.73,14001.44,0.0,211.76,0.0,458.16,460.29,1.0,0.05314128660840245,0.1517463607134492,0.0,0.0,0.0,0.16335842677442747,0.5845670953468652,0.0,0.008841085496252683,0.0,0.01912840824973144,0.019217336810871496,4,2,0.043478260869565216,0.391304347826087,0.17391304347826086,0.08695652173913043,0.08695652173913043,0.043478260869565216,0.17391304347826086
815,37,Masculino,Solteiro,1,São Luís,MA,Autônomo,Fundamental,5665.93,0.0,93.4,472,188.06,1947.2,Raramente,0.0,12.1,1,1,0,Em risco,30892.96,51028.96,42,965.405,4719.78,51.82,20136.0,5665.93,5.452407636522159,1592.33,1841.79,2953.13,6077.4,0.0,4454.360000000001,11636.56,0.0,0.0,0.0,846.97,1490.42,1.0,0.05154345844490136,0.05961843733976932,0.09559232912611806,0.1967244317151869,0.0,0.14418689565519135,0.3766735204396082,0.0,0.0,0.0,0.027416278660251397,0.04824464861897339,11,3,0.09523809523809523,0.40476190476190477,0.07142857142857142,0.0,0.047619047619047616,0.14285714285714285,0.23809523809523808
816,23,Feminino,Casado,0,Fortaleza,CE,Cabeleireiro,Médio,4105.19,0.0,43.57,683,2121.83,4842.67,Às vezes,6.56,5.0,1,0,0,Em observação,35856.75,36258.08,57,747.015625,5550.79,19.55,401.33000000000175,4105.19,8.73449219159162,1745.1200000000001,5248.02,1794.66,453.18,3049.31,604.76,17377.239999999998,1517.73,164.97,897.3499999999999,1113.06,1891.3500000000001,1.0,0.04866921848745355,0.14636072705975864,0.05005082725009936,0.012638624526762744,0.08504144965731696,0.01686600151993697,0.4846295327936859,0.04232759522265682,0.004600807379363718,0.02502597140008506,0.031041854044217613,0.0527473906586626,15,0,0.08771929824561403,0.22807017543859648,0.17543859649122806,0.08771929824561403,0.10526315789473684,0.19298245614035087,0.12280701754385964
817,20,Masculino,Solteiro,0,Duque de Caxias,RJ,Cabeleireiro,Médio,3746.75,0.0,42.19,619,1785.32,2768.36,Sempre,8.77,2.0,0,0,0,Em observação,44506.840000000004,48284.27,58,1035.0427906976745,5813.93,19.86,3777.429999999993,3746.75,11.878785614198973,3547.33,4830.88,2898.54,2016.73,6865.25,3477.87,15280.82,0.0,608.34,2294.33,1266.24,1420.51,1.0,0.0797030299163005,0.10854241730035202,0.06512572000168962,0.04531281034555587,0.1542515712191654,0.07814237092545774,0.34333643997192337,0.0,0.01366846084781575,0.051550053879358765,0.0284504584014502,0.03191666719093065,13,0,0.06896551724137931,0.1724137931034483,0.1896551724137931,0.017241379310344827,0.10344827586206896,0.22413793103448276,0.22413793103448276
818,39,Feminino,Casado,1,Rio de Janeiro,RJ,Vendedor,Médio,3335.88,0.0,29.96,654,532.77,4573.18,Raramente,5.99,4.1,1,0,0,Em observação,52092.27,53472.590000000004,56,1270.5431707317073,5961.72,26.89,1380.320000000007,3335.88,15.615750566567142,2842.11,1776.78,1958.45,5190.68,4210.87,2631.11,29323.420000000002,0.0,387.94,1850.75,422.84000000000003,1497.32,1.0,0.05455915052271672,0.034108323557410725,0.03759578916411207,0.09964395869099198,0.0808348340358368,0.05050864552456632,0.5629130771225751,0.0,0.00744717018475102,0.03552830391150165,0.008117135229468789,0.02874361205606897,18,0,0.10714285714285714,0.14285714285714285,0.125,0.03571428571428571,0.03571428571428571,0.30357142857142855,0.25
819,38,Feminino,Casado,0,Niterói,RJ,Farmacêutico,Superior,8747.03,878.47,19.55,939,23610.94,16994.32,Sempre,15.68,17.0,1,0,1,Saudável,55708.44,102824.07,55,1358.7424390243903,5852.37,34.7,47115.630000000005,8747.03,6.368840623617388,6266.28,4763.66,515.91,3531.41,21667.219999999998,2375.88,13338.75,0.0,0.0,1741.78,381.24,1126.31,1.0,0.11248349442203012,0.08551056177484058,0.009260894758496199,0.06339093322304483,0.3889396292554593,0.04264847480920306,0.2394385841714469,0.0,0.0,0.031265998473480855,0.006843487270510536,0.02021794184148757,10,0,0.05454545454545454,0.09090909090909091,0.2,0.01818181818181818,0.01818181818181818,0.36363636363636365,0.2545454545454545
820,29,Feminino,Solteiro,1,Salvador,BA,Engenheiro de Produção,Superior,16965.24,909.38,9.2,1000,44300.64,37527.29,Frequentemente,27.78,3.2,0,1,1,Saudável,33480.91,84838.6,47,881.0765789473685,5724.3,34.32,51357.69,16965.24,1.9735005222443067,3484.3,2689.62,5249.46,0.0,3146.45,34.32,14702.82,219.69,1165.29,547.99,853.25,1387.72,1.0,0.10406825859870594,0.08033294196603377,0.15678964520378924,0.0,0.09397743370774568,0.0010250617441401682,0.4391403937348178,0.006561649608687457,0.03480460955212985,0.016367237330168146,0.02548467171292536,0.04144809684085647,11,0,0.06382978723404255,0.1276595744680851,0.2765957446808511,0.0,0.0851063829787234,0.2553191489361702,0.19148936170212766
821,38,Feminino,Casado,0,Salvador,BA,Gerente Comercial,Superior,11062.09,803.29,67.28,370,1143.52,2400.26,Nunca,0.0,13.9,1,0,1,Em risco,33465.96,60585.79,51,796.8085714285714,3225.91,42.39,27119.83,11062.09,3.025283648930717,2636.52,12160.32,2307.74,0.0,0.0,5826.03,6761.86,756.98,0.0,163.86,734.81,2117.84,1.0,0.07878214161494247,0.3633638479218884,0.06895783058367368,0.0,0.0,0.17408823771976062,0.20205187599578794,0.022619401923626277,0.0,0.004896318527841425,0.021956937736135464,0.06328340797634373,12,3,0.11764705882352941,0.3333333333333333,0.0784313725490196,0.0392156862745098,0.058823529411764705,0.23529411764705882,0.13725490196078433
822,43,Masculino,Solteiro,0,Anápolis,GO,Aposentado,Médio,6655.29,0.0,5.58,798,17039.61,15888.51,Sempre,25.42,2.9,0,1,1,Saudável,55638.25,57559.95,53,1357.030487804878,4843.46,11.42,1921.699999999997,6655.29,8.360003846564162,7396.23,3153.8199999999997,46.63,10601.94,19310.9,922.75,12620.15,94.21,0.0,0.0,1043.53,448.09000000000003,1.0,0.13293426734305985,0.05668438529249212,0.00083809249931477,0.19055128441315103,0.3470795720569932,0.016584813505097662,0.22682507088199214,0.0016932595831105398,0.0,0.0,0.01875562225627154,0.008053632168517164,11,0,0.09433962264150944,0.09433962264150944,0.24528301886792453,0.0,0.1320754716981132,0.24528301886792453,0.18867924528301888
823,26,Outro,Solteiro,0,Blumenau,SC,Motoboy,Fundamental,3349.35,0.0,12.86,700,7697.35,7480.13,Frequentemente,28.82,0.2,0,0,0,Saudável,39852.38,27967.23,37,1374.2199999999998,5071.6,39.15,-11885.149999999998,3349.35,11.898541508053802,1888.1000000000001,1749.39,1172.07,3487.7799999999997,6013.84,951.6,18590.4,0.0,1120.04,3301.76,1201.69,375.71,1.0,0.04737734609576643,0.043896750959415726,0.029410288670337882,0.08751748327201538,0.15090290717894392,0.023878122210016065,0.46648155016086873,0.0,0.028104720470897848,0.082849757028313,0.030153531608400806,0.009427542345024312,11,0,0.16216216216216217,0.08108108108108109,0.13513513513513514,0.05405405405405406,0.13513513513513514,0.24324324324324326,0.1891891891891892
824,37,Masculino,Solteiro,1,Duque de Caxias,RJ,Farmacêutico,Superior,7815.01,0.0,37.73,680,4374.01,10256.54,Raramente,1.0,9.6,1,0,0,Em observação,21916.989999999998,20947.08,26,996.2268181818181,5212.69,48.38,-969.9099999999962,7815.01,2.8044736986900847,2422.55,2173.38,2005.96,0.0,0.0,220.61,9916.11,919.53,0.0,1859.4299999999998,1217.93,1181.49,1.0,0.11053297008393946,0.0991641644222131,0.09152534175541442,0.0,0.0,0.01006570701542502,0.4524394088786828,0.04195512248716635,0.0,0.08483966092059174,0.05557013075244366,0.0539074936841236,4,0,0.11538461538461539,0.3076923076923077,0.11538461538461539,0.0,0.07692307692307693,0.3076923076923077,0.07692307692307693
825,20,Masculino,Divorciado,0,Caxias do Sul,RS,Engenheiro Civil,Superior,9817.63,0.0,58.0,585,2943.66,11707.76,Às vezes,8.35,2.0,1,1,1,Em observação,32771.43,75034.81999999999,58,712.4223913043478,3339.92,14.95,42263.38999999999,9817.63,3.338018442332824,4102.58,6503.92,958.4,4938.62,0.0,1748.4,7606.66,0.0,0.0,4537.8,1140.85,1234.2,1.0,0.12518770160472092,0.198463112534302,0.029244985647559472,0.15069894722323682,0.0,0.053351349025660466,0.23211254437172865,0.0,0.0,0.13846817181917298,0.034812335012539886,0.037660852761078785,14,1,0.13793103448275862,0.25862068965517243,0.1896551724137931,0.017241379310344827,0.034482758620689655,0.1896551724137931,0.1724137931034483
826,56,Masculino,Divorciado,3,Guarulhos,SP,Enfermeiro,Superior,2923.39,0.0,67.46,405,65.99,2133.02,Raramente,0.2,4.8,0,0,0,Em risco,32646.95,25737.85,55,709.716304347826,3418.86,33.74,-6909.100000000002,2923.39,11.167497323313004,5449.47,8187.38,4534.41,0.0,0.0,5409.929999999999,5438.99,177.3,0.0,1560.6100000000001,473.83,1415.03,1.0,0.16692125910689973,0.25078544856410784,0.13889230081217388,0.0,0.0,0.165710119934634,0.1666002490278571,0.005430828913573857,0.0,0.047802627810561174,0.014513760090912015,0.04334340573928039,11,4,0.07272727272727272,0.32727272727272727,0.05454545454545454,0.10909090909090909,0.07272727272727272,0.2,0.16363636363636364
827,22,Feminino,Solteiro,0,Duque de Caxias,RJ,Professor,Superior,6106.91,0.0,26.74,730,8950.2,8938.71,Frequentemente,14.25,3.2,0,0,1,Saudável,54302.54,43684.58,58,1131.3029166666668,4575.04,32.51,-10617.96,6106.91,8.891983015960609,5790.68,4548.45,6921.96,0.0,12159.08,1053.8899999999999,18424.74,184.03,0.0,2169.86,507.89,2541.96,1.0,0.10663736908070967,0.08376127525526429,0.12747028039572367,0.0,0.2239136511846407,0.019407747777544105,0.3392979407593089,0.0033889759116240235,0.0,0.0399587201629979,0.009352969492771424,0.04681106997941533,11,0,0.15517241379310345,0.15517241379310345,0.10344827586206896,0.034482758620689655,0.05172413793103448,0.3448275862068966,0.15517241379310345
828,54,Feminino,Casado,1,Curitiba,PR,Analista Financeiro,Superior,10733.5,0.0,12.59,769,14435.37,17692.51,Frequentemente,23.21,20.3,0,0,0,Saudável,40204.25,56457.22,47,1030.878205128205,5144.36,20.17,16252.970000000001,10733.5,3.7456794149159176,4231.8,1119.06,4955.63,0.0,10327.279999999999,6261.98,9197.45,860.3399999999999,0.0,1929.9700000000003,326.77,993.97,1.0,0.1052575287438517,0.027834370744386477,0.12326134674816717,0.0,0.2568703557459721,0.1557541802172656,0.2287681028746961,0.021399230180888833,0.0,0.04800412891671901,0.00812774768836628,0.024723008139686725,10,0,0.0425531914893617,0.2127659574468085,0.23404255319148937,0.0425531914893617,0.0,0.3191489361702128,0.14893617021276595
829,18,Masculino,Casado,0,Niterói,RJ,Contador,Superior,5914.94,0.0,53.95,657,2231.24,7404.31,Às vezes,5.7,0.0,0,0,1,Em observação,30506.39,66463.1,60,693.3270454545454,3800.57,30.68,35956.71000000001,5914.94,5.157514700064582,3150.7799999999997,4889.17,4411.75,3599.62,2623.76,2522.66,4706.13,971.4,111.61,0.0,781.84,2737.67,1.0,0.10328262373882979,0.16026707847110064,0.14461724248591853,0.11799560682204613,0.08600689888249644,0.0826928391068232,0.1542670240562715,0.031842509061216356,0.003658577760265964,0.0,0.025628728931872964,0.08974087068315852,14,0,0.05,0.21666666666666667,0.13333333333333333,0.016666666666666666,0.03333333333333333,0.3,0.25
830,51,Feminino,Casado,1,Joinville,SC,Corretor de Imóveis,Médio,6056.63,0.0,48.16,511,1989.95,5588.89,Às vezes,4.97,20.6,0,1,0,Em observação,47861.68,20993.06,38,1495.6775,5313.1,28.84,-26868.62,6056.63,7.902361544291132,2688.19,0.0,2800.23,0.0,7444.110000000001,3130.2599999999998,28315.4,0.0,489.90999999999997,1593.19,469.32,931.07,1.0,0.05616580947430178,0.0,0.058506721870189266,0.0,0.15553382162932852,0.06540221738977821,0.5916089865629456,0.0,0.010235954943495506,0.03328738147093876,0.009805756922866058,0.01945334973615636,11,2,0.10526315789473684,0.21052631578947367,0.13157894736842105,0.0,0.10526315789473684,0.34210526315789475,0.10526315789473684
831,31,Masculino,Casado,1,Curitiba,PR,Eletricista,Médio,6227.04,1128.39,15.72,851,10146.11,8628.93,Sempre,23.21,1.0,1,0,1,Saudável,37322.14,46543.05,42,1097.71,4930.27,10.36,9220.910000000003,6227.04,5.993560343277062,4714.29,3149.5299999999997,4170.18,0.0,11776.050000000001,2139.05,8752.74,500.24,0.0,1033.25,361.83,724.98,1.0,0.1263134964929664,0.08438771195863902,0.11173475047250775,0.0,0.3155245117241402,0.057313165858120685,0.2345187065907796,0.013403304312132156,0.0,0.027684639733948805,0.009694781703299972,0.019424931153465476,10,0,0.047619047619047616,0.19047619047619047,0.09523809523809523,0.023809523809523808,0.11904761904761904,0.35714285714285715,0.16666666666666666
832,37,Feminino,Solteiro,0,Juazeiro do Norte,CE,Engenheiro de Produção,Pós-graduação,9554.29,0.0,38.94,642,3333.43,10100.88,Nunca,7.83,5.2,1,0,0,Em observação,36890.05,82766.45999999999,52,970.7907894736843,5689.33,12.12,45876.40999999999,9554.29,3.8610979989093903,4405.59,4401.93,0.0,0.0,207.39,1710.24,18556.81,598.82,479.64,5417.929999999999,198.88,912.82,1.0,0.11942488557212581,0.1193256718274982,0.0,0.0,0.005621841119759934,0.046360468473206184,0.5030302208861197,0.016232561354620013,0.013001879910707628,0.1468669736148365,0.005391155609710477,0.024744341631415517,14,0,0.07692307692307693,0.19230769230769232,0.19230769230769232,0.038461538461538464,0.07692307692307693,0.17307692307692307,0.25
833,19,Feminino,Divorciado,0,Maceió,AL,Motorista,Médio,4320.94,881.01,22.7,867,11347.93,9809.46,Frequentemente,21.45,1.0,0,0,1,Saudável,44891.57,44418.14,59,975.903695652174,4585.01,10.65,-473.4300000000003,4320.94,10.389306493494471,3398.7200000000003,5585.24,2595.8,4499.1900000000005,5397.0,4281.55,12445.99,0.0,0.0,3300.4,1658.98,1728.7,1.0,0.07570953744767671,0.12441623226810734,0.05782377404042675,0.10022349407695032,0.1202230173727495,0.09537536780290821,0.2772455942173553,0.0,0.0,0.07351937123161431,0.03695526799352306,0.03850834354868854,10,0,0.0847457627118644,0.1864406779661017,0.2033898305084746,0.01694915254237288,0.06779661016949153,0.22033898305084745,0.22033898305084745
834,25,Masculino,Casado,0,Duque de Caxias,RJ,Desenvolvedor de Software,Superior,10128.19,0.0,10.69,792,23029.76,21985.73,Frequentemente,26.29,2.8,1,1,0,Saudável,56330.6,69159.68000000001,59,1173.5541666666666,5818.87,19.05,12829.080000000009,10128.19,5.561763750482563,4348.41,1326.31,2888.04,0.0,10833.82,2805.34,27734.8,334.23,463.72,3964.75,742.5799999999999,888.5999999999999,1.0,0.07719445558896941,0.023545106922347712,0.051269469879603624,0.0,0.19232566313868485,0.04980135130816998,0.49235761735184785,0.005933364814150746,0.008232115404416073,0.07038359257668124,0.013182533116991474,0.01577472989813707,11,2,0.06779661016949153,0.13559322033898305,0.1864406779661017,0.01694915254237288,0.06779661016949153,0.3559322033898305,0.1694915254237288
835,37,Feminino,Solteiro,1,Blumenau,SC,Advogado,Pós-graduação,10524.8,1283.06,34.5,646,5195.06,15555.09,Frequentemente,1.0,7.8,0,0,0,Em observação,11727.86,33131.28,25,586.393,3385.53,58.88,21403.42,10524.8,1.1143071602310735,1617.57,0.0,0.0,0.0,0.0,1739.03,4415.72,964.14,0.0,1084.8,1266.09,640.51,1.0,0.1379254186185715,0.0,0.0,0.0,0.0,0.14828195425252347,0.3765154086082201,0.08220937153069699,0.0,0.09249769352635519,0.10795575663420265,0.05461439682943009,3,0,0.0,0.28,0.16,0.04,0.04,0.32,0.16
836,53,Feminino,Solteiro,1,Niterói,RJ,Enfermeiro,Pós-graduação,5136.54,770.35,35.03,501,973.71,2807.55,Às vezes,5.89,7.2,0,0,0,Em observação,43414.17,53914.33,51,1142.4781578947368,4259.01,16.0,10500.160000000003,5136.54,8.452026072025138,2414.08,5507.46,1198.19,3662.05,0.0,4899.59,19483.1,0.0,0.0,4360.139999999999,1569.16,320.4,1.0,0.05560580796546381,0.1268585809656156,0.027599053488757245,0.08435149169038589,0.0,0.11285693127382143,0.4487728315432496,0.0,0.0,0.10043126472301554,0.03614395944918445,0.007380078900506447,16,2,0.09803921568627451,0.19607843137254902,0.1568627450980392,0.0196078431372549,0.0784313725490196,0.21568627450980393,0.23529411764705882
837,28,Outro,Solteiro,2,Campinas,SP,Engenheiro de Produção,Superior,8103.17,0.0,59.99,435,947.58,6063.97,Às vezes,1.36,1.3,1,0,0,Em risco,32223.73,52039.42,42,947.7567647058823,4018.71,31.45,19815.69,8103.17,3.9766819652062093,4639.3099999999995,3172.95,99.75,0.0,0.0,5044.84,16970.27,1004.0,0.0,762.89,42.4,487.31999999999994,1.0,0.1439718493172578,0.09846625452733125,0.0030955448050241237,0.0,0.0,0.15655667422734737,0.5266389086552054,0.03115716274931549,0.0,0.02367478873488575,0.00131580049857667,0.015123016485056198,12,5,0.16666666666666666,0.30952380952380953,0.07142857142857142,0.047619047619047616,0.047619047619047616,0.21428571428571427,0.14285714285714285
838,24,Masculino,Divorciado,1,Niterói,RJ,Estudante,Superior,1412.0,0.0,47.4,556,341.46,1584.18,Às vezes,4.15,0.5,1,0,0,Em observação,17097.61,4335.78,22,949.8672222222223,5657.08,10.53,-12761.830000000002,1412.0,12.10878895184136,2181.84,463.33,0.0,1400.46,0.0,852.62,9987.42,419.15,917.05,0.0,518.52,357.22,1.0,0.1276108181201934,0.027099109173738315,0.0,0.08190969381100634,0.0,0.049867788538865955,0.5841412922624858,0.02451512228902168,0.053636151485500015,0.0,0.030327045709897464,0.020892978609291006,5,1,0.18181818181818182,0.2727272727272727,0.09090909090909091,0.045454545454545456,0.13636363636363635,0.09090909090909091,0.18181818181818182
839,51,Masculino,Casado,2,Joinville,SC,Estudante,Superior,1412.0,154.6,39.15,636,206.22,1906.84,Nunca,4.42,10.3,0,0,0,Em observação,10186.96,5471.52,23,536.1557894736842,1813.93,14.91,-4715.439999999999,1412.0,7.2145609065155805,4019.13,2368.46,239.02,0.0,0.0,50.51,0.0,0.0,326.38,2912.5,0.0,270.96000000000004,1.0,0.3945367410886074,0.23249919504935723,0.02346332958998563,0.0,0.0,0.004958299630115364,0.0,0.0,0.03203899887699569,0.2859047252566026,0.0,0.026598710508336152,6,1,0.08695652173913043,0.17391304347826086,0.391304347826087,0.08695652173913043,0.0,0.08695652173913043,0.17391304347826086
840,55,Masculino,Solteiro,3,Maceió,AL,Autônomo,Médio,6723.59,0.0,28.26,562,2417.22,9787.77,Às vezes,9.64,0.7,0,1,0,Em observação,19233.72,21123.309999999998,25,961.686,2481.31,45.76,1889.5899999999965,6723.59,2.8606324894885025,2316.75,6844.52,396.05,0.0,0.0,155.21,4044.69,0.0,0.0,5052.15,378.59,45.76,1.0,0.12045251776567403,0.3558604367745813,0.020591440449377447,0.0,0.0,0.008069681788026445,0.21029161285492354,0.0,0.0,0.262671495685702,0.01968365973924961,0.0023791549424656278,6,0,0.12,0.4,0.0,0.0,0.0,0.32,0.16
841,45,Feminino,Casado,1,Goiânia,GO,Engenheiro Civil,Superior,15393.98,4789.05,23.46,823,39388.27,32997.52,Sempre,20.27,18.8,1,1,1,Saudável,24030.01,37739.11,32,890.0003703703703,4968.03,30.68,13709.100000000002,15393.98,1.5610004690145107,1016.79,1753.1799999999998,979.34,0.0,6696.11,2515.15,7606.83,869.23,0.0,151.98,933.59,1507.81,1.0,0.04231334069357441,0.07295793884397052,0.04075487276118487,0.0,0.2786561470428019,0.1046670392563299,0.3165554238221291,0.03617268573754235,0.0,0.006324591625221962,0.03885100339117629,0.06274695682606873,7,1,0.0625,0.3125,0.0625,0.03125,0.03125,0.34375,0.15625
842,35,Feminino,Casado,0,Florianópolis,SC,Motorista,Médio,3344.27,0.0,37.25,570,2048.31,3596.05,Nunca,6.24,1.4,1,0,0,Em observação,23815.1,21525.559999999998,32,882.0407407407407,5497.2,18.99,-2289.540000000001,3344.27,7.121165456138409,3101.14,1846.22,3798.58,0.0,1695.95,1812.57,6219.62,519.22,0.0,3438.31,393.73,989.76,1.0,0.1302173830888806,0.07752308409370526,0.15950300439637038,0.0,0.07121322186343959,0.0761101150110644,0.26116287565452173,0.0218021339402312,0.0,0.14437520732644415,0.016532788021045474,0.04156018660429728,6,0,0.0625,0.1875,0.1875,0.0625,0.15625,0.21875,0.125
843,18,Feminino,Solteiro,0,Santos,SP,Advogado,Fundamental,20200.11,1829.56,7.81,700,22162.6,50074.8,Frequentemente,26.22,0.0,0,1,1,Saudável,27764.14,68813.99,43,771.2261111111111,4193.69,17.92,41049.850000000006,20200.11,1.3744548915822734,2719.02,816.1,2884.1,145.19,1878.8600000000001,2563.3900000000003,11271.929999999998,695.17,795.31,1857.3700000000001,566.96,1570.74,1.0,0.09793280108802217,0.02939403129360391,0.10387860023757264,0.00522940742987177,0.06767218433562142,0.0923273690451064,0.4059888042633411,0.02503841285917734,0.028645223659007624,0.0668981643227559,0.020420585690750732,0.05657441577516898,10,0,0.06976744186046512,0.20930232558139536,0.16279069767441862,0.046511627906976744,0.13953488372093023,0.23255813953488372,0.13953488372093023
844,60,Feminino,Casado,0,Brasília,DF,Gerente Comercial,Superior,6211.64,0.0,82.99,459,1060.34,1235.87,Nunca,0.94,3.5,1,0,0,Em risco,53325.62,54315.79,60,1110.9504166666668,5697.61,30.36,990.1699999999983,6211.64,8.58478920220747,1806.71,9606.15,2069.62,4125.41,0.0,3225.54,28316.02,635.8,491.18999999999994,95.94,493.79,2459.45,1.0,0.03388071249804503,0.18014136544497747,0.03881098803914516,0.07736262606979534,0.0,0.06048762302247962,0.5310021711890082,0.011922974360166838,0.00921114466179671,0.0017991351999282895,0.009259901713285284,0.04612135780137202,16,5,0.05,0.31666666666666665,0.1,0.0,0.08333333333333333,0.26666666666666666,0.18333333333333332
845,44,Masculino,Solteiro,1,Campo Grande,MS,Vendedor,Médio,4575.6,0.0,18.84,831,8880.99,7241.28,Frequentemente,16.75,12.6,0,0,1,Saudável,51045.09,27298.010000000002,45,1343.291842105263,5980.67,47.06,-23747.079999999994,4575.6,11.155933648046156,5830.9,1616.43,7796.5599999999995,0.0,10863.169999999998,3648.5,18855.18,0.0,376.66,0.0,1595.75,461.94,1.0,0.11423037945471347,0.031666708786290715,0.15273868652205336,0.0,0.2128151796774185,0.07147602247346416,0.36938283388274956,0.0,0.007378966321736333,0.0,0.031261576774573224,0.009049646107000693,8,0,0.08888888888888889,0.1111111111111111,0.15555555555555556,0.1111111111111111,0.06666666666666667,0.3333333333333333,0.13333333333333333
846,33,Feminino,Solteiro,0,João Pessoa,PB,Empresário,Pós-graduação,22980.97,0.0,42.35,551,11132.22,36755.88,Às vezes,10.98,15.0,0,1,1,Em observação,46720.86,107753.23,50,1139.5331707317073,5500.61,31.89,61032.369999999995,22980.97,2.0330238453816354,3463.45,2736.2,4225.34,10336.689999999999,2638.45,296.97,10334.779999999999,1316.97,107.87,9645.55,1088.73,529.86,1.0,0.07413069879278762,0.05856484662311438,0.09043797567082455,0.22124357299929837,0.05647263342327174,0.006356261421557737,0.22120269190250347,0.028188051332959197,0.0023088188017087014,0.20645060899991993,0.02330286728454913,0.011340972747505076,10,2,0.1,0.26,0.18,0.04,0.04,0.22,0.16
847,38,Masculino,Solteiro,1,Pelotas,RS,Estudante,Médio,1412.0,211.85,1.64,944,2243.11,3087.18,Frequentemente,10.0,1.0,1,1,0,Saudável,42888.81,16742.5,48,1046.0685365853658,4916.73,33.84,-26146.309999999998,1412.0,30.374511331444758,3351.05,724.54,2855.36,0.0,26117.96,864.67,2104.66,1010.1600000000001,485.48,3546.1,1148.82,680.01,1.0,0.07813343387237838,0.016893450762564873,0.06657587375355017,0.0,0.6089690993991207,0.02016073656508539,0.04907247368252931,0.02355299669074521,0.011319502686131884,0.08268124016497544,0.026786007818822673,0.015855184604096035,8,0,0.041666666666666664,0.16666666666666666,0.1875,0.020833333333333332,0.10416666666666667,0.3333333333333333,0.14583333333333334
848,31,Feminino,Divorciado,0,Guarulhos,SP,Funcionário Público,Superior,9289.6,0.0,80.75,346,207.95,4798.9,Nunca,1.76,1.7,1,0,1,Em risco,19224.2,20966.789999999997,20,1201.5125,5467.03,76.93,1742.5899999999965,9289.6,2.069432483637616,1065.17,755.29,0.0,0.0,0.0,620.64,12357.25,0.0,470.45,2256.02,397.84,1301.54,1.0,0.055407767293307396,0.039288500951925175,0.0,0.0,0.0,0.03228430831972202,0.6427965793114928,0.0,0.024471759553063323,0.1173531278284662,0.020694749326369884,0.06770320741565318,6,1,0.0,0.4,0.15,0.05,0.05,0.15,0.2
849,28,Masculino,Solteiro,1,São Luís,MA,Recepcionista,Médio,3053.11,90.21,56.23,532,722.68,2798.41,Frequentemente,3.56,2.2,0,0,0,Em observação,31187.53,13619.24,36,1039.5843333333332,4887.76,12.29,-17568.29,3053.11,10.215003717520823,2001.54,4128.46,4068.09,0.0,1205.03,2582.93,13535.460000000001,0.0,0.0,1609.88,1280.1,776.04,1.0,0.06417757353660261,0.1323753436068839,0.13043963404604342,0.0,0.03863819930594055,0.08281931913171707,0.43400230797373185,0.0,0.0,0.05161934914371225,0.04104525109875646,0.024883022156611954,9,0,0.05555555555555555,0.2777777777777778,0.08333333333333333,0.05555555555555555,0.08333333333333333,0.3611111111111111,0.08333333333333333
850,18,Feminino,Casado,0,Vila Velha,ES,Engenheiro Civil,Médio,14421.16,0.0,47.95,558,2144.22,21616.88,Às vezes,7.13,0.0,0,1,1,Em observação,32230.62,51499.81,28,1465.0281818181818,5010.94,25.51,19269.19,14421.16,2.23495336020126,3178.57,2428.11,8537.01,0.0,0.0,0.0,17970.55,0.0,0.0,0.0,54.96,61.42,1.0,0.09861957356079407,0.07533550394004211,0.2648726583602798,0.0,0.0,0.0,0.5575614120981849,0.0,0.0,0.0,0.0017052107592097205,0.0019056412814894657,11,0,0.07142857142857142,0.2857142857142857,0.07142857142857142,0.03571428571428571,0.17857142857142858,0.17857142857142858,0.17857142857142858
851,31,Masculino,União Estável,4,Maringá,PR,Advogado,Pós-graduação,21618.46,1119.46,1.84,922,55426.35,34020.3,Frequentemente,17.17,6.5,0,1,1,Saudável,37177.77,89368.8,39,1161.8053125,5066.02,12.93,52191.030000000006,21618.46,1.7197233290437894,3028.92,3177.66,0.0,4699.95,6277.04,2211.54,14962.07,0.0,364.13,791.63,814.8,850.03,1.0,0.08147126629703719,0.08547204418124056,0.0,0.1264182870570236,0.1688385290457174,0.05948554741180012,0.4024466771406677,0.0,0.009794293740587453,0.0212931006889332,0.021916322576636522,0.02286393186035634,8,0,0.07692307692307693,0.1282051282051282,0.15384615384615385,0.05128205128205128,0.10256410256410256,0.3076923076923077,0.1794871794871795
852,52,Feminino,Solteiro,4,Vitória,ES,Engenheiro de Produção,Médio,11500.36,0.0,25.0,626,2135.88,8144.11,Frequentemente,5.89,28.0,1,1,1,Em observação,11786.52,48735.22,28,561.2628571428571,2332.36,33.0,36948.7,11500.36,1.024882699324195,2275.68,1586.6399999999999,2332.36,0.0,0.0,191.88,748.0,0.0,290.98,3828.7,33.0,499.28,1.0,0.19307480070453364,0.1346147972429521,0.19788368407299187,0.0,0.0,0.016279614339092453,0.06346232815114215,0.0,0.02468752439227185,0.3248371868880721,0.00279980859490333,0.04236025561404044,4,1,0.07142857142857142,0.35714285714285715,0.10714285714285714,0.03571428571428571,0.0,0.17857142857142858,0.25
853,21,Masculino,Casado,1,Salvador,BA,Contador,Fundamental,10069.02,1049.52,12.55,879,20859.92,28842.97,Frequentemente,26.95,2.5,0,1,1,Saudável,18937.24,27975.12,26,901.7733333333334,3595.75,34.52,9037.879999999997,10069.02,1.8807431110475499,3423.2200000000003,445.72,0.0,0.0,3595.75,486.09,9291.289999999999,0.0,386.27,0.0,275.48,1033.42,1.0,0.180766574220953,0.023536692780996595,0.0,0.0,0.18987719435355943,0.02566847122389535,0.49063591104089077,0.0,0.020397375752749605,0.0,0.014546998401034152,0.05457078222592099,7,0,0.11538461538461539,0.19230769230769232,0.3076923076923077,0.07692307692307693,0.038461538461538464,0.11538461538461539,0.15384615384615385
854,21,Feminino,Solteiro,0,Teresina,PI,Autônomo,Médio,3138.31,0.0,82.09,363,224.39,1365.04,Raramente,1.89,2.3,1,0,0,Em risco,32240.76,40680.55,59,685.9736170212766,3668.73,12.43,8439.790000000005,3138.31,10.273287215093474,4764.13,9721.37,3315.9900000000002,862.93,0.0,2062.0,8430.7,62.74,757.6800000000001,0.0,1647.9,615.3199999999999,1.0,0.14776729828949442,0.30152421965239035,0.10285086331711785,0.026765187917406414,0.0,0.06395630872225097,0.2614919747549376,0.0019459839036052502,0.023500686708377846,0.0,0.05111231869223927,0.019085158042180146,13,3,0.0847457627118644,0.3559322033898305,0.11864406779661017,0.01694915254237288,0.05084745762711865,0.2033898305084746,0.1694915254237288
855,58,Masculino,Casado,3,João Pessoa,PB,Aposentado,Fundamental,6126.3,0.0,0.0,876,12994.19,11343.89,Sempre,25.22,7.6,0,0,1,Saudável,14387.72,13731.52,21,846.3364705882352,4833.9,15.81,-656.1999999999989,6126.3,2.348517049442567,2591.17,0.0,409.61,0.0,0.0,43.85,9662.82,0.0,71.89,0.0,597.76,1010.62,1.0,0.180095942929109,0.0,0.028469416975031487,0.0,0.0,0.003047737932069849,0.6716018938372446,0.0,0.004996622119418505,0.0,0.04154654107808604,0.07024184512904061,7,0,0.0,0.19047619047619047,0.14285714285714285,0.0,0.047619047619047616,0.47619047619047616,0.14285714285714285
856,37,Feminino,Casado,2,Palmas,TO,Cozinheiro,Médio,2827.99,653.49,13.99,753,1774.04,4362.36,Sempre,23.0,4.7,1,0,0,Saudável,22889.12,11853.03,24,1144.456,4266.62,10.47,-11036.089999999998,2827.99,8.09377685211051,1186.14,1312.02,1662.09,0.0,8369.38,2809.2400000000002,6330.84,0.0,0.0,895.82,50.7,272.89000000000004,1.0,0.05182112724298707,0.0573206833639738,0.07261484932579322,0.0,0.36564883228363515,0.12273254716651406,0.2765873043611987,0.0,0.0,0.03913737181682826,0.0022150261783764518,0.011922258260693293,7,0,0.08333333333333333,0.125,0.25,0.0,0.08333333333333333,0.2916666666666667,0.16666666666666666
857,46,Feminino,Viúvo,0,Belém,PA,Advogado,Pós-graduação,17824.22,0.0,17.67,735,48975.77,38791.06,Às vezes,22.73,17.0,0,1,1,Saudável,41302.37,67153.0,41,1214.7755882352942,5041.39,22.51,25850.629999999997,17824.22,2.31720490433803,3766.94,5049.95,7183.039999999999,0.0,5197.37,2005.28,14606.23,0.0,163.67,1747.16,387.37,1195.36,1.0,0.09120396722996767,0.12226780206559575,0.17391350665833458,0.0,0.1258370887675453,0.04855120904684162,0.3536414496310986,0.0,0.0039627265941397545,0.04230168874086402,0.009378880679244314,0.028941680586368285,11,0,0.17073170731707318,0.2682926829268293,0.12195121951219512,0.04878048780487805,0.04878048780487805,0.1951219512195122,0.14634146341463414
858,35,Feminino,Casado,1,Duque de Caxias,RJ,Cabeleireiro,Médio,3299.87,0.0,25.0,568,1354.0,2476.4,Às vezes,9.42,8.8,1,0,0,Em observação,32063.23,10664.84,32,1187.527037037037,5715.21,43.89,-21398.39,3299.87,9.71651307475749,2517.2200000000003,3420.4700000000003,701.09,0.0,3936.24,3172.71,15306.0,0.0,0.0,1509.9299999999998,0.0,1499.57,1.0,0.07850799810249935,0.10667889666761585,0.021865856933315827,0.0,0.12276492418262289,0.09895166519405563,0.4773692482011326,0.0,0.0,0.04709226113526303,0.0,0.04676914958349486,9,1,0.09375,0.1875,0.15625,0.0625,0.0625,0.3125,0.125
859,54,Masculino,União Estável,1,Recife,PE,Veterinário,Superior,6394.47,0.0,34.58,581,653.6,6022.37,Raramente,9.34,23.8,0,0,1,Em observação,28235.34,39080.31,38,910.8174193548388,5235.32,18.43,10844.969999999998,6394.47,4.415587218330839,2531.8599999999997,3267.47,3333.95,0.0,1148.98,2533.2799999999997,11858.98,0.0,499.26,1681.74,950.5,429.32000000000005,1.0,0.08966989595308573,0.11572270778393318,0.1180772039578769,0.0,0.04069297554058141,0.08972018753802857,0.4200048591587705,0.0,0.017682096266593568,0.05956152821251665,0.03366348696350035,0.01520505862511307,8,1,0.05263157894736842,0.15789473684210525,0.21052631578947367,0.0,0.10526315789473684,0.2894736842105263,0.18421052631578946
860,49,Masculino,Divorciado,0,Belém,PA,Motorista,Médio,4598.33,0.0,15.1,722,5305.73,9809.09,Sempre,24.15,26.4,1,1,0,Saudável,23766.15,35860.490000000005,24,1320.3416666666667,5474.91,29.44,12094.340000000004,4598.33,5.168430712889245,1471.7,1802.8400000000001,0.0,266.81,8462.5,617.1,5474.91,787.35,280.49,3922.2,646.01,34.24,1.0,0.061924207328490306,0.0758574695522834,0.0,0.011226471262699258,0.35607365938530217,0.025965501353816246,0.23036587751907647,0.033129051192557483,0.01180207984886067,0.16503304069022537,0.02718193733524361,0.0014407045314449333,6,0,0.16666666666666666,0.08333333333333333,0.20833333333333334,0.041666666666666664,0.0,0.2916666666666667,0.20833333333333334
861,36,Feminino,Divorciado,1,Cuiabá,MT,Estudante,Médio,1412.0,0.0,84.43,342,227.61,405.3,Às vezes,1.1,6.1,1,0,0,Em risco,16651.25,13883.380000000001,24,925.0694444444445,4810.56,110.58,-2767.869999999999,1412.0,11.792669971671389,619.28,4501.610000000001,0.0,0.0,0.0,2842.51,5896.09,817.58,449.6,314.75,170.8,1039.03,1.0,0.03719120186172209,0.2703466706703701,0.0,0.0,0.0,0.17070850536746493,0.35409293596576835,0.04910021770137377,0.027000975902710007,0.018902484798438556,0.010257488176563322,0.062399519555588916,7,2,0.125,0.25,0.041666666666666664,0.0,0.16666666666666666,0.16666666666666666,0.25
862,42,Masculino,Solteiro,2,Juiz de Fora,MG,Eletricista,Médio,4819.13,0.0,54.43,571,1761.63,4295.08,Raramente,2.73,5.4,0,0,0,Em observação,32804.270000000004,46351.729999999996,51,820.1067500000001,5923.1,15.49,13547.459999999992,4819.13,6.807093811538598,3929.65,4039.74,1777.6799999999998,1779.43,0.0,1319.01,9876.99,0.0,699.3299999999999,6991.200000000001,1256.34,1134.9,1.0,0.11979080772106801,0.1231467732706748,0.054190506296893655,0.05424385301059892,0.0,0.04020848505392743,0.30108854731411483,0.0,0.02131826131171338,0.21311859706068753,0.03829806302655111,0.03459610593377021,11,0,0.0784313725490196,0.23529411764705882,0.19607843137254902,0.0196078431372549,0.0784313725490196,0.19607843137254902,0.19607843137254902
863,62,Feminino,Viúvo,0,Guarulhos,SP,Autônomo,Superior,6752.25,0.0,50.58,593,3366.61,6683.73,Nunca,6.9,1.2,0,0,1,Em observação,23808.31,43192.0,25,1253.068947368421,5905.04,30.16,19383.69,6752.25,3.525981709800437,899.6,0.0,278.82,0.0,1545.0,445.19,15209.98,0.0,0.0,4510.7,0.0,919.02,1.0,0.03778512628573805,0.0,0.01171103702866772,0.0,0.06489330826085514,0.018698933271618187,0.638851728661127,0.0,0.0,0.18945905862280857,0.0,0.03860080786918517,9,1,0.0,0.32,0.2,0.0,0.0,0.24,0.24
864,37,Masculino,Casado,1,Santos,SP,Analista Financeiro,Superior,8087.89,0.0,40.72,480,2757.71,7237.08,Às vezes,5.01,19.0,1,0,1,Em observação,36435.92,40670.53,35,1256.4110344827586,5715.17,19.9,4234.610000000001,8087.89,4.504996976961852,3315.32,1577.33,2494.89,0.0,8779.91,2520.54,16576.0,0.0,0.0,929.37,123.22,119.34,1.0,0.09099042922478698,0.04329052210016928,0.06847336364774102,0.0,0.24096852776051764,0.06917733928496934,0.45493567885756697,0.0,0.0,0.025506972240580177,0.0033818276030905766,0.0032753392805780672,14,1,0.11428571428571428,0.22857142857142856,0.11428571428571428,0.02857142857142857,0.05714285714285714,0.3142857142857143,0.14285714285714285
865,51,Feminino,Casado,1,Goiânia,GO,Analista de TI,Superior,7013.01,0.0,39.38,561,1834.54,9894.92,Às vezes,9.4,21.4,0,0,0,Em observação,27279.04,44957.13,47,757.7511111111112,3411.28,15.72,17678.089999999997,7013.01,3.889776287214762,4302.74,1604.95,0.0,3709.3100000000004,6512.3,73.37,5018.79,819.34,0.0,3291.2799999999997,1197.48,749.48,1.0,0.157730623951576,0.05883454842985677,0.0,0.13597655929240912,0.23872907550998862,0.0026896107780918976,0.1839797148286743,0.030035514446256174,0.0,0.1206523396717773,0.04389743920607177,0.027474573885298018,9,0,0.1276595744680851,0.2127659574468085,0.14893617021276595,0.0425531914893617,0.0425531914893617,0.19148936170212766,0.23404255319148937
866,30,Masculino,Solteiro,2,Olinda,PE,Motorista,Fundamental,3226.73,0.0,41.57,511,1412.46,4178.34,Às vezes,7.44,11.1,0,1,0,Em observação,20945.36,19406.29,32,872.7233333333334,4873.8,23.35,-1539.0699999999997,3226.73,6.4912031685328495,4820.29,5081.22,0.0,0.0,0.0,354.26,9289.400000000001,0.0,0.0,180.22,1029.8,190.17,1.0,0.23013641207408228,0.24259406379264906,0.0,0.0,0.0,0.0169135312069117,0.4435063422161281,0.0,0.0,0.008604292311041681,0.04916602054106494,0.009079337858122276,6,0,0.1875,0.21875,0.125,0.0,0.0625,0.15625,0.25
867,37,Feminino,Casado,1,Caxias do Sul,RS,Advogado,Pós-graduação,16296.86,0.0,25.88,796,10726.59,21448.73,Sempre,27.59,13.8,0,1,0,Saudável,32803.94,88495.65,36,1214.960740740741,5462.64,13.31,55691.70999999999,16296.86,2.012899417433788,2114.4700000000003,946.24,752.62,711.2,8617.79,2142.29,16875.49,194.36,0.0,0.0,303.8,145.68,1.0,0.06445780598306179,0.028845315532219605,0.022942975752302922,0.021680322546620924,0.2627059432494999,0.06530587484308287,0.5144348514233351,0.005924898045783525,0.0,0.0,0.009261082662631379,0.004440929961461946,12,0,0.08333333333333333,0.1111111111111111,0.1388888888888889,0.05555555555555555,0.05555555555555555,0.3611111111111111,0.19444444444444445
868,49,Masculino,Solteiro,1,Fortaleza,CE,Motorista,Fundamental,3322.83,457.24,15.12,857,7289.67,7078.78,Às vezes,21.32,12.0,1,0,0,Saudável,53733.4,32156.65,55,1221.2136363636364,5073.73,28.72,-21576.75,3322.83,16.170974741410184,4875.26,4505.17,7983.8099999999995,4763.47,6948.04,2175.96,14120.449999999999,891.59,0.0,5965.22,916.61,587.8199999999999,1.0,0.09073053259239133,0.08384301012033483,0.14858188761552404,0.08865007611653088,0.12930579490596164,0.04049548325622425,0.2627872049786538,0.016592845418305933,0.0,0.11101512281002134,0.01705847759494095,0.010939564591110928,15,0,0.07272727272727272,0.14545454545454545,0.2545454545454545,0.01818181818181818,0.05454545454545454,0.2909090909090909,0.16363636363636364
869,50,Masculino,Solteiro,2,Porto Alegre,RS,Cabeleireiro,Pós-graduação,3161.62,0.0,70.29,485,-88.94,1925.72,Às vezes,3.0,6.5,1,0,0,Em risco,26273.7,9776.11,31,973.1,5045.54,18.55,-16497.59,3161.62,8.310201732023456,2704.48,9120.73,0.0,0.0,0.0,321.76,9139.330000000002,336.94,0.0,2728.3599999999997,205.64000000000001,1716.46,1.0,0.10293487403753564,0.3471429604509452,0.0,0.0,0.0,0.01224646699931871,0.34785089271781294,0.012824231075181646,0.0,0.10384376772209471,0.007826838245089196,0.06532996875202199,6,2,0.03225806451612903,0.3225806451612903,0.12903225806451613,0.03225806451612903,0.06451612903225806,0.2903225806451613,0.12903225806451613
870,66,Feminino,Solteiro,0,Goiânia,GO,Farmacêutico,Superior,5418.91,0.0,85.27,444,601.0,1737.31,Nunca,1.74,7.8,0,1,1,Em risco,39319.18,62317.0,49,1034.7152631578947,5182.27,25.06,22997.82,5418.91,7.25592047109105,4867.95,7513.0199999999995,2894.27,4406.68,2971.97,2839.46,9957.76,106.46,0.0,2181.5,636.21,943.9000000000001,1.0,0.12380598985024611,0.1910777386507043,0.07360962258114233,0.11207456513589552,0.07558575738354666,0.07221564640971657,0.2532545185326856,0.00270758444097766,0.0,0.055481828461326,0.016180652800999413,0.024006095752759853,14,0,0.14285714285714285,0.16326530612244897,0.08163265306122448,0.061224489795918366,0.04081632653061224,0.2857142857142857,0.22448979591836735
871,51,Masculino,Viúvo,3,Rio de Janeiro,RJ,Enfermeiro,Pós-graduação,5837.77,516.87,35.04,629,1269.96,4634.77,Raramente,4.16,10.9,0,1,0,Em observação,25839.23,17380.440000000002,26,1174.5104545454544,5077.76,9.84,-8458.789999999997,5837.77,4.426215832415459,3265.9,3751.69,1858.81,0.0,0.0,442.54,12702.67,0.0,0.0,3298.81,111.63,407.17999999999995,1.0,0.12639308524286522,0.14519356807459047,0.0719375151658931,0.0,0.0,0.017126671344308637,0.49160404547658737,0.0,0.0,0.12766673000704742,0.00432017517549865,0.015758209513209175,7,0,0.15384615384615385,0.15384615384615385,0.07692307692307693,0.038461538461538464,0.038461538461538464,0.4230769230769231,0.11538461538461539
872,40,Masculino,Solteiro,0,João Pessoa,PB,Motoboy,Fundamental,3416.42,645.7,19.19,929,7696.77,10538.02,Frequentemente,23.62,12.7,1,1,1,Saudável,23291.98,18430.43,24,1164.599,5996.6,52.45,-4861.549999999999,3416.42,6.817657079633066,893.19,2060.85,3509.84,0.0,5667.74,1948.9099999999999,7581.5,0.0,467.22,0.0,1075.93,86.8,1.0,0.03834753421563989,0.08847895284127841,0.15068877785400814,0.0,0.24333440093972258,0.08367300676026683,0.32549830456663625,0.0,0.020059265034574135,0.0,0.046193153179764024,0.003726604608109744,4,0,0.08333333333333333,0.125,0.3333333333333333,0.0,0.08333333333333333,0.20833333333333334,0.16666666666666666
873,32,Feminino,Solteiro,2,Maringá,PR,Farmacêutico,Superior,6608.31,740.7,28.26,543,1718.78,4245.7,Frequentemente,6.98,3.0,0,1,0,Em observação,41685.06,33169.18,47,1042.1264999999999,4303.36,16.48,-8515.879999999997,6608.31,6.307975866749592,2408.3,4165.58,1125.54,11779.65,3007.4300000000003,0.0,11587.9,368.04,411.34000000000003,5439.72,406.21000000000004,985.35,1.0,0.05777369637947025,0.09992980698600411,0.027001040660610782,0.28258685485879115,0.07214647166154974,0.0,0.27798688546927847,0.008829062498650597,0.009867803956621391,0.13049567398967402,0.009744738282732472,0.02363796525661712,8,0,0.14893617021276595,0.2765957446808511,0.1276595744680851,0.10638297872340426,0.02127659574468085,0.19148936170212766,0.1276595744680851
874,53,Feminino,Solteiro,2,Santos,SP,Cabeleireiro,Médio,4208.92,456.78,43.64,710,2123.96,3354.52,Raramente,11.14,10.8,0,0,0,Em observação,45549.66,29170.89,56,948.9512500000001,5317.8,29.45,-16378.770000000004,4208.92,10.82217290896477,3680.44,2968.63,0.0,2882.2799999999997,0.0,4413.66,23729.47,0.0,686.77,5007.49,1446.1499999999999,734.77,1.0,0.08080060312195524,0.06517348318296996,0.0,0.0632777500424811,0.0,0.09689775950029045,0.5209582244960774,0.0,0.015077390259334536,0.10993473935919608,0.031748864865292076,0.016131185172403043,15,3,0.10714285714285714,0.2857142857142857,0.10714285714285714,0.05357142857142857,0.08928571428571429,0.23214285714285715,0.125
875,52,Masculino,Divorciado,1,Goiânia,GO,Farmacêutico,Superior,7083.08,1647.66,10.28,814,11491.51,22348.75,Sempre,14.36,0.9,0,0,1,Saudável,54727.23,78379.05,59,1243.8006818181818,5174.89,47.09,23651.82,7083.08,7.726473511523237,3474.59,1685.51,1592.21,1281.45,23434.69,3157.19,14596.970000000001,398.53,338.57,2699.72,1496.55,571.25,1.0,0.0634892356145195,0.03079837952697405,0.02909356092022198,0.023415217616532025,0.4282089555784204,0.05768956331244976,0.26672225142767136,0.00728211531992392,0.00618649984660287,0.04933047040751011,0.027345619356214445,0.010438131072959475,11,0,0.05084745762711865,0.1694915254237288,0.0847457627118644,0.03389830508474576,0.11864406779661017,0.288135593220339,0.2542372881355932
876,44,Feminino,Casado,3,Belo Horizonte,MG,Recepcionista,Médio,2778.17,346.45,16.69,786,2542.72,3478.43,Frequentemente,23.04,6.5,0,0,1,Saudável,44532.74,21915.3,49,1060.3033333333333,5516.19,32.3,-22617.44,2778.17,16.029523031347974,2742.06,4897.09,3026.2799999999997,6680.51,11022.619999999999,1528.9699999999998,9404.48,0.0,584.88,2732.47,1182.74,730.64,1.0,0.06157402396528936,0.10996606092506322,0.06795629462727872,0.15001345077801187,0.24751721991505574,0.03433361612153216,0.21118125675626517,0.0,0.013133707919162397,0.061358676784765545,0.026558886787563487,0.016406805420012334,9,2,0.08163265306122448,0.1836734693877551,0.22448979591836735,0.02040816326530612,0.061224489795918366,0.30612244897959184,0.12244897959183673
877,40,Feminino,Solteiro,0,Cuiabá,MT,Aposentado,Médio,3106.95,0.0,39.59,480,1498.13,4347.72,Às vezes,5.41,14.2,1,1,0,Em observação,12682.29,22058.28,27,551.4039130434783,2001.31,29.56,9375.989999999998,3106.95,4.0819099116496895,1590.02,1890.63,187.43,0.0,643.34,2312.61,2638.29,747.07,0.0,1793.55,101.85,777.5,1.0,0.1253732567225635,0.1490763892010039,0.014778876685519728,0.0,0.050727431717773365,0.18234955989809412,0.20802946471023764,0.05890655394254508,0.0,0.1414216202278926,0.00803088401227223,0.06130596288209779,6,1,0.07407407407407407,0.2222222222222222,0.2222222222222222,0.0,0.07407407407407407,0.25925925925925924,0.14814814814814814
878,25,Masculino,União Estável,2,Campo Grande,MS,Técnico em Informática,Médio,3810.22,366.79,45.51,574,2099.49,1944.82,Nunca,7.75,6.1,0,0,0,Em observação,28491.32,31450.13,35,1095.82,3844.19,13.74,2958.8100000000013,3810.22,7.477604967692154,3125.59,3080.59,3519.9700000000003,2943.45,4201.79,82.17,8566.220000000001,475.51,0.0,1304.01,421.26,770.76,1.0,0.10970323593290869,0.10812380753155698,0.12354534644235508,0.10331041173241534,0.1474761436114578,0.0028840362608682224,0.3006606924494899,0.016689644425038924,0.0,0.04576867621436985,0.01478555574118714,0.027052449658352087,7,2,0.08571428571428572,0.22857142857142856,0.14285714285714285,0.02857142857142857,0.05714285714285714,0.2571428571428571,0.2
879,34,Masculino,Solteiro,2,Salvador,BA,Analista Financeiro,Fundamental,11365.9,851.97,8.99,845,28132.54,29722.7,Frequentemente,10.0,5.1,0,1,1,Saudável,34112.8,48711.630000000005,46,874.6871794871796,5530.22,22.6,14598.830000000002,11365.9,3.0013285353557575,3641.89,3623.46,2915.12,0.0,4838.28,939.1,12698.58,0.0,1112.58,1848.75,913.9300000000001,1581.11,1.0,0.10676021903801504,0.10621995262775262,0.08545531296170351,0.0,0.14183180507023754,0.027529255880490607,0.37225264416875775,0.0,0.032614736990220675,0.0541951994559227,0.026791409676133297,0.046349464130766155,11,1,0.021739130434782608,0.17391304347826086,0.1956521739130435,0.043478260869565216,0.08695652173913043,0.34782608695652173,0.13043478260869565
880,18,Feminino,Casado,0,Anápolis,GO,Desenvolvedor de Software,Superior,10169.01,0.0,0.86,767,22616.66,20373.51,Às vezes,27.74,0.0,0,0,1,Saudável,25129.72,59611.77,34,1005.1888,5298.81,79.66,34482.049999999996,10169.01,2.4712061449442966,3198.59,3241.77,2433.2599999999998,0.0,1278.98,1794.6599999999999,9910.28,0.0,220.02,1970.3,628.48,453.38,1.0,0.12728315317480657,0.12900143734192024,0.09682797898265479,0.0,0.05089511542508233,0.0714158375023677,0.3943649193067014,0.0,0.008755370135441223,0.07840517124743132,0.025009431064094624,0.01804158581949978,8,0,0.0,0.17647058823529413,0.058823529411764705,0.029411764705882353,0.14705882352941177,0.35294117647058826,0.23529411764705882
881,59,Feminino,Solteiro,2,Porto Alegre,RS,Veterinário,Superior,10074.62,3292.47,10.84,840,14093.21,17269.55,Sempre,10.0,15.0,0,1,0,Saudável,53216.270000000004,56604.35,47,1364.5197435897437,5511.05,18.45,3388.0799999999945,10074.62,5.282211140469815,2019.31,1724.44,88.19,2990.37,9472.550000000001,3631.2,26776.03,1390.1100000000001,0.0,2803.27,1284.62,1036.1799999999998,1.0,0.03794535017204324,0.0324043755791227,0.0016571999503159464,0.05619277713376002,0.1780010135997882,0.06823477105779867,0.5031549561816339,0.026121898434444953,0.0,0.052676935080192576,0.02413960993508188,0.01947111287581786,12,0,0.0851063829787234,0.10638297872340426,0.1276595744680851,0.06382978723404255,0.0425531914893617,0.425531914893617,0.14893617021276595
882,40,Feminino,Divorciado,1,Porto Alegre,RS,Motorista,Médio,2425.01,0.0,45.44,667,660.08,2237.26,Frequentemente,5.49,15.3,0,0,1,Em observação,19439.6,18877.829999999998,24,1079.9777777777776,3684.83,30.99,-561.7700000000004,2425.01,8.01629684001303,2223.42,2855.7,1528.26,0.0,3684.83,757.79,7362.0599999999995,0.0,192.36,442.59000000000003,78.67,313.92,1.0,0.11437581020185601,0.14690117080598367,0.07861581514022922,0.0,0.18955276857548511,0.03898176917220519,0.37871458260458035,0.0,0.00989526533467767,0.022767443774563266,0.004046893969011709,0.01614848042140785,10,0,0.08333333333333333,0.125,0.20833333333333334,0.0,0.16666666666666666,0.20833333333333334,0.20833333333333334
883,43,Feminino,Solteiro,0,São Paulo,SP,Estudante,Médio,1754.7,0.0,0.0,914,2019.84,3408.05,Às vezes,32.0,23.3,0,0,0,Saudável,33526.13,39359.55,56,798.2411904761905,3642.32,25.86,5833.4200000000055,1754.7,19.106474041146633,2235.77,4651.98,2529.05,5257.66,6376.8099999999995,709.59,7598.94,145.66,306.19,1680.1,1203.76,830.62,1.0,0.06668738682335242,0.13875684428832077,0.07543519040223254,0.15682275287961958,0.19020417805455028,0.02116528212471884,0.2266572372057258,0.004344670858223124,0.009132876356441976,0.05011315054854229,0.03590512832826217,0.024775302130010234,15,1,0.07142857142857142,0.16071428571428573,0.16071428571428573,0.017857142857142856,0.10714285714285714,0.26785714285714285,0.21428571428571427
884,40,Feminino,União Estável,0,São Paulo,SP,Vendedor,Médio,4819.27,0.0,16.71,773,9740.01,9990.22,Frequentemente,11.36,7.9,0,0,0,Saudável,46683.1,41268.61,43,1414.6393939393938,4915.78,48.54,-5414.489999999998,4819.27,9.686757537967367,2576.84,5802.09,1342.83,4750.62,5889.0,2089.63,21682.57,527.3399999999999,222.17,807.41,0.0,992.6,1.0,0.05519856222058947,0.12428673331462564,0.028764799252834535,0.10176316482838543,0.12614843487257701,0.04476202308758416,0.46446294269232336,0.011296164993327348,0.0047591098277535125,0.01729555235192179,0.0,0.021262512558077765,12,1,0.046511627906976744,0.18604651162790697,0.06976744186046512,0.046511627906976744,0.18604651162790697,0.2558139534883721,0.20930232558139536
885,21,Masculino,Solteiro,0,Olinda,PE,Corretor de Imóveis,Superior,4379.09,0.0,72.68,399,83.65,2400.22,Nunca,0.0,0.1,1,0,0,Em risco,26514.1,49438.89,45,803.4575757575757,5103.45,18.21,22924.79,4379.09,6.054705429666893,1676.0900000000001,805.98,1731.56,0.0,0.0,1452.06,17328.8,0.0,40.07,298.36,1167.33,2013.85,1.0,0.0632150440708906,0.030398165504392005,0.06530713846594831,0.0,0.0,0.05476557756061869,0.6535692329741534,0.0,0.0015112713612756986,0.011252880542805528,0.04402676311849167,0.07595392640142415,19,2,0.1111111111111111,0.26666666666666666,0.08888888888888889,0.022222222222222223,0.1111111111111111,0.15555555555555556,0.24444444444444444
886,32,Feminino,Casado,2,Anápolis,GO,Veterinário,Superior,8309.35,2109.77,9.99,858,6171.54,13166.86,Às vezes,20.93,11.9,0,0,1,Saudável,25567.010000000002,24882.54,29,1022.6804000000001,5959.05,33.95,-684.4700000000012,8309.35,3.0768965081504573,820.48,1336.44,643.44,3313.92,0.0,3060.5,11349.14,0.0,0.0,3855.19,472.90999999999997,714.99,1.0,0.032091355226911554,0.052272049019419946,0.025166806756050084,0.1296170338260125,0.0,0.11970504177062549,0.4438978198858607,0.0,0.0,0.15078767521114123,0.018496883288268748,0.027965335015709695,14,1,0.13793103448275862,0.2413793103448276,0.034482758620689655,0.0,0.1724137931034483,0.27586206896551724,0.13793103448275862
887,26,Masculino,Solteiro,0,Florianópolis,SC,Enfermeiro,Superior,5430.75,0.0,30.52,563,924.4,7509.66,Às vezes,1.0,4.5,0,0,0,Em observação,17975.559999999998,15588.91,26,855.9790476190475,5358.37,19.51,-2386.649999999998,5430.75,3.3099590295999626,2005.76,968.2600000000001,0.0,7322.91,0.0,1163.18,5358.37,0.0,0.0,249.37,394.20000000000005,513.51,1.0,0.11158261550683263,0.05386535941022145,0.0,0.40738146683608195,0.0,0.06470897151465659,0.29809196486785394,0.0,0.0,0.013872724966565718,0.02192977576220157,0.02856712113558632,4,0,0.19230769230769232,0.2692307692307692,0.11538461538461539,0.038461538461538464,0.038461538461538464,0.19230769230769232,0.15384615384615385
888,46,Feminino,Solteiro,0,Manaus,AM,Cozinheiro,Médio,3589.96,0.0,12.86,912,3337.21,7496.98,Às vezes,24.48,4.6,0,0,1,Saudável,30276.68,20740.57,25,1593.5094736842104,5672.67,113.1,-9536.11,3589.96,8.433709567794628,2003.29,2533.36,0.0,222.49,8832.94,0.0,15635.64,0.0,0.0,263.3,318.68,466.98,1.0,0.06616610539861041,0.08367363924974601,0.0,0.0073485600138456396,0.2917407060483514,0.0,0.5164251826818528,0.0,0.0,0.008696462095579833,0.010525592634331109,0.015423751877682758,7,0,0.04,0.16,0.12,0.0,0.12,0.4,0.16
889,47,Feminino,Solteiro,1,Goiânia,GO,Técnico em Informática,Médio,4186.0,0.0,8.78,833,4874.06,9742.64,Às vezes,21.37,27.8,0,0,1,Saudável,28302.88,18808.5,26,1286.4945454545455,5383.4,80.22,-9494.380000000001,4186.0,6.761318681318682,3990.7799999999997,993.43,2158.46,0.0,7047.21,2244.04,9838.0,0.0,92.2,1019.43,203.99,715.3399999999999,1.0,0.14100261174834502,0.03509996155868236,0.07626291034693289,0.0,0.2489926820168124,0.07928663090116624,0.34759713499120937,0.0,0.0032576190126234503,0.03601859598740481,0.007207393735195853,0.025274459701627533,7,0,0.07692307692307693,0.19230769230769232,0.23076923076923078,0.07692307692307693,0.038461538461538464,0.23076923076923078,0.15384615384615385
890,36,Masculino,Casado,1,Olinda,PE,Recepcionista,Médio,3493.31,350.6,11.59,700,3483.05,9432.52,Frequentemente,20.18,6.6,0,0,0,Saudável,46188.18,56166.26,54,1126.540975609756,5982.05,15.3,9978.080000000002,3493.31,13.22189556609634,2702.32,6389.98,2913.9,0.0,970.81,3364.4300000000003,22344.4,0.0,327.22,5549.62,614.58,1010.92,1.0,0.058506743500176886,0.13834665059329032,0.06308756915730389,0.0,0.021018580944302197,0.0728417963210501,0.4837687910629949,0.0,0.007084496509713092,0.12015238530723661,0.013306001665361139,0.02188698493857086,16,1,0.09259259259259259,0.14814814814814814,0.16666666666666666,0.018518518518518517,0.09259259259259259,0.24074074074074073,0.24074074074074073
891,38,Masculino,Casado,0,Feira de Santana,BA,Pedreiro,Fundamental,2711.87,0.0,34.98,632,332.44,1569.34,Raramente,6.97,5.6,1,1,1,Em observação,21451.66,22055.39,32,825.0638461538462,3928.66,18.04,603.7299999999996,2711.87,7.910283310040673,1929.9499999999998,6513.86,0.0,0.0,3680.16,1198.32,5935.4,0.0,0.0,775.9,653.49,764.58,1.0,0.08996739646255814,0.30365295739350706,0.0,0.0,0.17155595417790512,0.05586141119148821,0.27668721208521857,0.0,0.0,0.03616969502593272,0.030463376727022526,0.03564199693636763,9,2,0.0625,0.1875,0.15625,0.125,0.125,0.15625,0.1875
892,33,Feminino,União Estável,2,Olinda,PE,Engenheiro de Produção,Superior,10040.77,0.0,69.85,315,943.21,7284.86,Raramente,0.33,6.2,0,0,1,Em risco,31838.75,29259.120000000003,34,1097.8879310344828,4608.71,43.0,-2579.6299999999974,10040.77,3.1709470488817093,1734.4499999999998,3535.91,643.16,1280.18,0.0,3480.17,16483.69,903.72,0.0,2305.56,1036.34,435.57,1.0,0.054476070825644846,0.11105680970515487,0.020200541792626907,0.04020823681834243,0.0,0.1093061128342036,0.5177241568842997,0.02838428016175258,0.0,0.07241364689254447,0.032549644693965686,0.013680499391464804,8,2,0.058823529411764705,0.35294117647058826,0.14705882352941177,0.058823529411764705,0.08823529411764706,0.14705882352941177,0.14705882352941177
893,33,Feminino,Solteiro,0,Santos,SP,Gerente Comercial,Pós-graduação,10774.36,0.0,85.27,396,-454.14,4413.68,Nunca,0.51,7.3,1,1,0,Em risco,23767.7,58405.509999999995,33,950.7080000000001,2893.16,81.55,34637.81,10774.36,2.205950051789619,2172.74,5146.78,4206.58,0.0,0.0,2376.4300000000003,3484.2799999999997,315.65,0.0,4880.68,1028.65,155.91,1.0,0.09141566074967286,0.21654514319854254,0.1769872558135621,0.0,0.0,0.09998569487161148,0.14659727276934661,0.013280628752466581,0.0,0.2053492765391687,0.04327932446134881,0.006559742844280262,8,2,0.09090909090909091,0.3333333333333333,0.12121212121212122,0.030303030303030304,0.030303030303030304,0.15151515151515152,0.24242424242424243
894,32,Masculino,Solteiro,2,Uberlândia,MG,Analista Financeiro,Superior,8856.61,0.0,34.25,569,2442.23,5901.17,Frequentemente,3.67,7.3,0,0,1,Em observação,44256.8,63325.94,59,885.1360000000001,4414.04,45.55,19069.14,8856.61,4.997036112011255,5454.76,3712.3,2118.32,4264.54,5842.12,5298.610000000001,10444.5,835.32,0.0,3815.48,1069.99,1400.8600000000001,1.0,0.12325247193651596,0.08388089513927803,0.04786428300283798,0.09635897760344173,0.1320050252164639,0.11972420057482693,0.23599763200231375,0.018874387664720448,0.0,0.0862122882811229,0.0241768496592614,0.03165298891921693,15,2,0.0847457627118644,0.2542372881355932,0.0847457627118644,0.01694915254237288,0.0847457627118644,0.3389830508474576,0.13559322033898305
895,55,Masculino,Solteiro,2,Recife,PE,Motorista,Pós-graduação,2921.46,0.0,42.43,540,904.62,3770.92,Frequentemente,12.0,32.7,1,0,0,Em observação,13181.97,13806.16,21,775.41,4674.84,36.53,624.1900000000005,2921.46,4.512117229056704,1638.8899999999999,1576.48,0.0,0.0,0.0,1312.26,5880.450000000001,0.0,380.25,1770.36,65.34,557.94,1.0,0.12432815428953335,0.11959365709374245,0.0,0.0,0.0,0.09954961208377808,0.44609796563032694,0.0,0.028846219495265123,0.13430162562955308,0.004956770497884611,0.042325995279916435,6,1,0.19047619047619047,0.2857142857142857,0.14285714285714285,0.047619047619047616,0.0,0.19047619047619047,0.14285714285714285
896,36,Masculino,Solteiro,0,Guarulhos,SP,Cozinheiro,Médio,3691.34,1148.17,20.09,856,6482.27,6876.18,Sempre,24.77,14.1,0,0,0,Saudável,31911.48,24564.72,31,1329.645,4258.72,8.35,-7346.759999999998,3691.34,8.644958199461442,3080.74,0.0,4379.21,3838.23,15218.69,31.25,4224.0,0.0,0.0,244.51,438.85,456.0,1.0,0.09654017927090815,0.0,0.1372299247794211,0.12027740487122503,0.47690329624323285,0.0009792714095366306,0.1323661578842473,0.0,0.0,0.0076621328750656505,0.013752104258404813,0.014289528407958515,7,0,0.06451612903225806,0.12903225806451613,0.1935483870967742,0.03225806451612903,0.03225806451612903,0.3225806451612903,0.22580645161290322
897,43,Masculino,União Estável,0,Caxias do Sul,RS,Recepcionista,Médio,3106.43,0.0,11.32,917,8048.6,3755.06,Raramente,25.18,0.8,0,0,1,Saudável,39912.4,24429.13,39,1287.4967741935484,4704.32,34.18,-15483.27,3106.43,12.848317843955925,3698.55,0.0,888.85,5669.33,4229.9,1522.6799999999998,19312.31,525.04,96.61,1726.3000000000002,559.6,1683.23,1.0,0.09266669005121216,0.0,0.02227002134674938,0.14204432707629708,0.10597959531373707,0.03815054970385143,0.4838674196490314,0.013154809031779596,0.002420551006704683,0.0432522223669837,0.014020705344704903,0.042173109108948593,11,0,0.1282051282051282,0.1282051282051282,0.1282051282051282,0.02564102564102564,0.15384615384615385,0.2564102564102564,0.1794871794871795
898,29,Masculino,Solteiro,0,Brasília,DF,Funcionário Público,Superior,5344.8,0.0,74.47,412,1052.01,3764.95,Frequentemente,0.0,3.8,0,1,0,Em risco,22273.81,63589.07,41,742.4603333333333,4537.85,23.1,41315.259999999995,5344.8,4.167379509055531,2076.16,5082.67,0.0,1898.61,0.0,2516.95,6539.1900000000005,869.29,0.0,1767.57,809.26,714.11,1.0,0.09321081575177304,0.22819041735562975,0.0,0.08523957059883333,0.0,0.11300042516300533,0.2935820140335219,0.03902744972683164,0.0,0.07935642802017256,0.03633235625157977,0.03206052309865263,10,6,0.0975609756097561,0.3902439024390244,0.04878048780487805,0.024390243902439025,0.07317073170731707,0.12195121951219512,0.24390243902439024
899,38,Masculino,Divorciado,0,Teresina,PI,Engenheiro Civil,Superior,18111.25,0.0,21.71,700,45349.03,36867.94,Sempre,18.79,8.0,0,1,1,Saudável,42420.97,94108.66,38,1414.0323333333333,5905.36,10.59,51687.69,18111.25,2.3422441852439784,2173.31,1117.32,0.0,11960.0,3349.45,2309.2799999999997,19689.28,386.31,0.0,549.55,265.79,620.6800000000001,1.0,0.051231973243421824,0.026338860238226517,0.0,0.281936033051578,0.07895741186493377,0.05443722762586522,0.46414025893325866,0.009106581014059792,0.0,0.012954677839757081,0.006265533296386198,0.01463144289251283,10,0,0.15789473684210525,0.18421052631578946,0.13157894736842105,0.02631578947368421,0.13157894736842105,0.15789473684210525,0.21052631578947367
900,27,Masculino,Solteiro,3,Salvador,BA,Analista Financeiro,Médio,10409.38,0.0,10.27,888,9719.81,24294.46,Sempre,21.29,5.3,0,0,0,Saudável,39584.73,77949.51,46,1130.9922857142858,4881.35,42.31,38364.77999999999,10409.38,3.802794210606204,3429.56,3992.93,1846.29,0.0,8752.900000000001,4156.5,11797.79,0.0,0.0,3787.31,588.65,1232.8,1.0,0.086638458819853,0.10087046191801737,0.04664147008202405,0.0,0.22111809275950603,0.10500261085524645,0.29803891551110745,0.0,0.0,0.09567603467296605,0.014870633196184486,0.031143322185095107,12,0,0.06521739130434782,0.21739130434782608,0.13043478260869565,0.06521739130434782,0.043478260869565216,0.2608695652173913,0.21739130434782608
901,43,Feminino,União Estável,1,Juazeiro do Norte,CE,Pedreiro,Fundamental,2751.33,436.87,16.31,817,5818.31,3708.73,Frequentemente,19.6,1.6,1,1,0,Saudável,33316.36,17629.73,45,854.265641025641,3200.06,15.51,-15686.630000000001,2751.33,12.109183558497163,1657.61,5958.66,4922.32,0.0,10561.5,3281.81,2533.88,243.14,0.0,2713.87,1250.71,192.86,1.0,0.049753634550713216,0.17885087086344365,0.14774483166828548,0.0,0.3170064196688954,0.09850445847025305,0.0760551272708063,0.007297916098877548,0.0,0.08145757819881884,0.03754041557961314,0.005788747630293346,10,0,0.0,0.2222222222222222,0.15555555555555556,0.022222222222222223,0.1111111111111111,0.37777777777777777,0.1111111111111111
902,36,Feminino,Solteiro,2,Olinda,PE,Empresário,Superior,18442.57,4002.2,12.92,756,51262.88,50045.01,Sempre,15.17,16.5,0,1,0,Saudável,19253.329999999998,40084.3,24,962.6664999999999,5087.98,33.71,20830.970000000005,18442.57,1.0439613351067665,2347.81,1359.08,1003.83,3060.78,0.0,3038.38,5527.74,0.0,104.37,2568.5699999999997,74.93,167.84,1.0,0.12194306127823085,0.0705893474012028,0.052137993791203915,0.15897405799412365,0.0,0.1578106228896508,0.287105659124941,0.0,0.005420880439903124,0.13340912974534794,0.0038917943025959674,0.008717453032800042,8,0,0.08333333333333333,0.20833333333333334,0.08333333333333333,0.041666666666666664,0.041666666666666664,0.375,0.16666666666666666
903,46,Masculino,Casado,3,Campo Grande,MS,Enfermeiro,Superior,7148.9,1416.42,0.96,775,17700.83,17807.46,Às vezes,10.0,0.5,0,0,1,Saudável,18610.95,17094.0,23,979.5236842105263,4041.66,34.43,-1516.9500000000007,7148.9,2.6033305823273514,2459.9900000000002,1915.09,0.0,2052.54,3639.69,0.0,5057.48,0.0,0.0,3236.66,130.86,118.63999999999999,1.0,0.13217971140645696,0.10290124899588682,0.0,0.1102866860638495,0.19556712580496965,0.0,0.2717475464712978,0.0,0.0,0.17391159505559897,0.007031344450444497,0.006374741751495759,6,0,0.08695652173913043,0.21739130434782608,0.17391304347826086,0.0,0.08695652173913043,0.2608695652173913,0.17391304347826086
904,55,Feminino,Solteiro,1,Santos,SP,Veterinário,Superior,6046.71,0.0,38.8,578,1592.66,4580.19,Frequentemente,7.52,8.3,0,1,0,Em observação,24889.38,16376.68,24,1244.469,4720.13,77.33,-8512.7,6046.71,4.116185495914308,2838.58,2598.06,1400.18,1481.09,2835.76,0.0,11961.42,632.6,0.0,0.0,169.53,972.16,1.0,0.114047838877465,0.10438427956019795,0.05625612208901949,0.059506906158369545,0.11393453754171458,0.0,0.48058328491911007,0.025416462764440095,0.0,0.0,0.006811338811975228,0.039059229277707996,8,1,0.16666666666666666,0.20833333333333334,0.0,0.041666666666666664,0.08333333333333333,0.3333333333333333,0.16666666666666666
905,49,Feminino,União Estável,1,Palmas,TO,Professor,Superior,5502.89,775.54,40.65,583,1856.43,6630.88,Frequentemente,1.66,14.5,1,1,0,Em observação,12201.04,14023.1,22,717.7082352941177,4348.2,28.04,1822.0599999999995,5502.89,2.217205868189261,2379.05,1580.51,0.0,0.0,4348.2,1162.21,584.6,1170.05,0.0,976.42,0.0,0.0,1.0,0.19498747647741504,0.12953895733478457,0.0,0.0,0.35637945617750616,0.09525499465619323,0.047913948319159676,0.0958975628307095,0.0,0.08002760420423176,0.0,0.0,6,1,0.09090909090909091,0.3181818181818182,0.045454545454545456,0.0,0.0,0.4090909090909091,0.13636363636363635
906,37,Feminino,Divorciado,2,Belo Horizonte,MG,Veterinário,Superior,4583.22,0.0,81.45,508,111.73,2562.73,Nunca,2.2,0.6,1,0,0,Em risco,21255.09,14138.77,22,1250.2994117647058,4967.91,16.93,-7116.32,4583.22,4.6375888567426395,1966.6,6148.71,0.0,0.0,0.0,2016.55,9278.619999999999,807.71,451.77,0.0,348.32,236.81,1.0,0.09252372020066722,0.28928176733196614,0.0,0.0,0.0,0.0948737455357752,0.4365363778746643,0.038000780048449576,0.021254673586420945,0.0,0.016387604098594737,0.011141331323461815,5,1,0.09090909090909091,0.22727272727272727,0.18181818181818182,0.0,0.045454545454545456,0.2727272727272727,0.18181818181818182
907,57,Feminino,Casado,2,Belém,PA,Desenvolvedor de Software,Médio,7238.34,0.0,93.06,398,813.55,1340.93,Raramente,1.01,26.4,0,0,0,Em risco,40725.78,55141.63,45,1234.1145454545454,5679.36,46.22,14415.849999999999,7238.34,5.626397765233465,3447.91,3020.26,3136.9700000000003,9552.41,0.0,1748.7800000000002,14144.28,0.0,105.82,3672.54,685.81,1211.0,1.0,0.0846616074633807,0.07416088777182414,0.07702664012819399,0.234554378086804,0.0,0.04294036848404132,0.34730531864583075,0.0,0.0025983541628914167,0.09017727837256892,0.01683970202657874,0.029735464857886088,12,1,0.2222222222222222,0.2222222222222222,0.1111111111111111,0.044444444444444446,0.044444444444444446,0.15555555555555556,0.2
908,63,Feminino,Viúvo,3,Maringá,PR,Contador,Superior,8639.05,0.0,0.44,766,18179.0,15761.63,Sempre,17.4,22.6,0,1,1,Saudável,28467.0,52779.520000000004,44,837.2647058823529,5247.75,17.75,24312.520000000004,8639.05,3.2951539810511576,3035.01,5510.44,181.72,0.0,5712.879999999999,2475.4700000000003,9099.29,44.72,0.0,0.0,575.26,1832.21,1.0,0.10661502792707346,0.1935729089823304,0.006383531808761021,0.0,0.20068430112059574,0.08695928619102822,0.3196434467980469,0.0015709417922506763,0.0,0.0,0.020207960094144096,0.06436259528576949,10,0,0.06818181818181818,0.13636363636363635,0.18181818181818182,0.022727272727272728,0.045454545454545456,0.3409090909090909,0.20454545454545456
909,40,Outro,Casado,2,Florianópolis,SC,Advogado,Pós-graduação,13175.56,0.0,16.34,946,30471.53,36103.98,Frequentemente,23.88,22.0,0,1,0,Saudável,47574.979999999996,97377.77,51,1251.9731578947367,4760.5,52.73,49802.79000000001,13175.56,3.61085069628919,3927.15,6094.3099999999995,3515.24,0.0,19418.33,1946.82,8572.17,0.0,420.65,1765.19,0.0,1915.12,1.0,0.0825465402192497,0.12809905542787406,0.07388841781961863,0.0,0.4081626518813041,0.04092108919436225,0.18018231431731555,0.0,0.008841832408547518,0.03710332616009508,0.0,0.04025477257163324,10,2,0.0392156862745098,0.13725490196078433,0.11764705882352941,0.0784313725490196,0.0784313725490196,0.35294117647058826,0.19607843137254902
910,50,Feminino,União Estável,0,Niterói,RJ,Estudante,Médio,1412.0,0.0,29.91,480,642.52,909.56,Às vezes,3.73,26.6,0,0,0,Em observação,30614.62,11050.65,30,1224.5847999999999,4359.29,30.82,-19563.97,1412.0,21.68174220963173,0.0,3764.1800000000003,1273.92,8233.689999999999,0.0,0.0,11157.59,504.82,0.0,3171.14,1286.67,1222.61,1.0,0.0,0.12295367376763129,0.04161149150307925,0.26894634001663253,0.0,0.0,0.36445299664016734,0.016489507300760226,0.0,0.10358253670958516,0.042027959190739594,0.039935494871404575,7,1,0.2,0.16666666666666666,0.1,0.1,0.13333333333333333,0.13333333333333333,0.16666666666666666
911,40,Feminino,União Estável,0,Fortaleza,CE,Pedreiro,Fundamental,3394.07,0.0,25.0,531,1673.18,3769.43,Raramente,8.93,10.4,0,0,0,Em observação,46432.37,38964.52,58,1055.2811363636365,4878.97,24.15,-7467.850000000006,3394.07,13.68043970807909,4310.77,8322.880000000001,4956.24,9211.5,7567.450000000001,527.02,8644.23,0.0,75.2,746.37,701.84,1368.87,1.0,0.0928397581256352,0.1792473655770748,0.10674105155519736,0.198385307491304,0.16297789666993093,0.011350271373182112,0.18616818396304127,0.0,0.0016195598027841352,0.016074346409627592,0.015115317180665127,0.029480941851557432,13,2,0.10344827586206896,0.1896551724137931,0.08620689655172414,0.017241379310344827,0.08620689655172414,0.29310344827586204,0.22413793103448276
912,18,Feminino,Casado,0,Porto Alegre,RS,Jornalista,Médio,6819.65,0.0,17.88,938,4780.74,12803.82,Frequentemente,26.57,0.0,1,1,0,Saudável,42830.380000000005,27825.47,41,1223.725142857143,4771.32,15.89,-15004.910000000003,6819.65,6.280436679301725,3834.06,2712.77,3363.5299999999997,4615.63,18508.85,1844.92,6073.17,0.0,0.0,618.2,15.89,1243.3600000000001,1.0,0.08951730057029612,0.06333751883592907,0.07853140691256999,0.10776532918923436,0.43214302558137463,0.04307503225514226,0.14179584677978574,0.0,0.0,0.014433680018715686,0.000370998342765112,0.02902986151418689,9,0,0.07317073170731707,0.0975609756097561,0.24390243902439024,0.0,0.0975609756097561,0.36585365853658536,0.12195121951219512
913,33,Feminino,Casado,1,Niterói,RJ,Advogado,Pós-graduação,15937.77,0.0,42.0,600,3233.93,21681.96,Frequentemente,8.18,10.9,0,1,1,Em observação,20409.96,55700.26,22,1275.6225,5598.08,21.75,35290.3,15937.77,1.280603246250887,251.39,1578.23,0.0,2636.35,2373.74,1168.15,10775.47,1102.99,0.0,0.0,0.0,523.64,1.0,0.012317025609065379,0.07732646217826983,0.0,0.12916977789275433,0.11630302068205915,0.05723431109125153,0.5279515491456133,0.05404175216413947,0.0,0.0,0.0,0.02565610123684711,7,0,0.09090909090909091,0.13636363636363635,0.13636363636363635,0.0,0.09090909090909091,0.3181818181818182,0.22727272727272727
914,41,Masculino,Divorciado,0,Manaus,AM,Empresário,Pós-graduação,14933.46,1331.53,41.35,617,3888.81,20469.08,Frequentemente,2.7,4.3,1,1,0,Em observação,16429.39,32826.44,20,1026.836875,3732.59,34.16,16397.050000000003,14933.46,1.1001730342465845,1289.44,2053.5699999999997,860.5,0.0,0.0,734.49,9566.54,905.06,556.1800000000001,0.0,0.0,463.61,1.0,0.0784837416361776,0.12499368509725557,0.05237565119581433,0.0,0.0,0.04470585943848189,0.5822821175953582,0.05508786388295609,0.03385274803264151,0.0,0.0,0.028218333121314915,7,0,0.1,0.15,0.15,0.05,0.25,0.1,0.2
915,33,Feminino,Solteiro,0,Maceió,AL,Engenheiro de Produção,Fundamental,13050.04,0.0,40.93,561,3642.33,9916.36,Frequentemente,8.04,10.5,0,1,1,Em observação,19282.34,68247.43,36,714.1607407407407,2326.5,19.5,48965.09,13050.04,1.4775694174117473,3678.44,6665.42,940.09,0.0,0.0,1500.47,3541.71,0.0,762.71,1170.71,353.58,669.21,1.0,0.1907673031385195,0.34567485066646475,0.04875393754077565,0.0,0.0,0.07781576302461216,0.183676358782181,0.0,0.03955484655907945,0.06071410420104614,0.018336986071192603,0.03470585001612875,8,0,0.08333333333333333,0.1388888888888889,0.2777777777777778,0.027777777777777776,0.05555555555555555,0.19444444444444445,0.2222222222222222
916,19,Masculino,Casado,0,João Pessoa,PB,Engenheiro de Produção,Superior,9233.75,627.11,29.92,698,5567.87,4984.41,Raramente,2.42,1.0,1,0,0,Em observação,15161.24,30940.25,23,842.2911111111111,2878.48,34.3,15779.01,9233.75,1.6419374576959522,3341.67,2161.2,6299.8099999999995,0.0,2775.75,144.8,0.0,0.0,0.0,178.44,156.62,102.95,1.0,0.22040875284607328,0.1425477071796238,0.41552076215401906,0.0,0.18308199065511793,0.009550669997968504,0.0,0.0,0.0,0.011769485873187154,0.010330289606918695,0.006790341687091557,4,0,0.043478260869565216,0.13043478260869565,0.13043478260869565,0.043478260869565216,0.13043478260869565,0.34782608695652173,0.17391304347826086
917,44,Masculino,União Estável,4,Pelotas,RS,Vendedor,Médio,5013.65,1613.37,1.82,766,3079.75,13104.12,Sempre,16.31,17.2,1,0,0,Saudável,25805.2,29843.78,28,1172.9636363636364,4208.76,127.85,4038.579999999998,5013.65,5.146988720792238,685.1800000000001,433.49,1495.5900000000001,3847.91,3725.17,2208.45,8816.060000000001,919.21,127.85,2286.5,710.0,549.79,1.0,0.026552012772619475,0.016798552229783145,0.05795692341078543,0.14911374451660905,0.1443573388309333,0.08558158820702803,0.3416388944863826,0.035621115124083516,0.004954427789747803,0.08860617239936136,0.027513834420969416,0.021305395811696864,6,0,0.10714285714285714,0.14285714285714285,0.10714285714285714,0.07142857142857142,0.07142857142857142,0.2857142857142857,0.21428571428571427
918,40,Feminino,Solteiro,1,Uberlândia,MG,Médico,Pós-graduação,13985.52,0.0,75.87,445,507.05,7210.97,Nunca,1.47,4.7,1,1,0,Em risco,19135.579999999998,31571.3,31,708.7251851851851,3903.68,32.11,12435.720000000001,13985.52,1.3682422963179057,3824.8199999999997,2008.4,0.0,5218.049999999999,0.0,3245.46,0.0,847.54,447.65,2422.44,423.58000000000004,697.64,1.0,0.199880014088938,0.1049563169760206,0.0,0.2726883637705259,0.0,0.169603429841165,0.0,0.04429131492225478,0.02339359455004761,0.12659349755795227,0.022135728313434976,0.036457739979660925,3,5,0.1935483870967742,0.2903225806451613,0.03225806451612903,0.03225806451612903,0.0,0.3548387096774194,0.0967741935483871
919,42,Feminino,Casado,0,Curitiba,PR,Professor,Superior,4435.23,0.0,75.14,326,729.1,1828.46,Nunca,0.18,7.0,1,0,1,Em risco,39693.86,22548.3,44,1072.807027027027,5614.42,31.95,-17145.56,4435.23,8.949673410398109,1765.39,8195.36,3282.67,4686.08,0.0,2809.25,16382.250000000002,0.0,0.0,249.61,0.0,2323.25,1.0,0.04447514048772279,0.20646417355228242,0.08269969209343712,0.11805553806054639,0.0,0.07077291047028432,0.41271496397679647,0.0,0.0,0.006288378101802143,0.0,0.05852920325712843,11,4,0.1590909090909091,0.3181818181818182,0.11363636363636363,0.045454545454545456,0.0,0.20454545454545456,0.1590909090909091
920,55,Feminino,Casado,0,Florianópolis,SC,Analista Financeiro,Superior,9522.89,0.0,15.56,824,16801.83,29500.77,Às vezes,12.72,18.4,0,1,0,Saudável,29471.54,71640.8,39,1016.26,3859.07,29.22,42169.26,9522.89,3.094810503954157,3044.0,6808.87,643.25,7024.969999999999,3838.83,625.54,5823.71,0.0,253.83,0.0,598.4,810.14,1.0,0.10328608549129091,0.23103203972374703,0.02182614142321711,0.23836453744867078,0.1302554939443273,0.02122522270638046,0.19760453644431203,0.0,0.008612715860793159,0.0,0.020304334283176243,0.027488892674084896,8,0,0.10256410256410256,0.07692307692307693,0.15384615384615385,0.05128205128205128,0.07692307692307693,0.28205128205128205,0.2564102564102564
921,23,Feminino,Solteiro,0,Vitória,ES,Motoboy,Fundamental,2271.05,0.0,90.66,382,160.38,1070.72,Às vezes,0.0,3.0,1,0,0,Em risco,37938.84,35398.87,44,1149.661818181818,4976.15,38.85,-2539.969999999994,2271.05,16.705418198630586,4077.97,13809.24,2166.95,0.0,0.0,5067.18,10032.96,0.0,0.0,2381.37,0.0,403.17,1.0,0.10748799910592945,0.36398687993623424,0.05711692819284933,0.0,0.0,0.13356180631774722,0.26445088990596444,0.0,0.0,0.06276865607909994,0.0,0.010626840462175439,9,3,0.11363636363636363,0.3181818181818182,0.13636363636363635,0.045454545454545456,0.0,0.20454545454545456,0.18181818181818182
922,50,Masculino,Solteiro,0,Blumenau,SC,Designer Gráfico,Médio,5687.58,0.0,38.87,572,2608.37,7274.23,Às vezes,8.0,13.3,0,0,0,Em observação,11632.56,16969.57,24,612.24,3493.55,22.95,5337.01,5687.58,2.0452565062821093,1790.6100000000001,1479.62,0.0,3981.6800000000003,325.27,1289.26,627.9,420.61,447.65,0.0,0.0,1269.96,1.0,0.1539308630258516,0.12719642108014056,0.0,0.34228751022990644,0.027962030713789568,0.11083200946309325,0.05397780024345458,0.036157991018314115,0.03848250084246288,0.0,0.0,0.10917287338298708,4,0,0.125,0.25,0.125,0.0,0.125,0.16666666666666666,0.20833333333333334
923,27,Masculino,Solteiro,0,Manaus,AM,Analista de TI,Superior,7216.25,0.0,90.3,509,125.27,4106.81,Nunca,0.99,1.9,1,0,1,Em risco,40002.880000000005,46296.71,43,1212.2084848484849,5740.22,20.66,6293.8299999999945,7216.25,5.543444309717652,3843.21,3846.01,882.8,0.0,0.0,5887.1,19562.06,0.0,418.4,4035.36,0.0,1527.94,1.0,0.09607333272004415,0.09614332768040701,0.02206841107440264,0.0,0.0,0.1471669039829132,0.48901629082706044,0.0,0.010459246934220734,0.100876736874945,0.0,0.038195749906006764,14,2,0.09302325581395349,0.27906976744186046,0.16279069767441862,0.023255813953488372,0.046511627906976744,0.16279069767441862,0.23255813953488372
924,50,Masculino,Casado,2,Uberlândia,MG,Engenheiro de Produção,Médio,7758.64,0.0,59.74,319,-83.73,4925.22,Nunca,0.3,19.9,0,0,0,Em risco,17515.77,22422.99,22,973.0983333333334,5697.75,36.18,4907.220000000001,7758.64,2.2575825144612973,357.34,621.03,3143.4500000000003,0.0,0.0,1284.74,9713.18,123.61,0.0,364.42,317.29,1590.71,1.0,0.020401044316064893,0.035455478120573626,0.1794639915915772,0.0,0.0,0.07334761760402198,0.5545391381594985,0.007057069143977113,0.0,0.02080525149622312,0.018114533360508844,0.09081587620755467,5,1,0.0,0.36363636363636365,0.045454545454545456,0.045454545454545456,0.13636363636363635,0.2727272727272727,0.13636363636363635
925,35,Feminino,Divorciado,0,Guarulhos,SP,Autônomo,Superior,8544.92,0.0,42.08,658,2009.7,10606.4,Nunca,8.37,3.1,0,0,1,Em observação,34264.39,51731.96,37,1269.0514814814815,5993.97,31.7,17467.57,8544.92,4.009913492461018,1546.52,5742.23,4420.28,1809.21,2829.32,595.46,13777.44,0.0,392.5,2610.11,405.27000000000004,136.05,1.0,0.04513490536384859,0.16758593980514463,0.12900506911110923,0.052801465311362615,0.08257319041722325,0.017378391969038412,0.4020920845227363,0.0,0.011455041225015242,0.07617558637407525,0.011827731356081344,0.003970594544365156,11,1,0.05405405405405406,0.2702702702702703,0.05405405405405406,0.0,0.05405405405405406,0.35135135135135137,0.21621621621621623
926,37,Feminino,Casado,0,Palmas,TO,Desenvolvedor de Software,Superior,11841.14,2607.8,6.65,755,28352.05,18453.47,Às vezes,11.24,8.5,0,1,1,Saudável,54940.18,83320.64,58,1144.5870833333333,5392.49,20.71,28380.46,11841.14,4.639771170681201,5011.48,4444.55,9350.97,0.0,14031.23,4164.389999999999,9327.24,453.59,20.71,6909.29,390.11,836.62,1.0,0.09121702913969339,0.08089798759305121,0.17020275506924076,0.0,0.25539104531510454,0.07579862315704097,0.1697708307471872,0.00825607051160007,0.00037695544499490177,0.12576023595117453,0.007100631996473255,0.015227835074439144,12,1,0.05172413793103448,0.22413793103448276,0.06896551724137931,0.034482758620689655,0.15517241379310345,0.29310344827586204,0.1724137931034483
927,18,Masculino,União Estável,0,Duque de Caxias,RJ,Pedreiro,Fundamental,4180.51,0.0,3.99,797,5417.67,5828.08,Frequentemente,13.17,0.0,0,0,0,Saudável,54610.39,43892.19,50,1365.25975,5780.33,29.09,-10718.199999999997,4180.51,13.063092780545913,2671.5499999999997,5035.87,2498.06,1475.52,6100.36,2010.1200000000001,30079.71,0.0,0.0,2443.54,1469.23,826.4300000000001,1.0,0.04892017801008196,0.09221450350382042,0.045743310018478166,0.027019034289994998,0.11170694807343437,0.036808380236801094,0.5508056250834319,0.0,0.0,0.04474496519801452,0.026903854742659775,0.015133200843282754,16,3,0.06,0.2,0.14,0.1,0.18,0.12,0.2
928,50,Masculino,Casado,0,Belém,PA,Aposentado,Médio,3833.24,0.0,31.02,485,836.39,2407.69,Frequentemente,9.23,20.6,1,0,0,Em observação,44425.92,34352.770000000004,53,1009.68,5434.48,29.91,-10073.149999999994,3833.24,11.589652617628952,7485.79,9856.7,0.0,0.0,855.11,2556.09,21533.21,0.0,448.74,521.63,578.65,590.0,1.0,0.16850050601090535,0.221868224676045,0.0,0.0,0.019247997565385255,0.05753600600730385,0.48469924764641903,0.0,0.010100860038464032,0.011741568885911649,0.01302505384244153,0.013280535327124346,11,0,0.03773584905660377,0.16981132075471697,0.18867924528301888,0.03773584905660377,0.09433962264150944,0.32075471698113206,0.1509433962264151
929,24,Masculino,Casado,0,Joinville,SC,Corretor de Imóveis,Médio,6405.08,0.0,58.0,622,2561.1,7109.0,Às vezes,7.37,4.8,1,1,0,Em observação,28621.23,36963.98,38,923.2654838709677,4916.03,34.43,8342.750000000004,6405.08,4.468520299512262,3659.94,968.46,2333.22,0.0,0.0,3525.96,14563.39,0.0,0.0,1791.0,1223.85,555.41,1.0,0.1278750074682325,0.033837120207622105,0.08152060550856828,0.0,0.0,0.12319386693024724,0.5088317308515392,0.0,0.0,0.06257592703038968,0.04276021680409961,0.019405525199301357,9,1,0.07894736842105263,0.2631578947368421,0.10526315789473684,0.02631578947368421,0.05263157894736842,0.2894736842105263,0.18421052631578946
930,46,Feminino,Solteiro,1,São Paulo,SP,Enfermeiro,Superior,6343.79,1523.23,21.37,962,15163.22,7946.04,Frequentemente,10.86,15.8,0,0,0,Saudável,32940.75,38437.76,37,1176.455357142857,4818.54,26.94,5497.010000000002,6343.79,5.192597800368549,1489.76,3102.88,2524.34,1924.53,1312.3899999999999,2443.92,16275.7,0.0,243.97,2155.36,773.9,694.0,1.0,0.045225442650820034,0.0941957909276504,0.0766327421203221,0.058423988524851436,0.039840926511995015,0.07419138908494798,0.49409014670279217,0.0,0.007406328028353938,0.06543141853175778,0.02349369701661316,0.021068129899896027,10,0,0.02702702702702703,0.10810810810810811,0.16216216216216217,0.08108108108108109,0.13513513513513514,0.24324324324324326,0.24324324324324326
931,27,Feminino,Casado,0,João Pessoa,PB,Motorista,Médio,4734.09,0.0,11.86,816,9503.43,10734.58,Sempre,22.5,0.0,0,0,0,Saudável,23400.05,18283.030000000002,29,1063.6386363636364,4738.47,33.67,-5117.019999999997,4734.09,4.942882370212649,2325.4,2148.98,0.0,8354.92,0.0,2542.4,4639.3099999999995,0.0,359.93,2460.29,568.8199999999999,0.0,1.0,0.09937585603449565,0.09183655590479507,0.0,0.3570471003267087,0.0,0.1086493404928622,0.1982606874771635,0.0,0.015381591064976358,0.10514037363168027,0.02430849506731823,0.0,6,0,0.13793103448275862,0.10344827586206896,0.10344827586206896,0.13793103448275862,0.06896551724137931,0.27586206896551724,0.1724137931034483
932,49,Masculino,Casado,1,Belém,PA,Farmacêutico,Fundamental,6238.7,0.0,75.27,342,-26.87,4848.14,Raramente,0.0,20.6,1,0,1,Em risco,45434.38,46820.1,57,966.6889361702127,5120.76,14.41,1385.7200000000012,6238.7,7.282667863497203,1867.81,6217.86,2466.63,0.0,0.0,3266.06,23695.68,0.0,128.75,4318.87,1848.33,1624.39,1.0,0.04111005806616047,0.13685363374607512,0.05428994519128467,0.0,0.0,0.07188521115507684,0.5215363343793841,0.0,0.002833757168030025,0.09505731122555211,0.04068130785541698,0.03575244121301975,16,5,0.19298245614035087,0.38596491228070173,0.03508771929824561,0.03508771929824561,0.07017543859649122,0.15789473684210525,0.12280701754385964
933,61,Masculino,Casado,2,Duque de Caxias,RJ,Estudante,Médio,1412.0,0.0,75.58,386,25.02,254.64,Nunca,1.0,17.7,1,0,0,Em risco,66700.49,18569.11,53,1482.2331111111112,5892.57,22.23,-48131.380000000005,1412.0,47.2383073654391,4794.41,12772.95,3172.0699999999997,12174.669999999998,2171.28,1403.81,24972.21,280.56,0.0,3891.73,376.06,690.74,1.0,0.07187968184341674,0.19149709394938477,0.047556921995625515,0.18252744470093094,0.03255268439557191,0.02104647207239407,0.37439320160916356,0.004206265950969775,0.0,0.05834634798035217,0.005638039540639056,0.010355845961551407,15,6,0.09433962264150944,0.32075471698113206,0.09433962264150944,0.05660377358490566,0.1320754716981132,0.16981132075471697,0.1320754716981132
934,55,Masculino,Casado,2,Salvador,BA,Farmacêutico,Superior,6847.94,994.6,51.83,605,2951.26,10946.52,Raramente,1.64,12.1,0,0,1,Em observação,60935.9,40066.04,57,1269.4979166666667,5028.1,25.3,-20869.86,6847.94,8.89842784837484,4744.11,5973.16,0.0,8391.83,3091.75,2741.54,31594.92,0.0,0.0,2850.06,521.23,1027.3,1.0,0.07785410570780114,0.09802366092894337,0.0,0.13771569797114672,0.05073774244739144,0.04499055564946115,0.518494352261967,0.0,0.0,0.04677144343482249,0.008553742539291288,0.016858699059175298,18,2,0.08771929824561403,0.19298245614035087,0.12280701754385964,0.05263157894736842,0.15789473684210525,0.24561403508771928,0.14035087719298245
935,39,Feminino,Solteiro,0,Belém,PA,Enfermeiro,Superior,4794.68,0.0,7.91,839,11471.23,9811.05,Sempre,23.51,12.6,0,0,0,Saudável,59716.4,42780.21,55,1357.1909090909091,5794.11,21.02,-16936.190000000002,4794.68,12.454720648718997,2681.65,8033.96,2177.15,441.09,26387.03,1806.76,12194.48,0.0,80.1,4165.01,479.95,1269.22,1.0,0.04490642436583585,0.1345352365514331,0.03645815889772324,0.007386413112645772,0.4418724169574857,0.030255675157913067,0.20420654962455873,0.0,0.0013413400673851737,0.06974650179850092,0.008037155622241126,0.021254127844277285,12,2,0.07272727272727272,0.12727272727272726,0.12727272727272726,0.01818181818181818,0.16363636363636364,0.32727272727272727,0.16363636363636364
936,18,Feminino,Casado,0,Porto Alegre,RS,Corretor de Imóveis,Superior,8536.23,1439.94,15.38,947,6550.89,16193.15,Sempre,20.35,0.0,0,0,1,Saudável,33896.87,30707.19,38,1059.2771875,4299.52,53.63,-3189.680000000004,8536.23,3.9709415046220644,2019.0900000000001,1792.34,9749.24,5707.25,6801.96,534.9300000000001,3198.0899999999997,0.0,0.0,2862.96,540.76,690.25,1.0,0.05956567671292364,0.052876268516827654,0.2876147561707025,0.16837100298641142,0.20066631520845435,0.015781103092999443,0.09434764920772919,0.0,0.0,0.08446089565201742,0.01595309537429267,0.02036323707764168,7,0,0.07894736842105263,0.21052631578947367,0.21052631578947367,0.05263157894736842,0.02631578947368421,0.2631578947368421,0.15789473684210525
937,43,Masculino,Solteiro,0,São Paulo,SP,Recepcionista,Médio,2821.15,166.86,11.99,824,7533.16,8301.84,Frequentemente,18.38,0.2,0,1,1,Saudável,38321.72,19582.129999999997,37,1236.1845161290323,5756.47,85.55,-18739.590000000004,2821.15,13.583722949860872,5114.94,2920.27,2985.55,4554.67,7591.88,1776.15,10578.380000000001,0.0,0.0,1690.16,352.53,757.19,1.0,0.13347365410529588,0.07620404303355903,0.0779075156334319,0.11885348569949365,0.1981090619105823,0.04634838937291959,0.2760413676630381,0.0,0.0,0.04410449217832602,0.009199221746831823,0.01975876865652168,6,0,0.05405405405405406,0.16216216216216217,0.10810810810810811,0.02702702702702703,0.13513513513513514,0.35135135135135137,0.16216216216216217
938,30,Masculino,Casado,0,São Luís,MA,Recepcionista,Médio,1665.61,0.0,80.17,443,215.85,656.22,Raramente,1.0,8.1,1,0,0,Em risco,23190.350000000002,13868.73,24,1220.5447368421053,2933.09,41.4,-9321.620000000003,1665.61,13.923037205588345,389.22,5838.780000000001,6406.65,368.06,0.0,1165.96,7376.620000000001,639.4,0.0,628.12,41.4,336.14,1.0,0.01678370529120949,0.25177627763272226,0.27626361827225543,0.01587125679431315,0.0,0.05027780951990806,0.31809006763589165,0.027571813275780656,0.0,0.027085404058153496,0.0017852253200145748,0.014494822199751187,7,2,0.08333333333333333,0.2916666666666667,0.16666666666666666,0.125,0.08333333333333333,0.041666666666666664,0.20833333333333334
939,19,Feminino,Casado,1,Natal,RN,Professor,Fundamental,6410.67,0.0,20.07,748,8036.42,15093.31,Frequentemente,15.11,1.0,0,1,0,Saudável,37585.55,43598.69,45,1015.8256756756757,4806.42,14.8,6013.139999999999,6410.67,5.8629675213355235,3269.59,681.0,2552.08,0.0,4409.49,3627.83,18068.51,225.24,0.0,3432.25,383.6,935.96,1.0,0.0869906120836332,0.018118665284929978,0.06790056284928649,0.0,0.11731875680946532,0.09652193462647213,0.48073022744113086,0.005992728588513405,0.0,0.0913183390957429,0.010206049931423114,0.02490212328940244,13,1,0.044444444444444446,0.17777777777777778,0.1111111111111111,0.022222222222222223,0.17777777777777778,0.28888888888888886,0.17777777777777778
940,44,Masculino,Casado,1,Caxias do Sul,RS,Aposentado,Superior,4667.6,0.0,34.75,684,662.51,7061.34,Frequentemente,7.52,13.0,0,0,1,Em observação,21943.53,13465.010000000002,24,1097.1765,5598.31,27.85,-8478.519999999997,4667.6,4.7012447510497894,484.17999999999995,819.9000000000001,1020.17,0.0,2259.23,654.03,14540.8,0.0,0.0,1265.59,71.28,828.35,1.0,0.022064818194702494,0.03736408864025068,0.04649069680220092,0.0,0.10295654345495005,0.029805140740801504,0.6626463472376596,0.0,0.0,0.05767485905868381,0.0032483378927638355,0.037749167977987136,9,0,0.0,0.16666666666666666,0.25,0.041666666666666664,0.08333333333333333,0.2916666666666667,0.16666666666666666
941,48,Masculino,União Estável,0,Santos,SP,Médico,Fundamental,24024.31,0.0,11.9,783,31019.43,46809.58,Frequentemente,10.0,22.8,0,1,1,Saudável,28092.42,118567.3,41,877.888125,4515.91,18.88,90474.88,24024.31,1.1693330630515506,3229.7299999999996,2876.44,1350.18,0.0,15421.75,267.55,1079.46,0.0,0.0,2829.82,504.19,533.3,1.0,0.11496802340275418,0.10239203315342717,0.048062075107804886,0.0,0.5489648097244737,0.009523921399438,0.03842531188128328,0.0,0.0,0.10073251076268973,0.017947545992833654,0.0189837685752954,12,0,0.0,0.1951219512195122,0.07317073170731707,0.04878048780487805,0.12195121951219512,0.36585365853658536,0.1951219512195122
942,67,Feminino,Solteiro,1,Goiânia,GO,Gerente Comercial,Superior,13834.68,0.0,49.35,590,5534.02,19594.81,Às vezes,8.56,31.7,0,0,0,Em observação,28254.510000000002,51274.91,39,856.1972727272728,5531.96,31.64,23020.4,13834.68,2.042295882521316,2653.26,3962.85,5946.05,0.0,0.0,3725.45,7485.5599999999995,0.0,148.65,1874.96,88.22,2369.51,1.0,0.09390571629095673,0.14025548487657366,0.21044604914401274,0.0,0.0,0.13185328643108657,0.2649332796781823,0.0,0.005261106987875564,0.06635967142944613,0.0031223333903153865,0.0838630717715508,9,1,0.05128205128205128,0.41025641025641024,0.1282051282051282,0.0,0.05128205128205128,0.23076923076923078,0.1282051282051282
943,39,Masculino,Solteiro,2,Belo Horizonte,MG,Médico,Fundamental,17878.65,2235.82,26.46,516,6442.48,22350.02,Às vezes,7.34,19.8,1,1,1,Em observação,31967.61,47134.56,30,1278.7044,5257.89,41.48,15166.949999999997,17878.65,1.788032653472158,891.5500000000001,6153.07,1507.11,5931.51,3149.14,126.71000000000001,12770.960000000001,0.0,0.0,262.13,147.53,1027.9,1.0,0.027889166565783306,0.19247826159040352,0.04714490698553942,0.1855474963564683,0.0985103359306498,0.003963699507094838,0.39949686573378496,0.0,0.0,0.008199862298119878,0.0046149837288430385,0.03215442130331295,8,2,0.2,0.16666666666666666,0.16666666666666666,0.0,0.0,0.3,0.16666666666666666
944,39,Masculino,Solteiro,1,Uberlândia,MG,Recepcionista,Médio,1752.72,0.0,59.26,420,287.44,1360.44,Raramente,2.03,6.0,0,0,0,Em risco,25174.39,18904.25,33,968.2457692307692,5454.31,30.52,-6270.139999999999,1752.72,14.36304144415537,2946.45,2403.32,1924.73,0.0,0.0,1581.84,11373.11,943.26,222.32,2928.06,424.39,426.91,1.0,0.11704156486016146,0.09546686136188405,0.0764558744025178,0.0,0.0,0.06283528617773856,0.4517730121762633,0.037469031027166894,0.008831197101498786,0.11631106056591639,0.016858005298241587,0.01695810702861122,6,3,0.15151515151515152,0.30303030303030304,0.12121212121212122,0.0,0.030303030303030304,0.21212121212121213,0.18181818181818182
945,18,Feminino,Casado,0,Vila Velha,ES,Eletricista,Médio,5258.64,0.0,6.56,1000,7352.65,12758.59,Sempre,18.99,0.0,0,1,0,Saudável,55877.98,21341.550000000003,45,1432.768717948718,5597.97,29.41,-34536.43,5258.64,10.62593750475408,3116.9,5126.5599999999995,0.0,3642.89,13178.23,2952.67,23134.78,1224.74,0.0,3000.71,0.0,500.50000000000006,1.0,0.05578047023174424,0.09174562144157679,0.0,0.06519365947015264,0.23583941294943014,0.05284138760921565,0.4140231984048099,0.02191811515018975,0.0,0.0537011180432793,0.0,0.008957016699601526,9,0,0.06666666666666667,0.26666666666666666,0.08888888888888889,0.06666666666666667,0.13333333333333333,0.26666666666666666,0.1111111111111111
946,26,Feminino,Solteiro,0,Goiânia,GO,Farmacêutico,Superior,6087.92,1952.07,20.77,996,14743.96,16943.18,Sempre,22.27,4.0,0,0,0,Saudável,25889.2,28978.59,37,835.1354838709677,4504.19,11.03,3089.3899999999994,6087.92,4.252552595960525,1980.98,1404.45,442.87,3250.73,3280.47,956.93,12890.76,114.64,0.0,184.86,500.18,882.33,1.0,0.07651762124746998,0.05424848971772013,0.017106360953602275,0.12556316919796673,0.12671191075815397,0.03696251718863464,0.4979203683389212,0.004428101293203344,0.0,0.007140429213726187,0.019320025338751292,0.03408100675185019,11,1,0.02702702702702703,0.24324324324324326,0.21621621621621623,0.0,0.10810810810810811,0.24324324324324326,0.16216216216216217
947,40,Masculino,União Estável,1,Manaus,AM,Aposentado,Médio,5721.53,307.0,8.59,787,10001.92,16219.94,Frequentemente,18.91,4.7,0,1,0,Saudável,46871.79,50199.35,58,976.495625,3783.38,48.14,3327.5599999999977,5721.53,8.19217761682627,6087.68,5472.93,2809.6299999999997,8057.09,10938.82,5819.63,4051.83,0.0,453.07,1612.4,1161.8899999999999,406.82,1.0,0.129879400808034,0.11676383598748842,0.059942878221633945,0.17189635812927137,0.23337747502282288,0.12416060918518367,0.08644495975084374,0.0,0.009666155271646335,0.0344002223938962,0.02478868419576039,0.008679421033419035,11,1,0.06896551724137931,0.1896551724137931,0.22413793103448276,0.0,0.05172413793103448,0.29310344827586204,0.1724137931034483
948,39,Feminino,Solteiro,1,Joinville,SC,Gerente Comercial,Superior,8844.15,0.0,65.86,403,1411.75,5798.41,Nunca,0.45,4.7,1,0,0,Em risco,18320.8,32554.63,31,732.832,4022.13,67.93,14233.830000000002,8844.15,2.071516199973994,2060.52,3222.52,0.0,0.0,0.0,3160.23,5116.71,0.0,374.63,2724.7799999999997,831.42,829.99,1.0,0.11246888782149252,0.17589406576132047,0.0,0.0,0.0,0.17249410506091437,0.2792842015632505,0.0,0.020448342867123707,0.1487260381642723,0.045381206060870705,0.045303152700755425,6,1,0.03225806451612903,0.3225806451612903,0.12903225806451613,0.03225806451612903,0.06451612903225806,0.25806451612903225,0.16129032258064516
949,41,Masculino,Casado,2,Curitiba,PR,Médico,Pós-graduação,19483.14,0.0,78.76,330,857.07,15156.72,Nunca,1.75,15.0,0,0,0,Em risco,39639.48,68836.77,40,1201.1963636363637,5804.52,44.36,29197.29,19483.14,2.034552951936906,3975.08,3646.36,1377.32,2818.76,0.0,493.53,19996.690000000002,0.0,743.94,5078.66,0.0,1509.1399999999999,1.0,0.10028083113098354,0.09198808864293881,0.03474616720501883,0.07110991365174316,0.0,0.012450466050513274,0.5044639838867715,0.0,0.01876765285518377,0.12812125688833453,0.0,0.03807163968851256,7,2,0.1,0.3,0.2,0.05,0.05,0.175,0.125
950,32,Feminino,Solteiro,1,Curitiba,PR,Médico,Pós-graduação,20423.77,0.0,25.0,658,5379.6,15013.38,Às vezes,7.46,13.5,0,1,0,Em observação,10512.12,45335.26,22,584.0066666666667,4130.02,16.27,34823.14,20423.77,0.5147002732600299,3355.95,0.0,0.0,268.06,0.0,531.62,5195.77,505.96,59.31,0.0,106.89,488.56,1.0,0.3192457848654695,0.0,0.0,0.02550008942059261,0.0,0.050572101536131626,0.49426471539518196,0.04813110961442601,0.005642058880606386,0.0,0.010168262919373066,0.046475877368218774,6,0,0.09090909090909091,0.18181818181818182,0.22727272727272727,0.0,0.0,0.3181818181818182,0.18181818181818182
951,65,Feminino,Casado,0,São Luís,MA,Recepcionista,Médio,2291.94,0.0,43.64,672,1166.78,2635.96,Às vezes,6.05,34.0,1,0,1,Em observação,20570.39,23543.75,31,894.3647826086956,4137.06,32.49,2973.3600000000006,2291.94,8.975099697199752,269.56,2763.11,2608.04,4005.63,0.0,3320.46,4137.06,0.0,641.0799999999999,807.57,1483.55,534.33,1.0,0.013104272694878415,0.13432462875035428,0.12678612316052346,0.19472795605722595,0.0,0.1614193994377355,0.2011172369605049,0.0,0.03116518452007959,0.039258857027017965,0.07212065498028963,0.025975686411390357,8,0,0.0967741935483871,0.3548387096774194,0.12903225806451613,0.0,0.03225806451612903,0.12903225806451613,0.25806451612903225
952,44,Masculino,Solteiro,2,Brasília,DF,Eletricista,Médio,4709.28,0.0,27.8,557,1408.69,7200.11,Frequentemente,6.6,4.2,1,0,1,Em observação,61245.83,28732.94,56,1303.1027659574468,5918.24,24.74,-32512.890000000003,4709.28,13.005349013012607,2617.1,6655.65,2986.49,6234.5,3703.81,1324.95,27537.899999999998,0.0,115.78,6818.389999999999,703.37,2547.89,1.0,0.04273107246648465,0.10867107197338985,0.04876234022789796,0.10179468545042168,0.06047448454858069,0.0216333095657288,0.44962897882190506,0.0,0.0018904144167856,0.11132823246905135,0.01148437371164698,0.04160103634810729,13,2,0.16071428571428573,0.25,0.14285714285714285,0.03571428571428571,0.017857142857142856,0.26785714285714285,0.125
953,31,Masculino,Solteiro,4,Uberlândia,MG,Estudante,Fundamental,1794.14,0.0,10.77,828,2855.14,3342.46,Sempre,16.51,9.3,0,1,0,Saudável,31301.18,14157.79,43,845.9778378378378,4849.3,31.42,-17143.39,1794.14,17.44634198000156,5491.43,2604.77,0.0,2612.69,4884.129999999999,4785.03,4849.3,0.0,250.19,4198.62,1625.02,0.0,1.0,0.1754384339504134,0.0832163515880232,0.0,0.08346937719280871,0.156036609482454,0.152870594654898,0.15492387187959047,0.0,0.007992989401677508,0.13413615716723779,0.05191561468289694,0.0,6,0,0.023255813953488372,0.16279069767441862,0.2558139534883721,0.023255813953488372,0.16279069767441862,0.2558139534883721,0.11627906976744186
954,31,Masculino,Solteiro,0,Vila Velha,ES,Desenvolvedor de Software,Superior,4863.54,0.0,94.58,428,139.75,1287.23,Nunca,1.79,2.7,1,0,0,Em risco,37535.2,50245.45,50,915.4926829268292,5864.79,21.54,12710.25,4863.54,7.717670667867438,3844.0,6970.6,2452.31,0.0,0.0,4933.63,16413.12,913.42,482.18,21.54,448.57,1055.83,1.0,0.10241053730897931,0.18570834843027348,0.06533360685436604,0.0,0.0,0.1314400882371747,0.4372727466484793,0.0243350241906264,0.01284607515079179,0.0005738613354930839,0.011950648990813956,0.02812906285300198,8,6,0.22,0.26,0.1,0.04,0.08,0.12,0.18
955,59,Feminino,Solteiro,1,São Paulo,SP,Corretor de Imóveis,Médio,6461.71,0.0,41.05,611,941.72,7805.78,Frequentemente,5.65,16.5,0,1,1,Em observação,23880.91,33595.16,37,823.4796551724138,4783.5,44.38,9714.250000000004,6461.71,3.6957570054985442,2518.8399999999997,1494.98,191.17,0.0,13038.380000000001,838.3799999999999,4240.2,77.96,0.0,601.11,221.58,658.31,1.0,0.10547504261772268,0.06260146702952274,0.008005138832649174,0.0,0.5459750068150669,0.03510670238278189,0.17755604790604712,0.003264532214224667,0.0,0.025171151350597613,0.00927854089312342,0.027566369958263733,7,1,0.10810810810810811,0.2702702702702703,0.10810810810810811,0.02702702702702703,0.05405405405405406,0.32432432432432434,0.10810810810810811
956,54,Masculino,Casado,2,Juazeiro do Norte,CE,Funcionário Público,Superior,10786.6,0.0,45.03,495,5491.87,11010.76,Raramente,6.61,24.4,0,0,1,Em observação,23948.98,56907.6,37,855.3207142857143,5879.79,37.02,32958.619999999995,10786.6,2.2202529063838465,1638.34,2229.2599999999998,2202.41,972.5,1803.68,181.16,9201.43,1772.1299999999999,0.0,2245.05,507.3,1195.72,1.0,0.06840959406204355,0.093083713794909,0.09196258045227813,0.04060715738206805,0.07531343714847147,0.007564414016797375,0.3842096824165372,0.07399605327659048,0.0,0.09374303206232584,0.02118253052948393,0.04992780485849502,10,0,0.16216216216216217,0.1891891891891892,0.16216216216216217,0.0,0.08108108108108109,0.16216216216216217,0.24324324324324326
957,22,Masculino,Solteiro,0,Duque de Caxias,RJ,Empresário,Superior,22606.89,1495.2,46.56,526,13326.32,35353.41,Nunca,3.07,2.7,1,1,1,Em observação,35639.18,153266.59,51,937.8731578947369,5714.78,27.96,117627.41,22606.89,1.5764742518763086,5584.22,1337.53,0.0,2603.66,0.0,415.87,20125.2,1737.96,361.59,874.77,1187.29,1411.09,1.0,0.15668766789808297,0.03752976359164268,0.0,0.07305611408567761,0.0,0.01166889922832119,0.564693127058479,0.04876543175235794,0.010145856330027795,0.024545177526531195,0.03331417838457563,0.0395937841443041,14,0,0.09803921568627451,0.23529411764705882,0.13725490196078433,0.0196078431372549,0.0196078431372549,0.23529411764705882,0.2549019607843137
958,42,Masculino,Casado,0,Brasília,DF,Recepcionista,Médio,3383.95,858.04,0.0,818,8685.1,9920.21,Frequentemente,25.86,23.3,0,0,0,Saudável,32880.45,17226.739999999998,30,1315.2179999999998,5792.1,33.62,-15653.71,3383.95,9.716588602077454,649.96,5512.55,0.0,0.0,9800.58,474.35,10832.86,0.0,0.0,5179.76,0.0,430.39,1.0,0.019767369363862114,0.1676543356310513,0.0,0.0,0.29806708849787644,0.014426505719964297,0.32946203595145446,0.0,0.0,0.1575331237863229,0.0,0.013089541049468606,8,0,0.03333333333333333,0.1,0.23333333333333334,0.1,0.1,0.3,0.13333333333333333
959,43,Feminino,Solteiro,4,Teresina,PI,Motoboy,Fundamental,3064.21,238.94,20.89,922,3762.87,5501.31,Frequentemente,25.45,20.5,1,0,0,Saudável,21233.309999999998,13019.66,23,1117.5426315789473,4997.03,16.3,-8213.649999999998,3064.21,6.929456532026198,776.07,3026.09,0.0,0.0,4919.87,1142.3400000000001,9669.65,0.0,0.0,0.0,1304.76,394.53000000000003,1.0,0.03654964769976985,0.14251616917004464,0.0,0.0,0.2317052781690655,0.05379943117676897,0.45540002948197905,0.0,0.0,0.0,0.06144873314617458,0.018580711156197506,4,1,0.043478260869565216,0.34782608695652173,0.17391304347826086,0.0,0.043478260869565216,0.21739130434782608,0.17391304347826086
960,44,Feminino,Casado,1,Curitiba,PR,Funcionário Público,Pós-graduação,8568.84,0.0,49.75,586,4781.39,5276.18,Raramente,9.6,15.9,0,0,1,Em observação,43087.59,54519.85,60,879.3385714285714,4559.65,16.71,11432.260000000002,8568.84,5.028404078031565,4057.0699999999997,11075.36,7697.37,6538.25,0.0,1046.53,4822.2,564.33,450.7,3397.79,1496.62,1941.37,1.0,0.09415866610316335,0.25704292117521543,0.1786447095323735,0.15174322815455682,0.0,0.024288432005596043,0.1119162153186103,0.013097274644509013,0.010460088392040493,0.07885774070909977,0.0347343631890296,0.04505636077580575,15,3,0.05,0.3,0.2,0.05,0.03333333333333333,0.25,0.11666666666666667
961,46,Feminino,Casado,1,Rio de Janeiro,RJ,Jornalista,Superior,8693.22,1806.93,5.61,849,6962.58,13975.11,Às vezes,13.55,2.5,0,1,0,Saudável,8682.29,24901.07,20,578.8193333333334,2818.32,44.93,16218.779999999999,8693.22,0.9987426983327239,361.77,215.66,187.51,0.0,2818.32,2381.98,394.93,0.0,443.23,367.74,1144.6,366.55,1.0,0.04166757848447817,0.024839068955310174,0.02159683677923681,0.0,0.32460560520323556,0.27434927881929766,0.04548684736400189,0.0,0.05104989582241551,0.0423551850951765,0.13183157899586398,0.0422181244809837,4,0,0.0,0.15,0.2,0.1,0.05,0.25,0.25
962,33,Feminino,Casado,3,Feira de Santana,BA,Desenvolvedor de Software,Superior,7564.28,0.0,41.83,605,3028.36,11751.82,Às vezes,9.95,5.7,0,0,0,Em observação,26964.06,27113.77,24,1348.203,4132.79,57.13,149.70999999999913,7564.28,3.564656517209834,1778.15,4968.13,0.0,3266.3900000000003,3718.51,217.44,12018.17,0.0,0.0,578.14,0.0,419.13,1.0,0.06594518777958512,0.18425007213305414,0.0,0.12113865641895175,0.1379061610158114,0.008064067503187576,0.4457106978696828,0.0,0.0,0.0214411331231276,0.0,0.015544024156599561,5,0,0.16666666666666666,0.125,0.08333333333333333,0.0,0.041666666666666664,0.4166666666666667,0.16666666666666666
963,46,Feminino,Solteiro,1,Anápolis,GO,Autônomo,Fundamental,9623.45,0.0,0.0,822,19383.67,13531.29,Sempre,25.04,22.6,0,0,1,Saudável,30159.559999999998,52301.020000000004,50,701.3851162790697,4286.24,16.09,22141.460000000006,9623.45,3.1339654697639614,3634.44,2155.22,2286.47,0.0,9758.43,3170.8599999999997,4626.57,0.0,0.0,1476.55,1716.21,1334.81,1.0,0.12050706310039007,0.0714605916001427,0.07581244553965641,0.0,0.3235600917254761,0.10513614920111566,0.15340310004522612,0.0,0.0,0.04895794235724925,0.056904344758345285,0.0442582716723984,15,0,0.06,0.2,0.14,0.04,0.1,0.32,0.14
964,44,Feminino,Casado,4,São Luís,MA,Aposentado,Médio,3641.62,0.0,40.32,540,1033.13,1964.25,Frequentemente,8.28,17.1,0,0,1,Em observação,16813.21,16913.63,20,1120.8806666666667,4757.66,132.88,100.42000000000189,3641.62,4.616958935858217,325.69,4078.6099999999997,0.0,0.0,0.0,2033.6100000000001,7274.35,0.0,447.31,1792.17,485.57,375.9,1.0,0.019371077860801122,0.24258365892057496,0.0,0.0,0.0,0.12095310770519135,0.4326568216301349,0.0,0.0266046757281923,0.10659297064629539,0.028880267361199915,0.02235742014761012,5,2,0.05,0.25,0.15,0.0,0.15,0.15,0.25
965,47,Masculino,Divorciado,2,Fortaleza,CE,Médico,Fundamental,31367.15,7503.22,18.49,909,63742.15,62631.12,Às vezes,19.04,16.3,0,1,1,Saudável,35354.92,148019.13,51,841.7838095238095,4582.37,50.29,112664.21,31367.15,1.1271320473807789,5600.44,8494.08,0.0,3366.24,2571.7,1802.5900000000001,9687.77,0.0,750.85,1760.79,451.31,869.1500000000001,1.0,0.1584062416206853,0.240251710370155,0.0,0.09521277378084861,0.07273952253321461,0.05098554882884759,0.2740147623018239,0.0,0.021237496789697163,0.04980325227719367,0.012765125759017415,0.024583565738516736,9,0,0.0784313725490196,0.2549019607843137,0.11764705882352941,0.0392156862745098,0.09803921568627451,0.2549019607843137,0.1568627450980392
966,22,Masculino,Casado,0,Belém,PA,Desenvolvedor de Software,Superior,8222.45,511.39,40.95,666,4305.17,6127.99,Às vezes,4.88,4.0,1,0,0,Em observação,42546.36,66688.73,57,966.9627272727273,4933.58,25.62,24142.369999999995,8222.45,5.1744139520459225,6339.79,2545.5,293.04,0.0,0.0,5271.1900000000005,23886.84,0.0,0.0,2552.01,1079.13,578.86,1.0,0.14900898690275738,0.05982885492436956,0.006887545726590947,0.0,0.0,0.123892854758903,0.5614308721122089,0.0,0.0,0.059981864488524994,0.02536362687665878,0.01360539420998647,17,0,0.05263157894736842,0.24561403508771928,0.17543859649122806,0.017543859649122806,0.08771929824561403,0.21052631578947367,0.21052631578947367
967,49,Masculino,Casado,4,Niterói,RJ,Gerente Comercial,Superior,12126.96,0.0,45.65,649,5680.75,15840.55,Raramente,7.17,4.7,1,1,1,Em observação,17381.73,47667.35,27,869.0865,4590.52,16.11,30285.62,12126.96,1.433313047952661,1619.05,3111.7699999999995,0.0,2466.55,5654.34,497.85,1816.52,854.27,0.0,0.0,977.58,383.8,1.0,0.09314665456200275,0.17902533292140654,0.0,0.14190474711090326,0.3253036377851917,0.028642143215893933,0.10450743395507812,0.04914758197256545,0.0,0.0,0.05624181252383969,0.022080655953118592,5,1,0.07407407407407407,0.2222222222222222,0.07407407407407407,0.07407407407407407,0.07407407407407407,0.2222222222222222,0.25925925925925924
968,30,Masculino,Casado,2,Olinda,PE,Motoboy,Fundamental,3029.84,650.18,19.78,936,7918.26,9079.05,Sempre,30.64,12.0,0,0,1,Saudável,23053.32,18417.379999999997,29,960.555,5781.54,10.05,-4635.940000000002,3029.84,7.608758218255749,2108.7,3951.26,0.0,0.0,0.0,3764.83,11316.119999999999,701.49,0.0,263.61,185.66,761.6500000000001,1.0,0.09147055608476348,0.17139657107956685,0.0,0.0,0.0,0.16330966646018882,0.4908672590325384,0.030429022804524468,0.0,0.011434795508846449,0.00805350379034343,0.03303862523922802,5,0,0.0,0.13793103448275862,0.20689655172413793,0.06896551724137931,0.034482758620689655,0.3793103448275862,0.1724137931034483
969,19,Feminino,Solteiro,0,Florianópolis,SC,Contador,Superior,7957.37,599.34,36.24,654,4439.16,12515.59,Às vezes,3.68,0.6,1,1,1,Em observação,21537.420000000002,24341.66,23,1133.5484210526317,5502.12,15.03,2804.239999999998,7957.37,2.706600296329064,942.03,4760.75,0.0,3793.76,0.0,1309.21,7775.33,0.0,0.0,1345.76,1165.8600000000001,444.72,1.0,0.04373922224667578,0.2210455105579034,0.0,0.17614737512664005,0.0,0.06078768951898602,0.36101492193586787,0.0,0.0,0.06248473586901309,0.05413183194644484,0.020648712798468898,3,0,0.17391304347826086,0.21739130434782608,0.17391304347826086,0.08695652173913043,0.043478260869565216,0.17391304347826086,0.13043478260869565
970,45,Feminino,Casado,0,Caxias do Sul,RS,Veterinário,Superior,6729.49,0.0,32.26,594,1035.44,9216.44,Às vezes,3.15,11.7,0,1,1,Em observação,27658.66,51498.03,32,1152.4441666666667,5733.28,36.08,23839.37,6729.49,4.110067776309943,1617.81,4314.86,0.0,570.57,1957.25,2877.47,12714.189999999999,760.44,0.0,1654.38,0.0,1191.69,1.0,0.058491987681254264,0.15600394234572462,0.0,0.02062898202588267,0.07076445496636496,0.10403504725102372,0.4596820670271083,0.02749373975456512,0.0,0.05981417754873158,0.0,0.043085601399344725,8,1,0.0625,0.21875,0.1875,0.0,0.09375,0.25,0.1875
971,59,Feminino,Divorciado,2,Palmas,TO,Eletricista,Médio,4814.28,0.0,58.0,610,694.11,6085.66,Raramente,2.98,30.2,1,0,1,Em observação,43402.59,34433.42,48,1173.0429729729728,5956.59,42.82,-8969.169999999998,4814.28,9.015385478202347,2119.84,1047.54,5952.4,1788.46,5566.47,1336.8799999999999,17103.989999999998,796.3299999999999,445.68,4856.03,1702.6599999999999,686.3100000000001,1.0,0.04884132490710809,0.024135426019507134,0.13714388933932284,0.04120629667492194,0.1282520236695552,0.030801848461117182,0.39407763453747807,0.018347522578721683,0.010268511625688698,0.11188341525240775,0.03922945612231897,0.015812650811852475,12,2,0.10416666666666667,0.25,0.125,0.020833333333333332,0.041666666666666664,0.2708333333333333,0.1875
972,38,Masculino,Casado,4,Vila Velha,ES,Médico,Pós-graduação,10773.86,0.0,69.13,475,876.83,2302.87,Raramente,1.05,10.4,1,0,0,Em risco,43373.74,103921.44,59,1008.6916279069767,4279.9,31.9,60547.700000000004,10773.86,4.025831039200435,7080.67,9197.24,6301.2699999999995,0.0,0.0,3753.12,15365.4,0.0,961.98,36.32,278.33,399.41,1.0,0.1632478545774471,0.21204627500418458,0.14527845650386617,0.0,0.0,0.0865297758505492,0.3542558239155766,0.0,0.02217885752992479,0.00083737302801188,0.006417016379034872,0.009208567211404874,20,3,0.06779661016949153,0.3559322033898305,0.06779661016949153,0.05084745762711865,0.06779661016949153,0.1694915254237288,0.22033898305084745
973,32,Masculino,União Estável,0,São Paulo,SP,Contador,Superior,7238.59,0.0,27.8,526,2737.6,8445.25,Nunca,3.84,12.3,0,0,1,Em observação,24412.68,21510.350000000002,27,1061.4208695652173,5141.65,15.37,-2902.329999999998,7238.59,3.3725739405049877,2302.32,4608.26,2833.18,2778.63,0.0,2896.7,6922.679999999999,311.79,345.62,0.0,1251.52,161.98000000000002,1.0,0.09430836761879482,0.18876501883447455,0.11605362459181048,0.11381913005864167,0.0,0.11865555113162503,0.28356903052020505,0.012771641622304476,0.01415739689374538,0.0,0.05126516220259308,0.006635076525805443,6,0,0.07407407407407407,0.2962962962962963,0.1111111111111111,0.14814814814814814,0.07407407407407407,0.18518518518518517,0.1111111111111111
974,20,Feminino,Casado,0,Recife,PE,Técnico em Informática,Médio,4050.72,0.0,25.23,903,5897.58,10950.07,Frequentemente,24.74,0.5,0,0,0,Saudável,27939.11,20928.57,35,963.4175862068965,4619.93,17.43,-7010.540000000001,4050.72,6.8973194888809894,3552.8,3790.7,0.0,0.0,4619.93,1665.09,6294.58,726.82,0.0,4932.6,1292.81,1063.78,1.0,0.12716224675732335,0.13567719229424272,0.0,0.0,0.16535709262034476,0.05959710241306899,0.22529636770820544,0.02601442923557694,0.0,0.17654821502903995,0.046272411683836744,0.038074942258361125,9,1,0.08571428571428572,0.17142857142857143,0.14285714285714285,0.0,0.11428571428571428,0.34285714285714286,0.14285714285714285
975,29,Masculino,Viúvo,1,Guarulhos,SP,Motoboy,Fundamental,3123.38,388.3,0.0,869,7000.91,4504.22,Frequentemente,10.0,4.3,0,0,0,Saudável,65770.33,32166.309999999998,58,1399.3687234042554,5908.6,14.76,-33604.020000000004,3123.38,21.057421767444243,4086.71,3291.1000000000004,3517.7,12291.789999999999,7985.76,2997.77,25315.690000000002,2034.2099999999998,481.71,1416.3600000000001,1317.44,1034.09,1.0,0.062136072602950294,0.050039280630034856,0.053484603163767,0.18688958988042176,0.12141888295223698,0.04557936686648828,0.3849104907942533,0.03092899184176208,0.007324123202666004,0.021534938322492835,0.020030916676258125,0.01572274306666851,15,0,0.15517241379310345,0.22413793103448276,0.1724137931034483,0.0,0.034482758620689655,0.22413793103448276,0.1896551724137931
976,38,Masculino,Solteiro,2,Belém,PA,Médico,Pós-graduação,28523.69,5249.34,0.0,776,72535.38,66234.79,Frequentemente,24.31,17.2,0,1,1,Saudável,50821.08,161281.27,49,1303.1046153846155,5683.41,21.04,110460.18999999999,28523.69,1.7817147781370504,2952.1,2410.75,2145.21,8412.46,9971.55,1137.18,18845.64,0.0,0.0,1925.99,1869.93,1150.27,1.0,0.05808810044965593,0.04743602457877715,0.04221102739257017,0.16553091748542137,0.19620893534730074,0.022376147850458904,0.37082328828903277,0.0,0.0,0.03789746302125024,0.036794377451246606,0.022633718134286007,13,1,0.14285714285714285,0.20408163265306123,0.10204081632653061,0.0,0.08163265306122448,0.2857142857142857,0.1836734693877551
977,56,Feminino,Solteiro,2,Belo Horizonte,MG,Cabeleireiro,Médio,2831.28,0.0,25.0,617,284.91,2295.16,Às vezes,4.45,27.2,0,0,0,Em observação,27041.16,45418.43,41,845.03625,5941.86,17.31,18377.27,2831.28,9.550860388234296,2960.62,5326.25,4373.93,0.0,1015.74,1077.51,8653.88,0.0,0.0,1523.3600000000001,823.6800000000001,1286.19,1.0,0.10948568774416481,0.19696825136199778,0.16175082725741058,0.0,0.03756273769320547,0.03984703318940459,0.32002621189327674,0.0,0.0,0.05633486137429016,0.03046023173562081,0.04756415775062904,10,2,0.14634146341463414,0.36585365853658536,0.07317073170731707,0.0,0.04878048780487805,0.14634146341463414,0.21951219512195122
978,37,Masculino,Viúvo,1,Maringá,PR,Corretor de Imóveis,Médio,10603.64,0.0,24.5,830,25123.36,24386.7,Frequentemente,17.03,5.4,0,0,1,Saudável,28918.489999999998,100310.83,59,657.238409090909,3073.3,26.79,71392.34,10603.64,2.72722291590435,3989.37,3541.2,5051.15,0.0,4940.870000000001,3337.33,4666.32,818.94,236.07,137.07,0.0,2200.17,1.0,0.13795222364653204,0.12245452649844442,0.1746685252238274,0.0,0.17085504810244245,0.11540471165679814,0.1613611222439346,0.02831890600097032,0.008163289300374951,0.004739874039066355,0.0,0.07608177328760943,10,0,0.03389830508474576,0.1016949152542373,0.22033898305084745,0.03389830508474576,0.05084745762711865,0.3389830508474576,0.22033898305084745
979,48,Masculino,Solteiro,1,Guarulhos,SP,Cabeleireiro,Médio,4150.05,0.0,49.81,697,1862.07,2598.4,Às vezes,4.35,20.3,0,1,1,Em observação,15111.07,26934.16,30,657.0030434782609,4335.19,36.09,11823.09,4150.05,3.641177817134733,1449.48,2603.4300000000003,2324.56,0.0,0.0,1622.47,4335.19,0.0,339.95,1458.45,466.46000000000004,511.08000000000004,1.0,0.09592173155176967,0.17228627754354922,0.15383159498301577,0.0,0.0,0.10736963034384726,0.2868883540344926,0.0,0.022496752380870448,0.09651533610789971,0.030868760451774762,0.03382156260278062,7,1,0.1,0.16666666666666666,0.2,0.0,0.03333333333333333,0.26666666666666666,0.23333333333333334
980,19,Feminino,Divorciado,0,Belo Horizonte,MG,Jornalista,Pós-graduação,5962.78,0.0,33.35,591,1223.27,8195.52,Frequentemente,5.95,1.0,0,0,1,Em observação,25449.72,25694.190000000002,27,1211.8914285714286,4955.76,35.5,244.47000000000116,5962.78,4.268096424821979,594.11,2166.66,3372.26,3991.7,0.0,0.0,8982.43,0.0,0.0,4926.63,50.93,1365.0,1.0,0.023344461157136502,0.08513492486361342,0.13250676235337758,0.15684651933302213,0.0,0.0,0.352948087444577,0.0,0.0,0.19358287635384594,0.0020012007990657657,0.053635167695361675,8,2,0.14814814814814814,0.25925925925925924,0.18518518518518517,0.037037037037037035,0.037037037037037035,0.14814814814814814,0.18518518518518517
981,30,Feminino,Casado,0,Natal,RN,Advogado,Fundamental,20271.96,0.0,4.64,801,55231.27,34144.96,Sempre,10.0,2.9,0,1,1,Saudável,55081.24,118057.73,47,1530.0344444444445,5751.96,49.31,62976.49,20271.96,2.717114674654054,1545.95,7486.22,6852.13,4230.61,10101.23,1151.73,20814.5,429.51,510.5,0.0,782.98,1175.88,1.0,0.02806672471425843,0.13591233603310313,0.12440043107235786,0.076806731293631,0.18338784675145295,0.020909659985868148,0.37788728067850325,0.007797754734642866,0.009268128313741667,0.0,0.014215003148077276,0.02134810327436347,10,1,0.06382978723404255,0.1702127659574468,0.19148936170212766,0.02127659574468085,0.06382978723404255,0.2765957446808511,0.2127659574468085
982,45,Feminino,Divorciado,0,Santos,SP,Técnico em Informática,Pós-graduação,3707.24,0.0,90.73,375,724.59,1541.16,Raramente,1.89,17.6,1,0,1,Em risco,21099.2,18555.12,28,1004.7238095238096,4989.88,31.07,-2544.0800000000017,3707.24,5.691349899116324,2562.85,4539.15,1044.35,0.0,0.0,3583.03,4989.88,417.03,0.0,3402.0699999999997,78.46,482.38,1.0,0.12146669068021536,0.21513374914688707,0.04949713733222112,0.0,0.0,0.16981828694926823,0.23649617047091834,0.01976520436793812,0.0,0.16124165845150526,0.0037186244028209595,0.022862478198225525,6,4,0.21428571428571427,0.25,0.10714285714285714,0.0,0.03571428571428571,0.21428571428571427,0.17857142857142858
983,47,Masculino,Solteiro,1,Londrina,PR,Corretor de Imóveis,Médio,8639.61,0.0,17.06,700,11819.1,13177.14,Frequentemente,18.92,27.6,1,1,1,Saudável,32092.8,45956.95,42,891.4666666666667,4943.87,31.05,13864.149999999998,8639.61,3.7146121179080995,3902.97,3124.02,8401.76,531.75,7427.900000000001,1610.31,3603.01,514.74,0.0,1739.5,314.69,922.15,1.0,0.12161512862698175,0.0973433293448998,0.26179579220261245,0.01656913700269219,0.23145066806261844,0.05017667514208794,0.11226848389669958,0.016039111576428358,0.0,0.054202188652906574,0.009805626184066208,0.02873385930800678,11,2,0.09523809523809523,0.19047619047619047,0.11904761904761904,0.09523809523809523,0.047619047619047616,0.35714285714285715,0.09523809523809523
984,64,Masculino,Solteiro,0,Uberlândia,MG,Médico,Pós-graduação,34653.79,0.0,16.24,811,32048.37,43410.02,Sempre,19.67,32.3,0,0,1,Saudável,31475.579999999998,153340.05,30,1430.7081818181816,5746.83,20.54,121864.46999999999,34653.79,0.9082867992216723,3111.15,0.0,1075.82,2059.85,10631.27,2508.68,9034.27,0.0,177.11,1402.11,1278.1,197.22,1.0,0.09884329375344315,0.0,0.03417951313367379,0.06544279724154409,0.33776248126325237,0.07970242327544083,0.2870247347308612,0.0,0.005626901871228426,0.04454596229839133,0.04060608255669951,0.0062658098754653615,5,0,0.06666666666666667,0.1,0.06666666666666667,0.03333333333333333,0.1,0.36666666666666664,0.26666666666666666
985,18,Masculino,Casado,1,Fortaleza,CE,Funcionário Público,Pós-graduação,9822.33,0.0,35.54,628,1775.68,7393.35,Raramente,6.93,0.0,1,1,1,Em observação,31640.33,90124.68,55,753.3411904761905,3909.42,8.15,58484.34999999999,9822.33,3.2212652191486137,2523.27,4571.04,1790.74,0.0,0.0,3264.6400000000003,10431.02,594.61,389.35,4526.139999999999,1408.99,2140.5299999999997,1.0,0.07974853612462322,0.14446878398550203,0.05659675483789202,0.0,0.0,0.10317970767055844,0.32967481691878686,0.01879278755942179,0.0123054974458231,0.1430497090264229,0.04453145716242529,0.06765194926854427,13,1,0.09090909090909091,0.23636363636363636,0.14545454545454545,0.07272727272727272,0.05454545454545454,0.18181818181818182,0.21818181818181817
986,26,Feminino,Casado,3,Pelotas,RS,Motorista,Médio,2970.53,0.0,40.85,580,535.16,2236.78,Às vezes,4.1,4.2,1,0,0,Em observação,24371.6,23659.38,46,658.6918918918918,3190.01,28.78,-712.2199999999975,2970.53,8.204461830043796,4393.16,5180.02,1126.18,3190.01,3260.7200000000003,484.22,345.78,915.27,378.33,2323.81,867.56,1906.54,1.0,0.18025734871735954,0.21254328808941558,0.04620870193175664,0.1308904626696647,0.1337917904446159,0.019868207257627734,0.01418782517356267,0.03755477687144053,0.015523396083966584,0.09534909484810189,0.03559717047711271,0.07822793743537561,6,2,0.08695652173913043,0.2826086956521739,0.13043478260869565,0.06521739130434782,0.043478260869565216,0.1956521739130435,0.1956521739130435
987,53,Feminino,Casado,1,Recife,PE,Aposentado,Médio,3759.11,0.0,34.62,587,2214.94,4734.35,Raramente,5.66,31.2,0,0,1,Em observação,46281.96,41942.69,59,925.6392,5655.28,10.93,-4339.269999999997,3759.11,12.311946178749757,5498.79,5635.96,7776.2300000000005,2569.66,0.0,4510.96,17048.22,10.93,256.67,189.48,1387.6200000000001,1397.44,1.0,0.11881065538278845,0.12177444516178658,0.1680185973109177,0.05552184911788524,0.0,0.09746691799569422,0.36835561847423925,0.00023616113060034622,0.005545789331307491,0.0040940357754943825,0.029981876307744966,0.030194054011541432,12,2,0.06779661016949153,0.2711864406779661,0.1694915254237288,0.0,0.1016949152542373,0.2542372881355932,0.13559322033898305
988,33,Feminino,Casado,3,Natal,RN,Enfermeiro,Superior,5892.7,0.0,46.71,596,2144.7,6866.06,Às vezes,1.0,3.8,0,1,0,Em observação,24460.03,16000.470000000001,22,1358.8905555555555,4961.79,38.68,-8459.559999999998,5892.7,4.150903660461249,2251.63,574.41,0.0,4036.72,0.0,1746.14,12557.380000000001,0.0,0.0,2333.38,815.22,145.15,1.0,0.09205344392463952,0.0234836179677621,0.0,0.16503332170892676,0.0,0.07138748398918562,0.5133836712383428,0.0,0.0,0.09539563115826105,0.03332865904089243,0.005934170971989814,6,1,0.09090909090909091,0.09090909090909091,0.13636363636363635,0.0,0.13636363636363635,0.4090909090909091,0.13636363636363635
989,40,Masculino,Casado,2,Teresina,PI,Pedreiro,Fundamental,2971.54,908.67,7.04,804,2274.91,6806.08,Sempre,13.75,17.0,0,0,0,Saudável,21605.76,31925.44,31,939.3808695652173,3602.13,8.92,10319.68,2971.54,7.270896572147775,2823.45,0.0,6266.28,0.0,3300.37,1160.76,3602.13,430.15,0.0,2385.9,342.51,1294.21,1.0,0.13068042966320093,0.0,0.2900282146983027,0.0,0.1527541729612844,0.053724562338931844,0.16672081889273974,0.019909042773778845,0.0,0.11042888563049855,0.01585271705323025,0.05990115598803283,6,0,0.06451612903225806,0.06451612903225806,0.12903225806451613,0.0,0.0,0.4838709677419355,0.25806451612903225
990,70,Masculino,Casado,2,Recife,PE,Recepcionista,Médio,1694.43,0.0,63.6,494,298.21,1302.58,Nunca,1.14,7.4,1,0,0,Em risco,53645.15,21034.78,56,1117.6072916666667,5377.44,61.77,-32610.370000000003,1694.43,31.659702672875245,3928.61,8392.949999999999,1026.8,3465.2,0.0,3298.5,28042.36,606.39,0.0,1070.35,1915.46,1898.53,1.0,0.07323327458307041,0.15645309967443466,0.019140593324839243,0.06459484221779602,0.0,0.06148738515970223,0.5227380294397537,0.011303724567831387,0.0,0.01995240949088594,0.03570611695558685,0.03539052458609958,13,0,0.08928571428571429,0.23214285714285715,0.19642857142857142,0.017857142857142856,0.125,0.23214285714285715,0.10714285714285714
991,41,Masculino,Casado,4,Londrina,PR,Funcionário Público,Superior,6116.57,0.0,55.0,450,449.72,4586.75,Nunca,1.34,1.3,1,0,0,Em risco,35019.5,43023.98,42,1094.359375,5899.64,10.02,8004.480000000003,6116.57,5.72534933794594,3459.45,4005.6800000000003,1290.73,4371.540000000001,0.0,1420.2,16954.6,0.0,0.0,1750.25,526.85,1240.2,1.0,0.09878639043961221,0.11438427162009739,0.03685746512657234,0.1248315938262968,0.0,0.04055454818029955,0.4841474035894287,0.0,0.0,0.04997929724867574,0.015044475220948329,0.035414554748068934,12,0,0.14285714285714285,0.2619047619047619,0.11904761904761904,0.023809523809523808,0.09523809523809523,0.14285714285714285,0.21428571428571427
992,29,Feminino,Casado,4,Belo Horizonte,MG,Jornalista,Superior,6208.09,0.0,28.43,648,922.84,8085.75,Às vezes,12.0,10.8,0,0,0,Em observação,49926.32,58411.520000000004,54,1217.7151219512195,5961.96,67.68,8485.200000000004,6208.09,8.042138564357153,1496.3400000000001,4814.37,4879.33,0.0,2736.5,455.26,28205.45,994.93,0.0,4217.54,1474.78,651.82,1.0,0.029970965214339854,0.09642949850900287,0.09773061583549518,0.0,0.054810769149418584,0.00911863722381301,0.564941497791145,0.019927965850477264,0.0,0.08447528277669974,0.029539128860288522,0.013055638789319942,18,1,0.1111111111111111,0.16666666666666666,0.07407407407407407,0.05555555555555555,0.05555555555555555,0.3148148148148148,0.2222222222222222
993,26,Feminino,Divorciado,0,São Luís,MA,Recepcionista,Superior,2510.7,0.0,13.35,841,4274.63,4865.22,Às vezes,18.54,2.9,0,0,0,Saudável,21117.48,21416.86,25,1111.4463157894736,4527.49,16.87,299.380000000001,2510.7,8.41099295017326,1858.76,3796.3100000000004,0.0,3775.21,4527.49,947.9,4767.31,343.32,0.0,0.0,190.64999999999998,910.53,1.0,0.08801997208000197,0.17977097646120657,0.0,0.17877180421148736,0.21439537293275523,0.0448869846212711,0.22575184160231243,0.01625762164803755,0.0,0.0,0.009028065848766045,0.043117360594161803,6,1,0.08,0.24,0.04,0.04,0.04,0.32,0.24
994,18,Masculino,Solteiro,0,Vitória,ES,Gerente Comercial,Superior,9740.57,395.94,47.79,632,1952.51,6115.81,Frequentemente,8.88,0.0,0,0,1,Em observação,17448.3,54386.42,42,528.7363636363636,2842.56,16.46,36938.119999999995,9740.57,1.7913017410685412,4139.74,2413.91,2842.56,0.0,147.26,4280.31,528.59,499.09,0.0,519.5,418.37,1658.9699999999998,1.0,0.23725749786512154,0.13834642916501894,0.16291329241244132,0.0,0.008439790695941725,0.24531387011915204,0.030294641884882772,0.02860393276135784,0.0,0.029773674226142376,0.023977694102004208,0.09507917676793727,8,1,0.09523809523809523,0.2619047619047619,0.09523809523809523,0.023809523809523808,0.047619047619047616,0.2857142857142857,0.19047619047619047
995,33,Feminino,Solteiro,1,Anápolis,GO,Advogado,Pós-graduação,12834.29,998.12,40.05,582,6623.34,11625.37,Às vezes,4.71,6.8,1,0,0,Em observação,30838.73,49775.51,46,790.7366666666667,2614.92,15.48,18936.780000000002,12834.29,2.4028388013672743,3226.9700000000003,5621.7,1557.27,478.6,498.12,2528.63,10768.37,1620.71,457.14,1602.28,1577.83,901.11,1.0,0.10464017162833879,0.18229349911620873,0.05049721567652105,0.015519445839695735,0.01615241613386803,0.08199527023324242,0.3491833159147605,0.05255436913258101,0.01482356763718869,0.05195674400340092,0.05116390979784187,0.029220074886352324,8,1,0.08695652173913043,0.1956521739130435,0.2826086956521739,0.021739130434782608,0.021739130434782608,0.2608695652173913,0.13043478260869565
996,44,Outro,Casado,1,Feira de Santana,BA,Jornalista,Superior,7730.75,0.0,12.92,1000,19503.13,20815.91,Frequentemente,25.11,17.3,0,1,1,Saudável,27456.93,46509.84,28,1248.0422727272728,5119.03,13.28,19052.909999999996,7730.75,3.551651521521198,883.38,1436.85,664.62,8475.72,6392.68,2041.43,5571.969999999999,356.73,219.7,300.46,528.11,585.28,1.0,0.032173298325777866,0.052331050849457675,0.02420591085747751,0.3086914669629853,0.2328257383472952,0.07435026421380686,0.20293492389717274,0.01299234837980794,0.008001622905401296,0.010942956841861052,0.01923412413550969,0.02131629428344684,5,0,0.07142857142857142,0.03571428571428571,0.17857142857142858,0.03571428571428571,0.10714285714285714,0.35714285714285715,0.21428571428571427
997,53,Feminino,Casado,0,Juiz de Fora,MG,Farmacêutico,Superior,3340.61,0.0,74.44,411,123.25,2827.48,Nunca,0.48,14.3,1,1,0,Em risco,21732.579999999998,8720.8,20,1358.2862499999999,5499.37,78.91,-13011.779999999999,3340.61,6.5055723355914035,470.78,5428.200000000001,1229.5,0.0,0.0,0.0,12696.73,800.78,0.0,241.89,864.7,0.0,1.0,0.02166240731657263,0.24977246143808057,0.05657404689180944,0.0,0.0,0.0,0.584225618863476,0.03684698273283706,0.0,0.011130293780121826,0.03978818897710259,0.0,5,2,0.05,0.3,0.1,0.05,0.05,0.25,0.2
998,18,Masculino,União Estável,0,Porto Alegre,RS,Jornalista,Superior,5879.45,1186.77,8.34,962,10893.93,7275.52,Sempre,32.0,0.0,0,0,0,Saudável,64073.75,71866.06,59,1423.861111111111,5769.31,22.74,7792.309999999998,5879.45,10.897915621359141,6335.8,3054.13,5332.8099999999995,3416.05,12958.33,659.0,29090.16,495.63,0.0,769.26,1429.68,532.9,1.0,0.0988829278760803,0.04766585380128368,0.08322924754677227,0.0533143447979867,0.20224085526444135,0.010285023117891492,0.45401057375290194,0.007735305019606313,0.0,0.012005852630757525,0.02231303771045085,0.00831697848182758,17,0,0.11864406779661017,0.0847457627118644,0.1694915254237288,0.0,0.11864406779661017,0.288135593220339,0.22033898305084745
999,31,Masculino,Solteiro,1,Vila Velha,ES,Médico,Pós-graduação,19053.21,0.0,78.04,363,1863.33,15783.33,Nunca,1.09,6.7,0,1,1,Em risco,52235.39,150000.49,59,1187.1679545454544,5527.96,44.76,97765.09999999999,19053.21,2.7415532605791886,2778.52,8636.68,2140.16,4329.72,249.87,287.73,26323.69,207.34,333.93,5530.12,733.23,684.4,1.0,0.053192289748387064,0.16534154334829318,0.04097145632491688,0.08288863163460636,0.004783538516702948,0.0055083344835752165,0.5039435907341746,0.003969339560784365,0.006392792319536621,0.10586922008240007,0.01403703504463162,0.013102228201991025,20,4,0.11864406779661017,0.3728813559322034,0.0847457627118644,0.05084745762711865,0.03389830508474576,0.15254237288135594,0.1864406779661017
1000,34,Feminino,Casado,0,Teresina,PI,Veterinário,Superior,8256.73,0.0,46.63,642,4389.78,5146.63,Raramente,7.0,7.1,0,0,0,Em observação,20148.7,31007.61,26,959.4619047619047,3965.93,66.62,10858.91,8256.73,2.4402759930384064,2704.45,1257.18,0.0,3235.67,0.0,1655.48,8689.24,204.51,0.0,710.81,0.0,1691.3600000000001,1.0,0.13422454054107708,0.06239509248735651,0.0,0.16058951694153964,0.0,0.08216311722344369,0.43125561450614674,0.010150034493540525,0.0,0.03527820653441661,0.0,0.08394387727247912,5,0,0.15384615384615385,0.2692307692307692,0.038461538461538464,0.038461538461538464,0.038461538461538464,0.2692307692307692,0.19230769230769232
